DATE;SOURCE_ID;DESCRIPTION;NET_CREDIT_AMOUNT;NET_DEBIT_AMOUNT;GROSS_AMOUNT;MP_FEE_AMOUNT;TAXES_AMOUNT;PAYMENT_METHOD;TRANSACTION_APPROVAL_DATE;BUSINESS_UNIT;SUB_UNIT;BALANCE_AMOUNT;PAYMENT_METHOD_TYPE;PURCHASE_ID
2026-05-01T12:58:24.000-03:00;156491956503;reserve_for_payout;0.00;100000.00;-100000.00;0.00;0.00;available_money;2026-05-01T12:58:24.000-03:00;;;2363349.92;;
2026-05-01T12:58:26.000-03:00;156491956503;reserve_for_payout;100000.00;0.00;100000.00;0.00;0.00;available_money;2026-05-01T12:58:26.000-03:00;;;2463349.92;;
2026-05-01T12:58:26.000-03:00;156491956503;payout;0.00;100000.00;-100000.00;0.00;0.00;available_money;2026-05-01T12:58:26.000-03:00;;;2363349.92;;
2026-05-01T13:07:26.000-03:00;157258086974;payment;21868.00;0.00;22000.00;0.00;-132.00;available_money;2026-05-01T13:07:26.000-03:00;;;2385217.92;account_money;
2026-05-01T21:46:46.000-03:00;156559927639;payment;131208.00;0.00;132000.00;0.00;-792.00;available_money;2026-05-01T21:46:46.000-03:00;;;2516425.92;account_money;
2026-05-02T08:13:32.000-03:00;157353680230;payment;89460.00;0.00;90000.00;0.00;-540.00;available_money;2026-05-02T08:13:32.000-03:00;;;2605885.92;account_money;
2026-05-02T08:30:31.000-03:00;156589765047;payment;6461.00;0.00;6500.00;0.00;-39.00;available_money;2026-05-02T08:30:31.000-03:00;;;2612346.92;account_money;
2026-05-02T08:36:44.000-03:00;156590061189;payment;12922.00;0.00;13000.00;0.00;-78.00;available_money;2026-05-02T08:36:44.000-03:00;;;2625268.92;account_money;
2026-05-02T08:44:02.000-03:00;157355410732;payment;3479.00;0.00;3500.00;0.00;-21.00;available_money;2026-05-02T08:44:02.000-03:00;;;2628747.92;account_money;
2026-05-02T08:55:44.000-03:00;157356105566;payment;12922.00;0.00;13000.00;0.00;-78.00;available_money;2026-05-02T08:55:44.000-03:00;;;2641669.92;account_money;
2026-05-02T09:02:55.000-03:00;157356649762;payment;6461.00;0.00;6500.00;0.00;-39.00;cvu;2026-05-02T09:02:55.000-03:00;;;2648130.92;bank_transfer;
2026-05-02T09:03:42.000-03:00;156591825741;payment;12922.00;0.00;13000.00;0.00;-78.00;available_money;2026-05-02T09:03:42.000-03:00;;;2661052.92;account_money;
2026-05-02T09:06:14.000-03:00;156591996081;payment;12922.00;0.00;13000.00;0.00;-78.00;available_money;2026-05-02T09:06:14.000-03:00;;;2673974.92;account_money;
2026-05-02T09:09:27.000-03:00;156592423177;payment;6461.00;0.00;6500.00;0.00;-39.00;available_money;2026-05-02T09:09:27.000-03:00;;;2680435.92;account_money;
2026-05-02T09:09:39.000-03:00;157357177298;payment;6461.00;0.00;6500.00;0.00;-39.00;available_money;2026-05-02T09:09:39.000-03:00;;;2686896.92;account_money;
2026-05-02T09:10:21.000-03:00;157357258774;payment;6461.00;0.00;6500.00;0.00;-39.00;available_money;2026-05-02T09:10:21.000-03:00;;;2693357.92;account_money;
2026-05-02T09:10:31.000-03:00;156592499147;payment;29820.00;0.00;30000.00;0.00;-180.00;available_money;2026-05-02T09:10:31.000-03:00;;;2723177.92;account_money;
2026-05-02T09:12:45.000-03:00;156592686995;payment;12922.00;0.00;13000.00;0.00;-78.00;debin_transfer;2026-05-02T09:12:45.000-03:00;;;2736099.92;bank_transfer;
2026-05-02T09:13:01.000-03:00;157357494144;payment;6461.00;0.00;6500.00;0.00;-39.00;available_money;2026-05-02T09:13:01.000-03:00;;;2742560.92;account_money;
2026-05-02T09:15:12.000-03:00;157357660574;payment;6461.00;0.00;6500.00;0.00;-39.00;cvu;2026-05-02T09:15:12.000-03:00;;;2749021.92;bank_transfer;
2026-05-02T09:15:21.000-03:00;157357567618;payment;6461.00;0.00;6500.00;0.00;-39.00;available_money;2026-05-02T09:15:21.000-03:00;;;2755482.92;account_money;
2026-05-02T09:17:17.000-03:00;156593086281;payment;6461.00;0.00;6500.00;0.00;-39.00;available_money;2026-05-02T09:17:17.000-03:00;;;2761943.92;account_money;
2026-05-02T09:17:27.000-03:00;156593106115;payment;5964.00;0.00;6000.00;0.00;-36.00;available_money;2026-05-02T09:17:27.000-03:00;;;2767907.92;account_money;
2026-05-02T09:17:30.000-03:00;156592989831;payment;12922.00;0.00;13000.00;0.00;-78.00;available_money;2026-05-02T09:17:30.000-03:00;;;2780829.92;account_money;
2026-05-02T09:19:51.000-03:00;157358154348;payment;12922.00;0.00;13000.00;0.00;-78.00;cvu;2026-05-02T09:19:51.000-03:00;;;2793751.92;bank_transfer;
2026-05-02T09:23:15.000-03:00;157358401154;payment;12922.00;0.00;13000.00;0.00;-78.00;available_money;2026-05-02T09:23:15.000-03:00;;;2806673.92;account_money;
2026-05-02T09:24:17.000-03:00;156593676157;payment;6461.00;0.00;6500.00;0.00;-39.00;available_money;2026-05-02T09:24:17.000-03:00;;;2813134.92;account_money;
2026-05-02T09:25:48.000-03:00;156593772939;payment;6461.00;0.00;6500.00;0.00;-39.00;master;2026-05-02T09:25:48.000-03:00;;;2819595.92;credit_card;
2026-05-02T09:27:24.000-03:00;156593943259;payment;12922.00;0.00;13000.00;0.00;-78.00;available_money;2026-05-02T09:27:24.000-03:00;;;2832517.92;account_money;
2026-05-02T09:30:45.000-03:00;157359047910;payment;19383.00;0.00;19500.00;0.00;-117.00;available_money;2026-05-02T09:30:45.000-03:00;;;2851900.92;account_money;
2026-05-02T09:31:12.000-03:00;157359176398;payment;12922.00;0.00;13000.00;0.00;-78.00;cvu;2026-05-02T09:31:12.000-03:00;;;2864822.92;bank_transfer;
2026-05-02T09:32:21.000-03:00;157359213512;payment;6461.00;0.00;6500.00;0.00;-39.00;cvu;2026-05-02T09:32:21.000-03:00;;;2871283.92;bank_transfer;
2026-05-02T09:43:21.000-03:00;156595431525;payment;12922.00;0.00;13000.00;0.00;-78.00;available_money;2026-05-02T09:43:21.000-03:00;;;2884205.92;account_money;
2026-05-02T09:45:01.000-03:00;157360508910;payment;6461.00;0.00;6500.00;0.00;-39.00;available_money;2026-05-02T09:45:01.000-03:00;;;2890666.92;account_money;
2026-05-02T09:45:26.000-03:00;156595776635;payment;12922.00;0.00;13000.00;0.00;-78.00;available_money;2026-05-02T09:45:26.000-03:00;;;2903588.92;account_money;
2026-05-02T09:45:47.000-03:00;157360535474;payment;6461.00;0.00;6500.00;0.00;-39.00;available_money;2026-05-02T09:45:47.000-03:00;;;2910049.92;account_money;
2026-05-02T09:46:08.000-03:00;156595797463;payment;6461.00;0.00;6500.00;0.00;-39.00;available_money;2026-05-02T09:46:08.000-03:00;;;2916510.92;account_money;
2026-05-02T09:46:53.000-03:00;157360641266;payment;6461.00;0.00;6500.00;0.00;-39.00;available_money;2026-05-02T09:46:53.000-03:00;;;2922971.92;account_money;
2026-05-02T09:47:45.000-03:00;157360733188;payment;6461.00;0.00;6500.00;0.00;-39.00;available_money;2026-05-02T09:47:45.000-03:00;;;2929432.92;account_money;
2026-05-02T09:47:56.000-03:00;157360703810;payment;12922.00;0.00;13000.00;0.00;-78.00;available_money;2026-05-02T09:47:56.000-03:00;;;2942354.92;account_money;
2026-05-02T09:48:31.000-03:00;156596118385;payment;35784.00;0.00;36000.00;0.00;-216.00;available_money;2026-05-02T09:48:31.000-03:00;;;2978138.92;account_money;
2026-05-02T09:49:40.000-03:00;157360876054;payment;12922.00;0.00;13000.00;0.00;-78.00;debin_transfer;2026-05-02T09:49:40.000-03:00;;;2991060.92;bank_transfer;
2026-05-02T09:52:16.000-03:00;156596421417;payment;12922.00;0.00;13000.00;0.00;-78.00;available_money;2026-05-02T09:52:16.000-03:00;;;3003982.92;account_money;
2026-05-02T09:54:13.000-03:00;157361465530;payment;12922.00;0.00;13000.00;0.00;-78.00;available_money;2026-05-02T09:54:13.000-03:00;;;3016904.92;account_money;
2026-05-02T09:56:50.000-03:00;157361824874;payment;12922.00;0.00;13000.00;0.00;-78.00;available_money;2026-05-02T09:56:50.000-03:00;;;3029826.92;account_money;
2026-05-02T09:58:26.000-03:00;157361909980;payment;6461.00;0.00;6500.00;0.00;-39.00;available_money;2026-05-02T09:58:26.000-03:00;;;3036287.92;account_money;
2026-05-02T10:02:20.000-03:00;157362315844;payment;12922.00;0.00;13000.00;0.00;-78.00;available_money;2026-05-02T10:02:20.000-03:00;;;3049209.92;account_money;
2026-05-02T10:03:19.000-03:00;157362419586;payment;6461.00;0.00;6500.00;0.00;-39.00;available_money;2026-05-02T10:03:19.000-03:00;;;3055670.92;account_money;
2026-05-02T10:04:52.000-03:00;156597898425;payment;19383.00;0.00;19500.00;0.00;-117.00;available_money;2026-05-02T10:04:52.000-03:00;;;3075053.92;account_money;
2026-05-02T10:06:01.000-03:00;157362806216;payment;12922.00;0.00;13000.00;0.00;-78.00;available_money;2026-05-02T10:06:01.000-03:00;;;3087975.92;account_money;
2026-05-02T10:12:20.000-03:00;157363561716;payment;12922.00;0.00;13000.00;0.00;-78.00;available_money;2026-05-02T10:12:20.000-03:00;;;3100897.92;account_money;
2026-05-02T10:13:37.000-03:00;157363796756;payment;17892.00;0.00;18000.00;0.00;-108.00;available_money;2026-05-02T10:13:37.000-03:00;;;3118789.92;account_money;
2026-05-02T10:14:39.000-03:00;156598903479;payment;5964.00;0.00;6000.00;0.00;-36.00;available_money;2026-05-02T10:14:39.000-03:00;;;3124753.92;account_money;
2026-05-02T10:15:26.000-03:00;156599021433;payment;6461.00;0.00;6500.00;0.00;-39.00;available_money;2026-05-02T10:15:26.000-03:00;;;3131214.92;account_money;
2026-05-02T10:17:33.000-03:00;157364237182;payment;5964.00;0.00;6000.00;0.00;-36.00;available_money;2026-05-02T10:17:33.000-03:00;;;3137178.92;account_money;
2026-05-02T10:17:35.000-03:00;157364260884;payment;5964.00;0.00;6000.00;0.00;-36.00;available_money;2026-05-02T10:17:35.000-03:00;;;3143142.92;account_money;
2026-05-02T10:19:49.000-03:00;157364429902;payment;5964.00;0.00;6000.00;0.00;-36.00;available_money;2026-05-02T10:19:49.000-03:00;;;3149106.92;account_money;
2026-05-02T10:21:28.000-03:00;157364625676;payment;6461.00;0.00;6500.00;0.00;-39.00;available_money;2026-05-02T10:21:28.000-03:00;;;3155567.92;account_money;
2026-05-02T10:21:54.000-03:00;157364691356;payment;6461.00;0.00;6500.00;0.00;-39.00;available_money;2026-05-02T10:21:54.000-03:00;;;3162028.92;account_money;
2026-05-02T10:22:04.000-03:00;157364782298;payment;5964.00;0.00;6000.00;0.00;-36.00;available_money;2026-05-02T10:22:04.000-03:00;;;3167992.92;account_money;
2026-05-02T10:23:48.000-03:00;156600171009;payment;5964.00;0.00;6000.00;0.00;-36.00;available_money;2026-05-02T10:23:48.000-03:00;;;3173956.92;account_money;
2026-05-02T10:25:10.000-03:00;157365176916;payment;5964.00;0.00;6000.00;0.00;-36.00;available_money;2026-05-02T10:25:10.000-03:00;;;3179920.92;account_money;
2026-05-02T10:25:57.000-03:00;156600430791;payment;5964.00;0.00;6000.00;0.00;-36.00;available_money;2026-05-02T10:25:57.000-03:00;;;3185884.92;account_money;
2026-05-02T10:27:25.000-03:00;156600531965;payment;5964.00;0.00;6000.00;0.00;-36.00;available_money;2026-05-02T10:27:25.000-03:00;;;3191848.92;account_money;
2026-05-02T10:28:38.000-03:00;157365782264;payment;17892.00;0.00;18000.00;0.00;-108.00;cvu;2026-05-02T10:28:38.000-03:00;;;3209740.92;bank_transfer;
2026-05-02T10:29:47.000-03:00;156600762087;payment;5964.00;0.00;6000.00;0.00;-36.00;available_money;2026-05-02T10:29:47.000-03:00;;;3215704.92;account_money;
2026-05-02T10:29:57.000-03:00;156600892457;payment;5964.00;0.00;6000.00;0.00;-36.00;available_money;2026-05-02T10:29:57.000-03:00;;;3221668.92;account_money;
2026-05-02T10:32:23.000-03:00;156601192917;payment;11928.00;0.00;12000.00;0.00;-72.00;available_money;2026-05-02T10:32:23.000-03:00;;;3233596.92;account_money;
2026-05-02T10:33:01.000-03:00;156601229427;payment;5964.00;0.00;6000.00;0.00;-36.00;cvu;2026-05-02T10:33:01.000-03:00;;;3239560.92;bank_transfer;
2026-05-02T10:33:20.000-03:00;156601269537;payment;11928.00;0.00;12000.00;0.00;-72.00;available_money;2026-05-02T10:33:20.000-03:00;;;3251488.92;account_money;
2026-05-02T10:33:25.000-03:00;156601238073;payment;5964.00;0.00;6000.00;0.00;-36.00;available_money;2026-05-02T10:33:25.000-03:00;;;3257452.92;account_money;
2026-05-02T10:35:42.000-03:00;157366694456;payment;5964.00;0.00;6000.00;0.00;-36.00;available_money;2026-05-02T10:35:42.000-03:00;;;3263416.92;account_money;
2026-05-02T10:36:06.000-03:00;156601752201;payment;11928.00;0.00;12000.00;0.00;-72.00;available_money;2026-05-02T10:36:06.000-03:00;;;3275344.92;account_money;
2026-05-02T10:36:43.000-03:00;156601786869;payment;17892.00;0.00;18000.00;0.00;-108.00;available_money;2026-05-02T10:36:43.000-03:00;;;3293236.92;account_money;
2026-05-02T10:37:03.000-03:00;156601748011;payment;5964.00;0.00;6000.00;0.00;-36.00;cvu;2026-05-02T10:37:03.000-03:00;;;3299200.92;bank_transfer;
2026-05-02T10:38:17.000-03:00;156602022749;payment;5964.00;0.00;6000.00;0.00;-36.00;available_money;2026-05-02T10:38:17.000-03:00;;;3305164.92;account_money;
2026-05-02T10:38:40.000-03:00;157367002412;payment;5964.00;0.00;6000.00;0.00;-36.00;available_money;2026-05-02T10:38:40.000-03:00;;;3311128.92;account_money;
2026-05-02T10:39:15.000-03:00;156602075909;payment;5964.00;0.00;6000.00;0.00;-36.00;available_money;2026-05-02T10:39:15.000-03:00;;;3317092.92;account_money;
2026-05-02T10:39:23.000-03:00;156602183189;payment;11928.00;0.00;12000.00;0.00;-72.00;available_money;2026-05-02T10:39:23.000-03:00;;;3329020.92;account_money;
2026-05-02T10:40:23.000-03:00;157367196630;payment;11928.00;0.00;12000.00;0.00;-72.00;available_money;2026-05-02T10:40:23.000-03:00;;;3340948.92;account_money;
2026-05-02T10:41:11.000-03:00;157367266726;payment;5964.00;0.00;6000.00;0.00;-36.00;debin_transfer;2026-05-02T10:41:11.000-03:00;;;3346912.92;bank_transfer;
2026-05-02T10:42:06.000-03:00;157367323700;payment;11928.00;0.00;12000.00;0.00;-72.00;available_money;2026-05-02T10:42:06.000-03:00;;;3358840.92;account_money;
2026-05-02T10:42:48.000-03:00;157367530448;payment;5964.00;0.00;6000.00;0.00;-36.00;available_money;2026-05-02T10:42:48.000-03:00;;;3364804.92;account_money;
2026-05-02T10:43:29.000-03:00;157367632464;payment;11928.00;0.00;12000.00;0.00;-72.00;available_money;2026-05-02T10:43:29.000-03:00;;;3376732.92;account_money;
2026-05-02T18:47:07.000-03:00;157440069232;payment;107352.00;0.00;108000.00;0.00;-648.00;cvu;2026-05-02T18:47:07.000-03:00;;;3484084.92;bank_transfer;
2026-05-04T10:01:22.000-03:00;157630102834;reserve_for_payout;0.00;780000.00;-780000.00;0.00;0.00;available_money;2026-05-04T10:01:22.000-03:00;;;2704084.92;;
2026-05-04T10:01:24.000-03:00;157630102834;reserve_for_payout;780000.00;0.00;780000.00;0.00;0.00;available_money;2026-05-04T10:01:24.000-03:00;;;3484084.92;;
2026-05-04T10:01:24.000-03:00;157630102834;payout;0.00;780000.00;-780000.00;0.00;0.00;available_money;2026-05-04T10:01:24.000-03:00;;;2704084.92;;
2026-05-04T12:40:03.000-03:00;157656961384;payment;6958.00;0.00;7000.00;0.00;-42.00;cvu;2026-05-04T12:40:03.000-03:00;;;2711042.92;bank_transfer;
2026-05-04T13:51:05.000-03:00;156903120759;payment;6461.00;0.00;6500.00;0.00;-39.00;available_money;2026-05-04T13:51:05.000-03:00;;;2717503.92;account_money;
2026-05-05T09:00:52.000-03:00;157022058153;reserve_for_payment;0.00;47622.53;-47622.53;0.00;0.00;available_money;2026-05-05T09:00:52.000-03:00;Mercado Pago;QR;2669881.39;account_money;
2026-05-05T09:00:52.000-03:00;157022058153;reserve_for_payment;47622.53;0.00;47622.53;0.00;0.00;available_money;2026-05-05T09:00:52.000-03:00;Mercado Pago;QR;2717503.92;account_money;
2026-05-05T09:00:52.000-03:00;157022058153;payment;0.00;47622.53;-47338.50;0.00;-284.03;available_money;2026-05-05T09:00:52.000-03:00;Mercado Pago;QR;2669881.39;account_money;
2026-05-05T09:39:01.000-03:00;157026550821;reserve_for_payout;0.00;72834.40;-72834.40;0.00;0.00;available_money;2026-05-05T09:39:01.000-03:00;;;2597046.99;;
2026-05-05T09:39:04.000-03:00;157026550821;reserve_for_payout;72834.40;0.00;72834.40;0.00;0.00;available_money;2026-05-05T09:39:04.000-03:00;;;2669881.39;;
2026-05-05T09:39:04.000-03:00;157026550821;payout;0.00;72834.40;-72400.00;0.00;-434.40;available_money;2026-05-05T09:39:04.000-03:00;;;2597046.99;;
2026-05-05T12:13:47.000-03:00;157819247358;payment;6958.00;0.00;7000.00;0.00;-42.00;available_money;2026-05-05T12:13:47.000-03:00;;;2604004.99;account_money;
2026-05-06T09:20:50.000-03:00;157961136646;payment;6958.00;0.00;7000.00;0.00;-42.00;available_money;2026-05-06T09:20:50.000-03:00;;;2610962.99;account_money;
2026-05-06T14:23:27.000-03:00;158010836406;payment;6958.00;0.00;7000.00;0.00;-42.00;available_money;2026-05-06T14:23:27.000-03:00;;;2617920.99;account_money;
2026-05-06T22:00:18.000-03:00;158084148816;payment;12922.00;0.00;13000.00;0.00;-78.00;available_money;2026-05-06T22:00:18.000-03:00;;;2630842.99;account_money;
2026-05-06T23:16:11.000-03:00;157323378795;payment;19383.00;0.00;19500.00;0.00;-117.00;available_money;2026-05-06T23:16:11.000-03:00;;;2650225.99;account_money;
2026-05-07T06:53:23.000-03:00;157349261141;payment;6461.00;0.00;6500.00;0.00;-39.00;available_money;2026-05-07T06:53:23.000-03:00;;;2656686.99;account_money;
2026-05-07T13:14:26.000-03:00;158171962310;payment;6958.00;0.00;7000.00;0.00;-42.00;available_money;2026-05-07T13:14:26.000-03:00;;;2663644.99;account_money;
2026-05-07T17:49:55.000-03:00;157445111137;reserve_for_payment;0.00;32632.93;-32632.93;0.00;0.00;available_money;2026-05-07T17:49:55.000-03:00;Mercado Pago;QR;2631012.06;account_money;
2026-05-07T17:49:55.000-03:00;157445111137;reserve_for_payment;32632.93;0.00;32632.93;0.00;0.00;available_money;2026-05-07T17:49:55.000-03:00;Mercado Pago;QR;2663644.99;account_money;
2026-05-07T17:49:55.000-03:00;157445111137;payment;0.00;32632.93;-32438.30;0.00;-194.63;available_money;2026-05-07T17:49:55.000-03:00;Mercado Pago;QR;2631012.06;account_money;
2026-05-08T12:46:42.000-03:00;158336388922;reserve_for_payout;0.00;525839.23;-525839.23;0.00;0.00;available_money;2026-05-08T12:46:42.000-03:00;;;2105172.83;;
2026-05-08T12:46:45.000-03:00;158336388922;reserve_for_payout;525839.23;0.00;525839.23;0.00;0.00;available_money;2026-05-08T12:46:45.000-03:00;;;2631012.06;;
2026-05-08T12:46:45.000-03:00;158336388922;payout;0.00;525839.23;-522703.01;0.00;-3136.22;available_money;2026-05-08T12:46:45.000-03:00;;;2105172.83;;
2026-05-09T08:27:26.000-03:00;157696531221;payment;19383.00;0.00;19500.00;0.00;-117.00;available_money;2026-05-09T08:27:26.000-03:00;;;2124555.83;account_money;
2026-05-09T08:31:11.000-03:00;157696830473;payment;6461.00;0.00;6500.00;0.00;-39.00;available_money;2026-05-09T08:31:11.000-03:00;;;2131016.83;account_money;
2026-05-09T08:41:15.000-03:00;158468580534;payment;6461.00;0.00;6500.00;0.00;-39.00;available_money;2026-05-09T08:41:15.000-03:00;;;2137477.83;account_money;
2026-05-09T08:58:04.000-03:00;158469894782;payment;6461.00;0.00;6500.00;0.00;-39.00;available_money;2026-05-09T08:58:04.000-03:00;;;2143938.83;account_money;
2026-05-09T09:00:09.000-03:00;157698927815;payment;12922.00;0.00;13000.00;0.00;-78.00;available_money;2026-05-09T09:00:09.000-03:00;;;2156860.83;account_money;
2026-05-09T09:13:31.000-03:00;157700159007;payment;12922.00;0.00;13000.00;0.00;-78.00;available_money;2026-05-09T09:13:31.000-03:00;;;2169782.83;account_money;
2026-05-09T09:17:45.000-03:00;157700652907;payment;6461.00;0.00;6500.00;0.00;-39.00;available_money;2026-05-09T09:17:45.000-03:00;;;2176243.83;account_money;
2026-05-09T09:20:44.000-03:00;157700881587;payment;3479.00;0.00;3500.00;0.00;-21.00;cvu;2026-05-09T09:20:44.000-03:00;;;2179722.83;bank_transfer;
2026-05-09T09:24:47.000-03:00;158472459134;payment;8250.20;0.00;8300.00;0.00;-49.80;cvu;2026-05-09T09:24:47.000-03:00;;;2187973.03;bank_transfer;
2026-05-09T09:26:30.000-03:00;157701377491;payment;6461.00;0.00;6500.00;0.00;-39.00;available_money;2026-05-09T09:26:30.000-03:00;;;2194434.03;account_money;
2026-05-09T09:31:46.000-03:00;157701913587;payment;12922.00;0.00;13000.00;0.00;-78.00;available_money;2026-05-09T09:31:46.000-03:00;;;2207356.03;account_money;
2026-05-09T09:37:56.000-03:00;157702751235;payment;12922.00;0.00;13000.00;0.00;-78.00;cvu;2026-05-09T09:37:56.000-03:00;;;2220278.03;bank_transfer;
2026-05-09T09:42:30.000-03:00;157703168705;payment;6461.00;0.00;6500.00;0.00;-39.00;available_money;2026-05-09T09:42:30.000-03:00;;;2226739.03;account_money;
2026-05-09T09:44:55.000-03:00;158474680418;payment;11928.00;0.00;12000.00;0.00;-72.00;cvu;2026-05-09T09:44:55.000-03:00;;;2238667.03;bank_transfer;
2026-05-09T09:46:11.000-03:00;158474717028;payment;19383.00;0.00;19500.00;0.00;-117.00;available_money;2026-05-09T09:46:11.000-03:00;;;2258050.03;account_money;
2026-05-09T09:50:32.000-03:00;158475141800;payment;17395.00;0.00;17500.00;0.00;-105.00;available_money;2026-05-09T09:50:32.000-03:00;;;2275445.03;account_money;
2026-05-09T09:56:51.000-03:00;158475867498;payment;6461.00;0.00;6500.00;0.00;-39.00;available_money;2026-05-09T09:56:51.000-03:00;;;2281906.03;account_money;
2026-05-09T10:05:14.000-03:00;157705652015;payment;6461.00;0.00;6500.00;0.00;-39.00;cvu;2026-05-09T10:05:14.000-03:00;;;2288367.03;bank_transfer;
2026-05-09T10:10:13.000-03:00;157706516625;payment;6461.00;0.00;6500.00;0.00;-39.00;available_money;2026-05-09T10:10:13.000-03:00;;;2294828.03;account_money;
2026-05-09T10:13:21.000-03:00;158477923758;payment;6461.00;0.00;6500.00;0.00;-39.00;available_money;2026-05-09T10:13:21.000-03:00;;;2301289.03;account_money;
2026-05-09T10:17:43.000-03:00;158478511542;payment;12922.00;0.00;13000.00;0.00;-78.00;cvu;2026-05-09T10:17:43.000-03:00;;;2314211.03;bank_transfer;
2026-05-09T10:19:50.000-03:00;157707635291;payment;6461.00;0.00;6500.00;0.00;-39.00;available_money;2026-05-09T10:19:50.000-03:00;;;2320672.03;account_money;
2026-05-09T10:22:16.000-03:00;158479204082;payment;12922.00;0.00;13000.00;0.00;-78.00;available_money;2026-05-09T10:22:16.000-03:00;;;2333594.03;account_money;
2026-05-09T10:24:43.000-03:00;158479630634;payment;6461.00;0.00;6500.00;0.00;-39.00;available_money;2026-05-09T10:24:43.000-03:00;;;2340055.03;account_money;
2026-05-09T10:24:51.000-03:00;158479541934;payment;12922.00;0.00;13000.00;0.00;-78.00;available_money;2026-05-09T10:24:51.000-03:00;;;2352977.03;account_money;
2026-05-09T10:28:14.000-03:00;158479972058;payment;3479.00;0.00;3500.00;0.00;-21.00;available_money;2026-05-09T10:28:14.000-03:00;;;2356456.03;account_money;
2026-05-09T10:28:52.000-03:00;158480065156;payment;12922.00;0.00;13000.00;0.00;-78.00;available_money;2026-05-09T10:28:52.000-03:00;;;2369378.03;account_money;
2026-05-09T10:30:12.000-03:00;157709153503;payment;11928.00;0.00;12000.00;0.00;-72.00;available_money;2026-05-09T10:30:12.000-03:00;;;2381306.03;account_money;
2026-05-09T10:36:43.000-03:00;158481270372;payment;5964.00;0.00;6000.00;0.00;-36.00;cvu;2026-05-09T10:36:43.000-03:00;;;2387270.03;bank_transfer;
2026-05-09T10:37:05.000-03:00;158481191376;payment;12922.00;0.00;13000.00;0.00;-78.00;cvu;2026-05-09T10:37:05.000-03:00;;;2400192.03;bank_transfer;
2026-05-09T10:40:30.000-03:00;157710626343;payment;12922.00;0.00;13000.00;0.00;-78.00;cvu;2026-05-09T10:40:30.000-03:00;;;2413114.03;bank_transfer;
2026-05-09T10:40:55.000-03:00;157710468011;payment;12922.00;0.00;13000.00;0.00;-78.00;available_money;2026-05-09T10:40:55.000-03:00;;;2426036.03;account_money;
2026-05-09T10:42:22.000-03:00;157710695659;payment;6461.00;0.00;6500.00;0.00;-39.00;available_money;2026-05-09T10:42:22.000-03:00;;;2432497.03;account_money;
2026-05-09T10:43:11.000-03:00;157710783831;payment;6461.00;0.00;6500.00;0.00;-39.00;available_money;2026-05-09T10:43:11.000-03:00;;;2438958.03;account_money;
2026-05-09T10:44:32.000-03:00;158482403040;payment;5964.00;0.00;6000.00;0.00;-36.00;cvu;2026-05-09T10:44:32.000-03:00;;;2444922.03;bank_transfer;
2026-05-09T10:46:25.000-03:00;157711321843;payment;6461.00;0.00;6500.00;0.00;-39.00;available_money;2026-05-09T10:46:25.000-03:00;;;2451383.03;account_money;
2026-05-09T10:50:29.000-03:00;157712110863;payment;32802.00;0.00;33000.00;0.00;-198.00;available_money;2026-05-09T10:50:29.000-03:00;;;2484185.03;account_money;
2026-05-09T10:58:04.000-03:00;158484474192;payment;6461.00;0.00;6500.00;0.00;-39.00;cvu;2026-05-09T10:58:04.000-03:00;;;2490646.03;bank_transfer;
2026-05-09T10:58:43.000-03:00;157713165503;payment;6461.00;0.00;6500.00;0.00;-39.00;debin_transfer;2026-05-09T10:58:43.000-03:00;;;2497107.03;bank_transfer;
2026-05-09T10:58:56.000-03:00;157713150077;payment;6461.00;0.00;6500.00;0.00;-39.00;available_money;2026-05-09T10:58:56.000-03:00;;;2503568.03;account_money;
2026-05-09T11:00:04.000-03:00;157713350831;payment;6461.00;0.00;6500.00;0.00;-39.00;available_money;2026-05-09T11:00:04.000-03:00;;;2510029.03;account_money;
2026-05-09T11:00:05.000-03:00;157713317151;payment;12922.00;0.00;13000.00;0.00;-78.00;cvu;2026-05-09T11:00:05.000-03:00;;;2522951.03;bank_transfer;
2026-05-09T11:04:20.000-03:00;158485339358;payment;6461.00;0.00;6500.00;0.00;-39.00;cvu;2026-05-09T11:04:20.000-03:00;;;2529412.03;bank_transfer;
2026-05-09T11:04:20.000-03:00;157713991501;payment;6461.00;0.00;6500.00;0.00;-39.00;cvu;2026-05-09T11:04:20.000-03:00;;;2535873.03;bank_transfer;
2026-05-09T11:05:50.000-03:00;158485489390;payment;6461.00;0.00;6500.00;0.00;-39.00;available_money;2026-05-09T11:05:50.000-03:00;;;2542334.03;account_money;
2026-05-09T11:06:06.000-03:00;158485613464;payment;6461.00;0.00;6500.00;0.00;-39.00;available_money;2026-05-09T11:06:06.000-03:00;;;2548795.03;account_money;
2026-05-09T11:07:19.000-03:00;157714599073;payment;12922.00;0.00;13000.00;0.00;-78.00;debin_transfer;2026-05-09T11:07:19.000-03:00;;;2561717.03;bank_transfer;
2026-05-09T11:13:03.000-03:00;157715443819;payment;11928.00;0.00;12000.00;0.00;-72.00;available_money;2026-05-09T11:13:03.000-03:00;;;2573645.03;account_money;
2026-05-09T11:13:54.000-03:00;157715652493;payment;6461.00;0.00;6500.00;0.00;-39.00;available_money;2026-05-09T11:13:54.000-03:00;;;2580106.03;account_money;
2026-05-09T11:15:23.000-03:00;158487143570;payment;6461.00;0.00;6500.00;0.00;-39.00;available_money;2026-05-09T11:15:23.000-03:00;;;2586567.03;account_money;
2026-05-09T11:16:25.000-03:00;157716208195;payment;19383.00;0.00;19500.00;0.00;-117.00;debin_transfer;2026-05-09T11:16:25.000-03:00;;;2605950.03;bank_transfer;
2026-05-09T11:17:03.000-03:00;157716219309;payment;12922.00;0.00;13000.00;0.00;-78.00;available_money;2026-05-09T11:17:03.000-03:00;;;2618872.03;account_money;
2026-05-09T11:18:11.000-03:00;158487687208;payment;11928.00;0.00;12000.00;0.00;-72.00;cvu;2026-05-09T11:18:11.000-03:00;;;2630800.03;bank_transfer;
2026-05-09T11:23:40.000-03:00;157717215447;payment;5964.00;0.00;6000.00;0.00;-36.00;available_money;2026-05-09T11:23:40.000-03:00;;;2636764.03;account_money;
2026-05-09T11:27:31.000-03:00;157717948985;payment;6461.00;0.00;6500.00;0.00;-39.00;available_money;2026-05-09T11:27:31.000-03:00;;;2643225.03;account_money;
2026-05-09T11:29:48.000-03:00;157718318731;payment;17892.00;0.00;18000.00;0.00;-108.00;available_money;2026-05-09T11:29:48.000-03:00;;;2661117.03;account_money;
2026-05-09T11:40:31.000-03:00;157719985673;payment;5964.00;0.00;6000.00;0.00;-36.00;available_money;2026-05-09T11:40:31.000-03:00;;;2667081.03;account_money;
2026-05-09T11:40:54.000-03:00;158491513236;payment;5964.00;0.00;6000.00;0.00;-36.00;cvu;2026-05-09T11:40:54.000-03:00;;;2673045.03;bank_transfer;
2026-05-09T11:42:14.000-03:00;158491667568;payment;5964.00;0.00;6000.00;0.00;-36.00;available_money;2026-05-09T11:42:14.000-03:00;;;2679009.03;account_money;
2026-05-09T11:44:02.000-03:00;158491997248;payment;5964.00;0.00;6000.00;0.00;-36.00;available_money;2026-05-09T11:44:02.000-03:00;;;2684973.03;account_money;
2026-05-09T11:45:02.000-03:00;158492179744;payment;5964.00;0.00;6000.00;0.00;-36.00;available_money;2026-05-09T11:45:02.000-03:00;;;2690937.03;account_money;
2026-05-09T11:45:40.000-03:00;158492327798;payment;11928.00;0.00;12000.00;0.00;-72.00;available_money;2026-05-09T11:45:40.000-03:00;;;2702865.03;account_money;
2026-05-09T11:56:11.000-03:00;157722859509;payment;5964.00;0.00;6000.00;0.00;-36.00;available_money;2026-05-09T11:56:11.000-03:00;;;2708829.03;account_money;
2026-05-09T11:57:38.000-03:00;158494430084;payment;5964.00;0.00;6000.00;0.00;-36.00;available_money;2026-05-09T11:57:38.000-03:00;;;2714793.03;account_money;
2026-05-09T12:01:46.000-03:00;157723917823;payment;5964.00;0.00;6000.00;0.00;-36.00;available_money;2026-05-09T12:01:46.000-03:00;;;2720757.03;account_money;
2026-05-09T12:03:53.000-03:00;158495750144;payment;5964.00;0.00;6000.00;0.00;-36.00;available_money;2026-05-09T12:03:53.000-03:00;;;2726721.03;account_money;
2026-05-09T12:05:43.000-03:00;157724651803;payment;5964.00;0.00;6000.00;0.00;-36.00;available_money;2026-05-09T12:05:43.000-03:00;;;2732685.03;account_money;
2026-05-09T12:09:59.000-03:00;157725556337;payment;5964.00;0.00;6000.00;0.00;-36.00;available_money;2026-05-09T12:09:59.000-03:00;;;2738649.03;account_money;
2026-05-09T12:21:40.000-03:00;158499001432;payment;5964.00;0.00;6000.00;0.00;-36.00;available_money;2026-05-09T12:21:40.000-03:00;;;2744613.03;account_money;
2026-05-09T12:23:58.000-03:00;158499413212;payment;11928.00;0.00;12000.00;0.00;-72.00;available_money;2026-05-09T12:23:58.000-03:00;;;2756541.03;account_money;
2026-05-09T12:30:42.000-03:00;158500715416;payment;5964.00;0.00;6000.00;0.00;-36.00;available_money;2026-05-09T12:30:42.000-03:00;;;2762505.03;account_money;
2026-05-09T12:32:34.000-03:00;157729700937;payment;11928.00;0.00;12000.00;0.00;-72.00;available_money;2026-05-09T12:32:34.000-03:00;;;2774433.03;account_money;
2026-05-09T12:34:02.000-03:00;158501317184;payment;11928.00;0.00;12000.00;0.00;-72.00;available_money;2026-05-09T12:34:02.000-03:00;;;2786361.03;account_money;
2026-05-09T12:34:33.000-03:00;158501442740;payment;5964.00;0.00;6000.00;0.00;-36.00;available_money;2026-05-09T12:34:33.000-03:00;;;2792325.03;account_money;
2026-05-09T12:35:11.000-03:00;158501532846;payment;5964.00;0.00;6000.00;0.00;-36.00;available_money;2026-05-09T12:35:11.000-03:00;;;2798289.03;account_money;
2026-05-09T12:40:19.000-03:00;158502447662;payment;5964.00;0.00;6000.00;0.00;-36.00;available_money;2026-05-09T12:40:19.000-03:00;;;2804253.03;account_money;
2026-05-09T12:41:31.000-03:00;158502718974;payment;5964.00;0.00;6000.00;0.00;-36.00;available_money;2026-05-09T12:41:31.000-03:00;;;2810217.03;account_money;
2026-05-09T12:44:17.000-03:00;157731889401;payment;5964.00;0.00;6000.00;0.00;-36.00;available_money;2026-05-09T12:44:17.000-03:00;;;2816181.03;account_money;
2026-05-09T12:44:32.000-03:00;158503354574;payment;5964.00;0.00;6000.00;0.00;-36.00;available_money;2026-05-09T12:44:32.000-03:00;;;2822145.03;account_money;
2026-05-09T12:46:04.000-03:00;157732148033;payment;5964.00;0.00;6000.00;0.00;-36.00;available_money;2026-05-09T12:46:04.000-03:00;;;2828109.03;account_money;
2026-05-09T12:48:07.000-03:00;157732682977;payment;3479.00;0.00;3500.00;0.00;-21.00;cvu;2026-05-09T12:48:07.000-03:00;;;2831588.03;bank_transfer;
2026-05-09T13:00:51.000-03:00;157735038571;payment;5964.00;0.00;6000.00;0.00;-36.00;available_money;2026-05-09T13:00:51.000-03:00;;;2837552.03;account_money;
2026-05-09T13:02:10.000-03:00;158506573120;payment;11928.00;0.00;12000.00;0.00;-72.00;cvu;2026-05-09T13:02:10.000-03:00;;;2849480.03;bank_transfer;
2026-05-09T13:09:38.000-03:00;158507980744;payment;5964.00;0.00;6000.00;0.00;-36.00;cvu;2026-05-09T13:09:38.000-03:00;;;2855444.03;bank_transfer;
2026-05-09T13:09:41.000-03:00;157736476055;payment;5964.00;0.00;6000.00;0.00;-36.00;cvu;2026-05-09T13:09:41.000-03:00;;;2861408.03;bank_transfer;
2026-05-09T13:12:06.000-03:00;158508293520;payment;17892.00;0.00;18000.00;0.00;-108.00;available_money;2026-05-09T13:12:06.000-03:00;;;2879300.03;account_money;
2026-05-09T13:13:26.000-03:00;157737366409;payment;5964.00;0.00;6000.00;0.00;-36.00;cvu;2026-05-09T13:13:26.000-03:00;;;2885264.03;bank_transfer;
2026-05-09T13:13:36.000-03:00;157737221691;payment;5964.00;0.00;6000.00;0.00;-36.00;available_money;2026-05-09T13:13:36.000-03:00;;;2891228.03;account_money;
2026-05-09T13:14:18.000-03:00;157737395511;payment;5964.00;0.00;6000.00;0.00;-36.00;cvu;2026-05-09T13:14:18.000-03:00;;;2897192.03;bank_transfer;
2026-05-09T13:15:01.000-03:00;158508946812;payment;5964.00;0.00;6000.00;0.00;-36.00;cvu;2026-05-09T13:15:01.000-03:00;;;2903156.03;bank_transfer;
2026-05-09T13:15:55.000-03:00;158508983960;payment;5964.00;0.00;6000.00;0.00;-36.00;available_money;2026-05-09T13:15:55.000-03:00;;;2909120.03;account_money;
2026-05-09T13:19:29.000-03:00;158509621428;payment;5964.00;0.00;6000.00;0.00;-36.00;available_money;2026-05-09T13:19:29.000-03:00;;;2915084.03;account_money;
2026-05-09T13:20:41.000-03:00;157738530851;payment;5964.00;0.00;6000.00;0.00;-36.00;cvu;2026-05-09T13:20:41.000-03:00;;;2921048.03;bank_transfer;
2026-05-09T13:21:55.000-03:00;157738806717;payment;5964.00;0.00;6000.00;0.00;-36.00;available_money;2026-05-09T13:21:55.000-03:00;;;2927012.03;account_money;
2026-05-09T13:24:46.000-03:00;157739394327;payment;5964.00;0.00;6000.00;0.00;-36.00;available_money;2026-05-09T13:24:46.000-03:00;;;2932976.03;account_money;
2026-05-09T13:25:44.000-03:00;157739496863;payment;5964.00;0.00;6000.00;0.00;-36.00;available_money;2026-05-09T13:25:44.000-03:00;;;2938940.03;account_money;
2026-05-09T13:26:05.000-03:00;158510875138;payment;5964.00;0.00;6000.00;0.00;-36.00;available_money;2026-05-09T13:26:05.000-03:00;;;2944904.03;account_money;
2026-05-09T13:30:27.000-03:00;158511666294;payment;5964.00;0.00;6000.00;0.00;-36.00;available_money;2026-05-09T13:30:27.000-03:00;;;2950868.03;account_money;
2026-05-09T13:31:48.000-03:00;157740533143;payment;11928.00;0.00;12000.00;0.00;-72.00;available_money;2026-05-09T13:31:48.000-03:00;;;2962796.03;account_money;
2026-05-09T13:32:04.000-03:00;158511898736;payment;6461.00;0.00;6500.00;0.00;-39.00;available_money;2026-05-09T13:32:04.000-03:00;;;2969257.03;account_money;
2026-05-09T13:34:38.000-03:00;157741068891;payment;11928.00;0.00;12000.00;0.00;-72.00;available_money;2026-05-09T13:34:38.000-03:00;;;2981185.03;account_money;
2026-05-09T13:44:05.000-03:00;157742511953;payment;5964.00;0.00;6000.00;0.00;-36.00;available_money;2026-05-09T13:44:05.000-03:00;;;2987149.03;account_money;
2026-05-09T13:45:39.000-03:00;158514169728;payment;5964.00;0.00;6000.00;0.00;-36.00;available_money;2026-05-09T13:45:39.000-03:00;;;2993113.03;account_money;
2026-05-09T13:50:24.000-03:00;158514945126;payment;5964.00;0.00;6000.00;0.00;-36.00;cvu;2026-05-09T13:50:24.000-03:00;;;2999077.03;bank_transfer;
2026-05-09T13:54:37.000-03:00;158515631440;payment;5964.00;0.00;6000.00;0.00;-36.00;available_money;2026-05-09T13:54:37.000-03:00;;;3005041.03;account_money;
2026-05-09T13:57:52.000-03:00;157744769669;payment;5964.00;0.00;6000.00;0.00;-36.00;cvu;2026-05-09T13:57:52.000-03:00;;;3011005.03;bank_transfer;
2026-05-09T14:20:59.000-03:00;158520024258;payment;149100.00;0.00;150000.00;0.00;-900.00;cvu;2026-05-09T14:20:59.000-03:00;;;3160105.03;bank_transfer;
2026-05-12T09:33:50.000-03:00;158151366277;reserve_for_payment;0.00;15829.09;-15829.09;0.00;0.00;available_money;2026-05-12T09:33:50.000-03:00;Mercado Pago;Checkout Pro;3144275.94;account_money;
2026-05-12T09:33:50.000-03:00;158151366277;reserve_for_payment;15829.09;0.00;15829.09;0.00;0.00;available_money;2026-05-12T09:33:50.000-03:00;Mercado Pago;Checkout Pro;3160105.03;account_money;
2026-05-12T09:33:50.000-03:00;158151366277;payment;0.00;15829.09;-15734.68;0.00;-94.41;available_money;2026-05-12T09:33:50.000-03:00;Mercado Pago;Checkout Pro;3144275.94;account_money;
2026-05-12T12:23:51.000-03:00;158178030445;payment;71568.00;0.00;72000.00;0.00;-432.00;cvu;2026-05-12T12:23:51.000-03:00;;;3215843.94;bank_transfer;
2026-05-12T13:50:07.000-03:00;158965500584;payment;6958.00;0.00;7000.00;0.00;-42.00;available_money;2026-05-12T13:50:07.000-03:00;;;3222801.94;account_money;
2026-05-12T16:53:48.000-03:00;158990284240;payment;6958.00;0.00;7000.00;0.00;-42.00;available_money;2026-05-12T16:53:48.000-03:00;;;3229759.94;account_money;
2026-05-12T17:53:25.000-03:00;158999501096;payment;79520.00;0.00;80000.00;0.00;-480.00;available_money;2026-05-12T17:53:25.000-03:00;;;3309279.94;account_money;
2026-05-13T10:04:38.000-03:00;159084377774;payment;6958.00;0.00;7000.00;0.00;-42.00;available_money;2026-05-13T10:04:38.000-03:00;;;3316237.94;account_money;
2026-05-13T11:43:58.000-03:00;159099776374;payment;6958.00;0.00;7000.00;0.00;-42.00;cvu;2026-05-13T11:43:58.000-03:00;;;3323195.94;bank_transfer;
2026-05-13T15:05:25.000-03:00;159131346066;payment;25844.00;0.00;26000.00;0.00;-156.00;available_money;2026-05-13T15:05:25.000-03:00;;;3349039.94;account_money;
2026-05-13T20:24:29.000-03:00;158407293357;payment;357840.00;0.00;360000.00;0.00;-2160.00;available_money;2026-05-13T20:24:29.000-03:00;;;3706879.94;account_money;
2026-05-13T21:03:03.000-03:00;159186571756;payment;6461.00;0.00;6500.00;0.00;-39.00;available_money;2026-05-13T21:03:03.000-03:00;;;3713340.94;account_money;
2026-05-14T13:37:53.000-03:00;159274967810;payment;59640.00;0.00;60000.00;0.00;-360.00;available_money;2026-05-14T13:37:53.000-03:00;;;3772980.94;account_money;
2026-05-14T20:15:03.000-03:00;158560307801;payment;29820.00;0.00;30000.00;0.00;-180.00;available_money;2026-05-14T20:15:03.000-03:00;;;3802800.94;account_money;
2026-05-15T10:49:44.000-03:00;159405854780;reserve_for_payment;0.00;26357.20;-26357.20;0.00;0.00;available_money;2026-05-15T10:49:44.000-03:00;Mercado Pago;QR;3776443.74;account_money;
2026-05-15T10:49:44.000-03:00;159405854780;reserve_for_payment;26357.20;0.00;26357.20;0.00;0.00;available_money;2026-05-15T10:49:44.000-03:00;Mercado Pago;QR;3802800.94;account_money;
2026-05-15T10:49:44.000-03:00;159405854780;payment;0.00;26357.20;-26200.00;0.00;-157.20;available_money;2026-05-15T10:49:44.000-03:00;Mercado Pago;QR;3776443.74;account_money;
2026-05-15T19:21:40.000-03:00;159492097370;reserve_for_payout;0.00;360000.00;-360000.00;0.00;0.00;available_money;2026-05-15T19:21:40.000-03:00;;;3416443.74;;
2026-05-15T19:21:42.000-03:00;159492097370;reserve_for_payout;360000.00;0.00;360000.00;0.00;0.00;available_money;2026-05-15T19:21:42.000-03:00;;;3776443.74;;
2026-05-15T19:21:42.000-03:00;159492097370;payout;0.00;360000.00;-360000.00;0.00;0.00;available_money;2026-05-15T19:21:42.000-03:00;;;3416443.74;;
2026-05-16T08:02:31.000-03:00;158774979897;payment;89460.00;0.00;90000.00;0.00;-540.00;available_money;2026-05-16T08:02:31.000-03:00;;;3505903.74;account_money;
2026-05-16T08:15:02.000-03:00;159551333782;payment;23856.00;0.00;24000.00;0.00;-144.00;cvu;2026-05-16T08:15:02.000-03:00;;;3529759.74;bank_transfer;
2026-05-16T08:44:40.000-03:00;158777684791;payment;5467.00;0.00;5500.00;0.00;-33.00;available_money;2026-05-16T08:44:40.000-03:00;;;3535226.74;account_money;
2026-05-16T08:56:15.000-03:00;159554194462;payment;6461.00;0.00;6500.00;0.00;-39.00;cvu;2026-05-16T08:56:15.000-03:00;;;3541687.74;bank_transfer;
2026-05-16T08:57:19.000-03:00;158778479507;payment;9940.00;0.00;10000.00;0.00;-60.00;cvu;2026-05-16T08:57:19.000-03:00;;;3551627.74;bank_transfer;
2026-05-16T08:59:54.000-03:00;158778740875;payment;12922.00;0.00;13000.00;0.00;-78.00;available_money;2026-05-16T08:59:54.000-03:00;;;3564549.74;account_money;
2026-05-16T09:01:20.000-03:00;159554465510;payment;12922.00;0.00;13000.00;0.00;-78.00;available_money;2026-05-16T09:01:20.000-03:00;;;3577471.74;account_money;
2026-05-16T09:08:34.000-03:00;158779439691;payment;12922.00;0.00;13000.00;0.00;-78.00;available_money;2026-05-16T09:08:34.000-03:00;;;3590393.74;account_money;
2026-05-16T09:22:53.000-03:00;159556425154;payment;6461.00;0.00;6500.00;0.00;-39.00;available_money;2026-05-16T09:22:53.000-03:00;;;3596854.74;account_money;
2026-05-16T09:25:37.000-03:00;159556602068;payment;11928.00;0.00;12000.00;0.00;-72.00;available_money;2026-05-16T09:25:37.000-03:00;;;3608782.74;account_money;
2026-05-16T09:26:23.000-03:00;159556774462;payment;12922.00;0.00;13000.00;0.00;-78.00;cvu;2026-05-16T09:26:23.000-03:00;;;3621704.74;bank_transfer;
2026-05-16T09:27:12.000-03:00;158781242365;payment;6461.00;0.00;6500.00;0.00;-39.00;available_money;2026-05-16T09:27:12.000-03:00;;;3628165.74;account_money;
2026-05-16T09:27:17.000-03:00;158781145643;payment;19383.00;0.00;19500.00;0.00;-117.00;available_money;2026-05-16T09:27:17.000-03:00;;;3647548.74;account_money;
2026-05-16T09:28:30.000-03:00;159556893402;payment;6461.00;0.00;6500.00;0.00;-39.00;available_money;2026-05-16T09:28:30.000-03:00;;;3654009.74;account_money;
2026-05-16T09:32:06.000-03:00;159557196066;payment;19383.00;0.00;19500.00;0.00;-117.00;available_money;2026-05-16T09:32:06.000-03:00;;;3673392.74;account_money;
2026-05-16T09:35:02.000-03:00;158781908739;payment;6461.00;0.00;6500.00;0.00;-39.00;available_money;2026-05-16T09:35:02.000-03:00;;;3679853.74;account_money;
2026-05-16T09:36:54.000-03:00;158782021937;payment;6461.00;0.00;6500.00;0.00;-39.00;available_money;2026-05-16T09:36:54.000-03:00;;;3686314.74;account_money;
2026-05-16T09:42:22.000-03:00;159558395008;payment;12922.00;0.00;13000.00;0.00;-78.00;available_money;2026-05-16T09:42:22.000-03:00;;;3699236.74;account_money;
2026-05-16T09:42:41.000-03:00;158782621807;payment;12922.00;0.00;13000.00;0.00;-78.00;available_money;2026-05-16T09:42:41.000-03:00;;;3712158.74;account_money;
2026-05-16T09:44:40.000-03:00;159558594924;payment;5964.00;0.00;6000.00;0.00;-36.00;available_money;2026-05-16T09:44:40.000-03:00;;;3718122.74;account_money;
2026-05-16T09:45:09.000-03:00;159558603614;payment;12922.00;0.00;13000.00;0.00;-78.00;cvu;2026-05-16T09:45:09.000-03:00;;;3731044.74;bank_transfer;
2026-05-16T09:45:35.000-03:00;159558636060;payment;35784.00;0.00;36000.00;0.00;-216.00;available_money;2026-05-16T09:45:35.000-03:00;;;3766828.74;account_money;
2026-05-16T09:46:31.000-03:00;158783103433;payment;19383.00;0.00;19500.00;0.00;-117.00;available_money;2026-05-16T09:46:31.000-03:00;;;3786211.74;account_money;
2026-05-16T09:47:44.000-03:00;159558842034;payment;6461.00;0.00;6500.00;0.00;-39.00;cvu;2026-05-16T09:47:44.000-03:00;;;3792672.74;bank_transfer;
2026-05-16T09:50:35.000-03:00;159559322804;payment;6461.00;0.00;6500.00;0.00;-39.00;available_money;2026-05-16T09:50:35.000-03:00;;;3799133.74;account_money;
2026-05-16T09:51:17.000-03:00;159559438354;payment;6461.00;0.00;6500.00;0.00;-39.00;cvu;2026-05-16T09:51:17.000-03:00;;;3805594.74;bank_transfer;
2026-05-16T09:53:16.000-03:00;159559573420;payment;6461.00;0.00;6500.00;0.00;-39.00;available_money;2026-05-16T09:53:16.000-03:00;;;3812055.74;account_money;
2026-05-16T09:59:17.000-03:00;159560275608;payment;6461.00;0.00;6500.00;0.00;-39.00;available_money;2026-05-16T09:59:17.000-03:00;;;3818516.74;account_money;
2026-05-16T10:01:18.000-03:00;159560454076;payment;11928.00;0.00;12000.00;0.00;-72.00;cvu;2026-05-16T10:01:18.000-03:00;;;3830444.74;bank_transfer;
2026-05-16T10:05:31.000-03:00;158785352507;payment;6461.00;0.00;6500.00;0.00;-39.00;available_money;2026-05-16T10:05:31.000-03:00;;;3836905.74;account_money;
2026-05-16T10:05:41.000-03:00;158785210097;payment;12922.00;0.00;13000.00;0.00;-78.00;available_money;2026-05-16T10:05:41.000-03:00;;;3849827.74;account_money;
2026-05-16T10:08:43.000-03:00;159561374384;payment;6461.00;0.00;6500.00;0.00;-39.00;available_money;2026-05-16T10:08:43.000-03:00;;;3856288.74;account_money;
2026-05-16T10:12:46.000-03:00;158786153115;payment;6461.00;0.00;6500.00;0.00;-39.00;available_money;2026-05-16T10:12:46.000-03:00;;;3862749.74;account_money;
2026-05-16T10:18:03.000-03:00;159562646468;payment;6461.00;0.00;6500.00;0.00;-39.00;available_money;2026-05-16T10:18:03.000-03:00;;;3869210.74;account_money;
2026-05-16T10:21:13.000-03:00;158787087183;payment;6461.00;0.00;6500.00;0.00;-39.00;available_money;2026-05-16T10:21:13.000-03:00;;;3875671.74;account_money;
2026-05-16T10:22:36.000-03:00;159563107860;payment;6461.00;0.00;6500.00;0.00;-39.00;available_money;2026-05-16T10:22:36.000-03:00;;;3882132.74;account_money;
2026-05-16T10:24:06.000-03:00;159563311560;payment;6461.00;0.00;6500.00;0.00;-39.00;available_money;2026-05-16T10:24:06.000-03:00;;;3888593.74;account_money;
2026-05-16T10:25:34.000-03:00;159563580312;payment;6461.00;0.00;6500.00;0.00;-39.00;available_money;2026-05-16T10:25:34.000-03:00;;;3895054.74;account_money;
2026-05-16T10:29:19.000-03:00;159564010398;payment;6461.00;0.00;6500.00;0.00;-39.00;available_money;2026-05-16T10:29:19.000-03:00;;;3901515.74;account_money;
2026-05-16T10:30:48.000-03:00;158788502549;payment;6461.00;0.00;6500.00;0.00;-39.00;available_money;2026-05-16T10:30:48.000-03:00;;;3907976.74;account_money;
2026-05-16T10:31:30.000-03:00;159564228734;payment;6461.00;0.00;6500.00;0.00;-39.00;available_money;2026-05-16T10:31:30.000-03:00;;;3914437.74;account_money;
2026-05-16T10:34:04.000-03:00;158788946111;payment;6461.00;0.00;6500.00;0.00;-39.00;available_money;2026-05-16T10:34:04.000-03:00;;;3920898.74;account_money;
2026-05-16T10:37:27.000-03:00;159565053884;payment;6461.00;0.00;6500.00;0.00;-39.00;available_money;2026-05-16T10:37:27.000-03:00;;;3927359.74;account_money;
2026-05-16T10:38:30.000-03:00;159565232030;payment;6461.00;0.00;6500.00;0.00;-39.00;available_money;2026-05-16T10:38:30.000-03:00;;;3933820.74;account_money;
2026-05-16T10:39:51.000-03:00;159565475206;payment;19383.00;0.00;19500.00;0.00;-117.00;available_money;2026-05-16T10:39:51.000-03:00;;;3953203.74;account_money;
2026-05-16T10:41:56.000-03:00;159565693778;payment;6461.00;0.00;6500.00;0.00;-39.00;available_money;2026-05-16T10:41:56.000-03:00;;;3959664.74;account_money;
2026-05-16T10:44:07.000-03:00;158790139627;payment;3479.00;0.00;3500.00;0.00;-21.00;available_money;2026-05-16T10:44:07.000-03:00;;;3963143.74;account_money;
2026-05-16T10:45:13.000-03:00;159566279750;payment;6461.00;0.00;6500.00;0.00;-39.00;cvu;2026-05-16T10:45:13.000-03:00;;;3969604.74;bank_transfer;
2026-05-16T10:46:34.000-03:00;158790608545;payment;12922.00;0.00;13000.00;0.00;-78.00;available_money;2026-05-16T10:46:34.000-03:00;;;3982526.74;account_money;
2026-05-16T10:47:13.000-03:00;158790613465;payment;12922.00;0.00;13000.00;0.00;-78.00;available_money;2026-05-16T10:47:13.000-03:00;;;3995448.74;account_money;
2026-05-16T10:48:21.000-03:00;159566766644;payment;12922.00;0.00;13000.00;0.00;-78.00;cvu;2026-05-16T10:48:21.000-03:00;;;4008370.74;bank_transfer;
2026-05-16T10:49:10.000-03:00;159566827022;payment;12922.00;0.00;13000.00;0.00;-78.00;cvu;2026-05-16T10:49:10.000-03:00;;;4021292.74;bank_transfer;
2026-05-16T10:52:03.000-03:00;158791358729;payment;6461.00;0.00;6500.00;0.00;-39.00;available_money;2026-05-16T10:52:03.000-03:00;;;4027753.74;account_money;
2026-05-16T10:53:05.000-03:00;158791407833;payment;6461.00;0.00;6500.00;0.00;-39.00;available_money;2026-05-16T10:53:05.000-03:00;;;4034214.74;account_money;
2026-05-16T10:58:55.000-03:00;158792341085;payment;6461.00;0.00;6500.00;0.00;-39.00;available_money;2026-05-16T10:58:55.000-03:00;;;4040675.74;account_money;
2026-05-16T11:01:13.000-03:00;158792619351;payment;6461.00;0.00;6500.00;0.00;-39.00;available_money;2026-05-16T11:01:13.000-03:00;;;4047136.74;account_money;
2026-05-16T11:03:03.000-03:00;158792952201;payment;6461.00;0.00;6500.00;0.00;-39.00;available_money;2026-05-16T11:03:03.000-03:00;;;4053597.74;account_money;
2026-05-16T11:08:24.000-03:00;159569676898;payment;19383.00;0.00;19500.00;0.00;-117.00;available_money;2026-05-16T11:08:24.000-03:00;;;4072980.74;account_money;
2026-05-16T11:08:52.000-03:00;159569703454;payment;6461.00;0.00;6500.00;0.00;-39.00;cvu;2026-05-16T11:08:52.000-03:00;;;4079441.74;bank_transfer;
2026-05-16T11:09:12.000-03:00;158793834861;payment;12425.00;0.00;12500.00;0.00;-75.00;cvu;2026-05-16T11:09:12.000-03:00;;;4091866.74;bank_transfer;
2026-05-16T11:10:15.000-03:00;158793931545;payment;6461.00;0.00;6500.00;0.00;-39.00;available_money;2026-05-16T11:10:15.000-03:00;;;4098327.74;account_money;
2026-05-16T11:10:28.000-03:00;159569992386;payment;6461.00;0.00;6500.00;0.00;-39.00;available_money;2026-05-16T11:10:28.000-03:00;;;4104788.74;account_money;
2026-05-16T11:13:16.000-03:00;158794464809;payment;6461.00;0.00;6500.00;0.00;-39.00;available_money;2026-05-16T11:13:16.000-03:00;;;4111249.74;account_money;
2026-05-16T11:14:21.000-03:00;159570469116;payment;12922.00;0.00;13000.00;0.00;-78.00;available_money;2026-05-16T11:14:21.000-03:00;;;4124171.74;account_money;
2026-05-16T11:16:51.000-03:00;159570835092;payment;12922.00;0.00;13000.00;0.00;-78.00;cvu;2026-05-16T11:16:51.000-03:00;;;4137093.74;bank_transfer;
2026-05-16T11:17:52.000-03:00;158795064077;payment;5964.00;0.00;6000.00;0.00;-36.00;available_money;2026-05-16T11:17:52.000-03:00;;;4143057.74;account_money;
2026-05-16T11:17:58.000-03:00;158795185125;payment;6461.00;0.00;6500.00;0.00;-39.00;available_money;2026-05-16T11:17:58.000-03:00;;;4149518.74;account_money;
2026-05-16T11:18:26.000-03:00;158795364669;payment;6461.00;0.00;6500.00;0.00;-39.00;available_money;2026-05-16T11:18:26.000-03:00;;;4155979.74;account_money;
2026-05-16T11:21:56.000-03:00;159571585828;payment;6461.00;0.00;6500.00;0.00;-39.00;available_money;2026-05-16T11:21:56.000-03:00;;;4162440.74;account_money;
2026-05-16T11:23:13.000-03:00;158795975733;payment;6461.00;0.00;6500.00;0.00;-39.00;available_money;2026-05-16T11:23:13.000-03:00;;;4168901.74;account_money;
2026-05-16T11:23:37.000-03:00;159572022280;payment;5964.00;0.00;6000.00;0.00;-36.00;available_money;2026-05-16T11:23:37.000-03:00;;;4174865.74;account_money;
2026-05-16T11:24:10.000-03:00;158796103883;payment;12922.00;0.00;13000.00;0.00;-78.00;available_money;2026-05-16T11:24:10.000-03:00;;;4187787.74;account_money;
2026-05-16T11:25:32.000-03:00;158796416403;payment;12922.00;0.00;13000.00;0.00;-78.00;available_money;2026-05-16T11:25:32.000-03:00;;;4200709.74;account_money;
2026-05-16T11:27:30.000-03:00;159572507470;payment;6461.00;0.00;6500.00;0.00;-39.00;available_money;2026-05-16T11:27:30.000-03:00;;;4207170.74;account_money;
2026-05-16T11:28:25.000-03:00;158796719595;payment;6461.00;0.00;6500.00;0.00;-39.00;available_money;2026-05-16T11:28:25.000-03:00;;;4213631.74;account_money;
2026-05-16T11:28:47.000-03:00;158796843015;payment;11928.00;0.00;12000.00;0.00;-72.00;available_money;2026-05-16T11:28:47.000-03:00;;;4225559.74;account_money;
2026-05-16T11:28:54.000-03:00;158796900495;payment;6461.00;0.00;6500.00;0.00;-39.00;available_money;2026-05-16T11:28:54.000-03:00;;;4232020.74;account_money;
2026-05-16T11:29:19.000-03:00;159572877430;payment;5964.00;0.00;6000.00;0.00;-36.00;available_money;2026-05-16T11:29:19.000-03:00;;;4237984.74;account_money;
2026-05-16T11:30:52.000-03:00;159573098020;payment;6461.00;0.00;6500.00;0.00;-39.00;available_money;2026-05-16T11:30:52.000-03:00;;;4244445.74;account_money;
2026-05-16T11:34:30.000-03:00;158797898111;payment;12922.00;0.00;13000.00;0.00;-78.00;available_money;2026-05-16T11:34:30.000-03:00;;;4257367.74;account_money;
2026-05-16T11:38:48.000-03:00;159574456578;payment;5964.00;0.00;6000.00;0.00;-36.00;available_money;2026-05-16T11:38:48.000-03:00;;;4263331.74;account_money;
2026-05-16T11:39:39.000-03:00;159574507370;payment;12922.00;0.00;13000.00;0.00;-78.00;cvu;2026-05-16T11:39:39.000-03:00;;;4276253.74;bank_transfer;
2026-05-16T11:40:17.000-03:00;158798942429;payment;35784.00;0.00;36000.00;0.00;-216.00;cvu;2026-05-16T11:40:17.000-03:00;;;4312037.74;bank_transfer;
2026-05-16T11:41:26.000-03:00;159574942482;payment;6461.00;0.00;6500.00;0.00;-39.00;available_money;2026-05-16T11:41:26.000-03:00;;;4318498.74;account_money;
2026-05-16T11:44:36.000-03:00;158799495169;payment;6461.00;0.00;6500.00;0.00;-39.00;available_money;2026-05-16T11:44:36.000-03:00;;;4324959.74;account_money;
2026-05-16T11:44:47.000-03:00;159575407542;payment;12922.00;0.00;13000.00;0.00;-78.00;available_money;2026-05-16T11:44:47.000-03:00;;;4337881.74;account_money;
2026-05-16T11:45:17.000-03:00;159575509116;payment;12922.00;0.00;13000.00;0.00;-78.00;available_money;2026-05-16T11:45:17.000-03:00;;;4350803.74;account_money;
2026-05-16T11:45:39.000-03:00;159575551292;payment;6461.00;0.00;6500.00;0.00;-39.00;cvu;2026-05-16T11:45:39.000-03:00;;;4357264.74;bank_transfer;
2026-05-16T11:47:13.000-03:00;159575708046;payment;6461.00;0.00;6500.00;0.00;-39.00;available_money;2026-05-16T11:47:13.000-03:00;;;4363725.74;account_money;
2026-05-16T11:51:25.000-03:00;159576890160;payment;19383.00;0.00;19500.00;0.00;-117.00;available_money;2026-05-16T11:51:25.000-03:00;;;4383108.74;account_money;
2026-05-16T11:52:10.000-03:00;159576885378;payment;5964.00;0.00;6000.00;0.00;-36.00;available_money;2026-05-16T11:52:10.000-03:00;;;4389072.74;account_money;
2026-05-16T11:58:32.000-03:00;158801846627;payment;5964.00;0.00;6000.00;0.00;-36.00;available_money;2026-05-16T11:58:32.000-03:00;;;4395036.74;account_money;
2026-05-16T12:19:11.000-03:00;158805393917;payment;5964.00;0.00;6000.00;0.00;-36.00;available_money;2026-05-16T12:19:11.000-03:00;;;4401000.74;account_money;
2026-05-16T12:20:58.000-03:00;158805806935;payment;11928.00;0.00;12000.00;0.00;-72.00;cvu;2026-05-16T12:20:58.000-03:00;;;4412928.74;bank_transfer;
2026-05-16T12:22:08.000-03:00;158805952049;payment;11928.00;0.00;12000.00;0.00;-72.00;visa;2026-05-16T12:22:08.000-03:00;;;4424856.74;credit_card;
2026-05-16T12:22:49.000-03:00;158806366601;payment;11928.00;0.00;12000.00;0.00;-72.00;available_money;2026-05-16T12:22:49.000-03:00;;;4436784.74;account_money;
2026-05-16T12:23:23.000-03:00;158806562141;payment;5964.00;0.00;6000.00;0.00;-36.00;available_money;2026-05-16T12:23:23.000-03:00;;;4442748.74;account_money;
2026-05-16T12:24:59.000-03:00;159582573008;payment;11928.00;0.00;12000.00;0.00;-72.00;available_money;2026-05-16T12:24:59.000-03:00;;;4454676.74;account_money;
2026-05-16T12:25:26.000-03:00;158806763627;payment;5964.00;0.00;6000.00;0.00;-36.00;available_money;2026-05-16T12:25:26.000-03:00;;;4460640.74;account_money;
2026-05-16T12:25:57.000-03:00;158806930887;payment;5964.00;0.00;6000.00;0.00;-36.00;cvu;2026-05-16T12:25:57.000-03:00;;;4466604.74;bank_transfer;
2026-05-16T12:29:46.000-03:00;159583323772;payment;5964.00;0.00;6000.00;0.00;-36.00;available_money;2026-05-16T12:29:46.000-03:00;;;4472568.74;account_money;
2026-05-16T12:34:20.000-03:00;158808221441;payment;11928.00;0.00;12000.00;0.00;-72.00;available_money;2026-05-16T12:34:20.000-03:00;;;4484496.74;account_money;
2026-05-16T12:36:13.000-03:00;159584896124;payment;6461.00;0.00;6500.00;0.00;-39.00;available_money;2026-05-16T12:36:13.000-03:00;;;4490957.74;account_money;
2026-05-16T12:36:44.000-03:00;159584940718;payment;5964.00;0.00;6000.00;0.00;-36.00;available_money;2026-05-16T12:36:44.000-03:00;;;4496921.74;account_money;
2026-05-16T12:40:14.000-03:00;159585369958;payment;29820.00;0.00;30000.00;0.00;-180.00;available_money;2026-05-16T12:40:14.000-03:00;;;4526741.74;account_money;
2026-05-16T12:46:18.000-03:00;158810676733;payment;5964.00;0.00;6000.00;0.00;-36.00;available_money;2026-05-16T12:46:18.000-03:00;;;4532705.74;account_money;
2026-05-16T12:48:55.000-03:00;159587008520;payment;5964.00;0.00;6000.00;0.00;-36.00;available_money;2026-05-16T12:48:55.000-03:00;;;4538669.74;account_money;
2026-05-16T12:51:48.000-03:00;159587357788;payment;5964.00;0.00;6000.00;0.00;-36.00;available_money;2026-05-16T12:51:48.000-03:00;;;4544633.74;account_money;
2026-05-16T12:52:44.000-03:00;159587525754;payment;17892.00;0.00;18000.00;0.00;-108.00;available_money;2026-05-16T12:52:44.000-03:00;;;4562525.74;account_money;
2026-05-16T12:53:07.000-03:00;159587673024;payment;5964.00;0.00;6000.00;0.00;-36.00;available_money;2026-05-16T12:53:07.000-03:00;;;4568489.74;account_money;
2026-05-16T12:53:18.000-03:00;159587627598;payment;5964.00;0.00;6000.00;0.00;-36.00;available_money;2026-05-16T12:53:18.000-03:00;;;4574453.74;account_money;
2026-05-16T12:58:24.000-03:00;159588818502;payment;5964.00;0.00;6000.00;0.00;-36.00;available_money;2026-05-16T12:58:24.000-03:00;;;4580417.74;account_money;
2026-05-16T12:59:00.000-03:00;159588867034;payment;5964.00;0.00;6000.00;0.00;-36.00;available_money;2026-05-16T12:59:00.000-03:00;;;4586381.74;account_money;
2026-05-16T13:00:57.000-03:00;159589174894;payment;5964.00;0.00;6000.00;0.00;-36.00;available_money;2026-05-16T13:00:57.000-03:00;;;4592345.74;account_money;
2026-05-16T13:04:52.000-03:00;159589834364;payment;6461.00;0.00;6500.00;0.00;-39.00;debin_transfer;2026-05-16T13:04:52.000-03:00;;;4598806.74;bank_transfer;
2026-05-16T13:09:55.000-03:00;158814719091;payment;5964.00;0.00;6000.00;0.00;-36.00;available_money;2026-05-16T13:09:55.000-03:00;;;4604770.74;account_money;
2026-05-16T13:12:43.000-03:00;159590971678;payment;5964.00;0.00;6000.00;0.00;-36.00;available_money;2026-05-16T13:12:43.000-03:00;;;4610734.74;account_money;
2026-05-16T13:14:23.000-03:00;158815399161;payment;5964.00;0.00;6000.00;0.00;-36.00;cvu;2026-05-16T13:14:23.000-03:00;;;4616698.74;bank_transfer;
2026-05-16T13:22:11.000-03:00;159592713630;payment;11928.00;0.00;12000.00;0.00;-72.00;available_money;2026-05-16T13:22:11.000-03:00;;;4628626.74;account_money;
2026-05-16T13:25:40.000-03:00;159593354466;payment;5964.00;0.00;6000.00;0.00;-36.00;amex;2026-05-16T13:25:40.000-03:00;;;4634590.74;credit_card;
2026-05-16T13:28:13.000-03:00;158817702141;payment;5964.00;0.00;6000.00;0.00;-36.00;available_money;2026-05-16T13:28:13.000-03:00;;;4640554.74;account_money;
2026-05-16T13:31:34.000-03:00;158818344413;payment;5964.00;0.00;6000.00;0.00;-36.00;cvu;2026-05-16T13:31:34.000-03:00;;;4646518.74;bank_transfer;
2026-05-16T13:52:50.000-03:00;159597515682;payment;5964.00;0.00;6000.00;0.00;-36.00;available_money;2026-05-16T13:52:50.000-03:00;;;4652482.74;account_money;
2026-05-16T13:53:54.000-03:00;159597689394;payment;5964.00;0.00;6000.00;0.00;-36.00;available_money;2026-05-16T13:53:54.000-03:00;;;4658446.74;account_money;
2026-05-16T13:54:35.000-03:00;159597834978;payment;5964.00;0.00;6000.00;0.00;-36.00;cvu;2026-05-16T13:54:35.000-03:00;;;4664410.74;bank_transfer;
2026-05-16T13:59:43.000-03:00;159598455818;payment;11928.00;0.00;12000.00;0.00;-72.00;available_money;2026-05-16T13:59:43.000-03:00;;;4676338.74;account_money;
2026-05-16T14:01:11.000-03:00;159598796566;payment;6461.00;0.00;6500.00;0.00;-39.00;available_money;2026-05-16T14:01:11.000-03:00;;;4682799.74;account_money;
2026-05-16T14:09:32.000-03:00;159600122474;payment;5964.00;0.00;6000.00;0.00;-36.00;available_money;2026-05-16T14:09:32.000-03:00;;;4688763.74;account_money;
2026-05-16T14:22:10.000-03:00;158825877413;payment;173950.00;0.00;175000.00;0.00;-1050.00;available_money;2026-05-16T14:22:10.000-03:00;;;4862713.74;account_money;
2026-05-16T14:49:12.000-03:00;158829753135;payment;5964.00;0.00;6000.00;0.00;-36.00;available_money;2026-05-16T14:49:12.000-03:00;;;4868677.74;account_money;
2026-05-16T15:45:50.000-03:00;158837555337;payment;99400.00;0.00;100000.00;0.00;-600.00;available_money;2026-05-16T15:45:50.000-03:00;;;4968077.74;account_money;
2026-05-18T09:40:56.000-03:00;159828140130;reserve_for_payment;0.00;150900.00;-150900.00;0.00;0.00;available_money;2026-05-18T09:40:56.000-03:00;;;4817177.74;account_money;
2026-05-18T09:40:56.000-03:00;159828140130;reserve_for_payment;150900.00;0.00;150900.00;0.00;0.00;available_money;2026-05-18T09:40:56.000-03:00;;;4968077.74;account_money;
2026-05-18T09:40:56.000-03:00;159828140130;payment;0.00;150900.00;-150000.00;0.00;-900.00;available_money;2026-05-18T09:40:56.000-03:00;;;4817177.74;account_money;
2026-05-18T18:55:09.000-03:00;159913371626;reserve_for_payment;0.00;186217.93;-186217.93;0.00;0.00;available_money;2026-05-18T18:55:09.000-03:00;Mercado Pago;Wallet;4630959.81;account_money;
2026-05-18T18:55:09.000-03:00;159913371626;reserve_for_payment;186217.93;0.00;186217.93;0.00;0.00;available_money;2026-05-18T18:55:09.000-03:00;Mercado Pago;Wallet;4817177.74;account_money;
2026-05-18T18:55:09.000-03:00;159913371626;payment;0.00;186217.93;-185107.29;0.00;-1110.64;available_money;2026-05-18T18:55:09.000-03:00;Mercado Pago;Wallet;4630959.81;account_money;
2026-05-18T22:14:20.000-03:00;159163796311;payment;228620.00;0.00;230000.00;0.00;-1380.00;available_money;2026-05-18T22:14:20.000-03:00;;;4859579.81;account_money;
2026-05-19T04:01:07.000-03:00;1743973531011;asset_management;2337.10;0.00;2337.10;0.00;0.00;available_money;2026-05-19T04:01:07.000-03:00;;;4861916.91;;
2026-05-19T08:46:46.000-03:00;159198252455;reserve_for_payment;0.00;173037.91;-173037.91;0.00;0.00;available_money;2026-05-19T08:46:46.000-03:00;Mercado Pago;QR;4688879.00;account_money;
2026-05-19T08:46:46.000-03:00;159198252455;reserve_for_payment;173037.91;0.00;173037.91;0.00;0.00;available_money;2026-05-19T08:46:46.000-03:00;Mercado Pago;QR;4861916.91;account_money;
2026-05-19T08:46:46.000-03:00;159198252455;payment;0.00;173037.91;-172005.87;0.00;-1032.04;available_money;2026-05-19T08:46:46.000-03:00;Mercado Pago;QR;4688879.00;account_money;
2026-05-19T14:18:33.000-03:00;159245443223;reserve_for_payout;0.00;730356.00;-730356.00;0.00;0.00;available_money;2026-05-19T14:18:33.000-03:00;;;3958523.00;;
2026-05-19T14:18:36.000-03:00;159245443223;reserve_for_payout;730356.00;0.00;730356.00;0.00;0.00;available_money;2026-05-19T14:18:36.000-03:00;;;4688879.00;;
2026-05-19T14:18:36.000-03:00;159245443223;payout;0.00;730356.00;-726000.00;0.00;-4356.00;available_money;2026-05-19T14:18:36.000-03:00;;;3958523.00;;
2026-05-20T05:20:12.000-03:00;1744053830315;asset_management;1918.77;0.00;1918.77;0.00;0.00;available_money;2026-05-20T05:20:12.000-03:00;;;3960441.77;;
2026-05-20T08:32:09.000-03:00;159346747101;payment;6958.00;0.00;7000.00;0.00;-42.00;available_money;2026-05-20T08:32:09.000-03:00;;;3967399.77;account_money;
2026-05-20T11:24:09.000-03:00;159368776189;payment;198800.00;0.00;200000.00;0.00;-1200.00;available_money;2026-05-20T11:24:09.000-03:00;;;4166199.77;account_money;
2026-05-20T19:10:04.000-03:00;159443787713;payment;71568.00;0.00;72000.00;0.00;-432.00;cvu;2026-05-20T19:10:04.000-03:00;;;4237767.77;bank_transfer;
2026-05-21T05:05:02.000-03:00;1744119599604;asset_management;2026.38;0.00;2026.38;0.00;0.00;available_money;2026-05-21T05:05:02.000-03:00;;;4239794.15;;
2026-05-21T09:40:34.000-03:00;160351997952;reserve_for_payment;0.00;49899.61;-49899.61;0.00;0.00;available_money;2026-05-21T09:40:34.000-03:00;Mercado Pago;QR;4189894.54;account_money;
2026-05-21T09:40:34.000-03:00;160351997952;reserve_for_payment;49899.61;0.00;49899.61;0.00;0.00;available_money;2026-05-21T09:40:34.000-03:00;Mercado Pago;QR;4239794.15;account_money;
2026-05-21T09:40:34.000-03:00;160351997952;payment;0.00;49899.61;-49602.00;0.00;-297.61;available_money;2026-05-21T09:40:34.000-03:00;Mercado Pago;QR;4189894.54;account_money;
2026-05-21T11:05:17.000-03:00;160363633382;payment;232596.00;0.00;234000.00;0.00;-1404.00;available_money;2026-05-21T11:05:17.000-03:00;;;4422490.54;account_money;
2026-05-22T05:01:18.000-03:00;1744183973944;asset_management;2146.52;0.00;2146.52;0.00;0.00;available_money;2026-05-22T05:01:18.000-03:00;;;4424637.06;;
2026-05-22T12:10:32.000-03:00;159742651345;payment;6958.00;0.00;7000.00;0.00;-42.00;available_money;2026-05-22T12:10:32.000-03:00;;;4431595.06;account_money;
2026-05-22T15:16:18.000-03:00;160556633730;payment;6958.00;0.00;7000.00;0.00;-42.00;available_money;2026-05-22T15:16:18.000-03:00;;;4438553.06;account_money;
2026-05-23T07:28:03.000-03:00;160647852172;payment;13916.00;0.00;14000.00;0.00;-84.00;available_money;2026-05-23T07:28:03.000-03:00;;;4452469.06;account_money;
2026-05-23T08:17:47.000-03:00;160649987136;payment;5964.00;0.00;6000.00;0.00;-36.00;available_money;2026-05-23T08:17:47.000-03:00;;;4458433.06;account_money;
2026-05-23T08:30:11.000-03:00;159865795105;payment;6461.00;0.00;6500.00;0.00;-39.00;available_money;2026-05-23T08:30:11.000-03:00;;;4464894.06;account_money;
2026-05-23T08:31:26.000-03:00;160650906944;payment;12922.00;0.00;13000.00;0.00;-78.00;available_money;2026-05-23T08:31:26.000-03:00;;;4477816.06;account_money;
2026-05-23T08:51:37.000-03:00;159867158033;payment;6461.00;0.00;6500.00;0.00;-39.00;available_money;2026-05-23T08:51:37.000-03:00;;;4484277.06;account_money;
2026-05-23T09:02:50.000-03:00;160652986538;payment;6461.00;0.00;6500.00;0.00;-39.00;cvu;2026-05-23T09:02:50.000-03:00;;;4490738.06;bank_transfer;
2026-05-23T09:09:40.000-03:00;160653298054;payment;12922.00;0.00;13000.00;0.00;-78.00;available_money;2026-05-23T09:09:40.000-03:00;;;4503660.06;account_money;
2026-05-23T09:09:50.000-03:00;160653416218;payment;12922.00;0.00;13000.00;0.00;-78.00;debin_transfer;2026-05-23T09:09:50.000-03:00;;;4516582.06;bank_transfer;
2026-05-23T09:16:25.000-03:00;160654020408;payment;12922.00;0.00;13000.00;0.00;-78.00;cvu;2026-05-23T09:16:25.000-03:00;;;4529504.06;bank_transfer;
2026-05-23T09:18:38.000-03:00;159869195345;payment;6461.00;0.00;6500.00;0.00;-39.00;available_money;2026-05-23T09:18:38.000-03:00;;;4535965.06;account_money;
2026-05-23T09:21:18.000-03:00;160654356020;payment;12922.00;0.00;13000.00;0.00;-78.00;available_money;2026-05-23T09:21:18.000-03:00;;;4548887.06;account_money;
2026-05-23T09:28:55.000-03:00;160655093588;payment;6461.00;0.00;6500.00;0.00;-39.00;cvu;2026-05-23T09:28:55.000-03:00;;;4555348.06;bank_transfer;
2026-05-23T09:30:32.000-03:00;159870239803;payment;12922.00;0.00;13000.00;0.00;-78.00;available_money;2026-05-23T09:30:32.000-03:00;;;4568270.06;account_money;
2026-05-23T09:30:33.000-03:00;159870358281;payment;12922.00;0.00;13000.00;0.00;-78.00;available_money;2026-05-23T09:30:33.000-03:00;;;4581192.06;account_money;
2026-05-23T09:31:09.000-03:00;159870382587;payment;6461.00;0.00;6500.00;0.00;-39.00;available_money;2026-05-23T09:31:09.000-03:00;;;4587653.06;account_money;
2026-05-23T09:38:41.000-03:00;160656025188;payment;6461.00;0.00;6500.00;0.00;-39.00;available_money;2026-05-23T09:38:41.000-03:00;;;4594114.06;account_money;
2026-05-23T09:39:54.000-03:00;160656160958;payment;12922.00;0.00;13000.00;0.00;-78.00;available_money;2026-05-23T09:39:54.000-03:00;;;4607036.06;account_money;
2026-05-23T09:52:08.000-03:00;160657275930;payment;6461.00;0.00;6500.00;0.00;-39.00;available_money;2026-05-23T09:52:08.000-03:00;;;4613497.06;account_money;
2026-05-23T09:54:48.000-03:00;159872690519;payment;6461.00;0.00;6500.00;0.00;-39.00;available_money;2026-05-23T09:54:48.000-03:00;;;4619958.06;account_money;
2026-05-23T09:55:10.000-03:00;160657571310;payment;6461.00;0.00;6500.00;0.00;-39.00;available_money;2026-05-23T09:55:10.000-03:00;;;4626419.06;account_money;
2026-05-23T10:01:08.000-03:00;159873207865;payment;12922.00;0.00;13000.00;0.00;-78.00;available_money;2026-05-23T10:01:08.000-03:00;;;4639341.06;account_money;
2026-05-23T10:04:40.000-03:00;160658557988;payment;6461.00;0.00;6500.00;0.00;-39.00;available_money;2026-05-23T10:04:40.000-03:00;;;4645802.06;account_money;
2026-05-23T10:13:19.000-03:00;160659748420;payment;6461.00;0.00;6500.00;0.00;-39.00;available_money;2026-05-23T10:13:19.000-03:00;;;4652263.06;account_money;
2026-05-23T10:16:44.000-03:00;159874985145;payment;3479.00;0.00;3500.00;0.00;-21.00;available_money;2026-05-23T10:16:44.000-03:00;;;4655742.06;account_money;
2026-05-23T10:22:02.000-03:00;160660623858;payment;11928.00;0.00;12000.00;0.00;-72.00;cvu;2026-05-23T10:22:02.000-03:00;;;4667670.06;bank_transfer;
2026-05-23T10:27:31.000-03:00;159876310645;payment;11928.00;0.00;12000.00;0.00;-72.00;available_money;2026-05-23T10:27:31.000-03:00;;;4679598.06;account_money;
2026-05-23T10:28:32.000-03:00;159876432361;payment;6461.00;0.00;6500.00;0.00;-39.00;available_money;2026-05-23T10:28:32.000-03:00;;;4686059.06;account_money;
2026-05-23T10:29:46.000-03:00;159876554785;payment;6461.00;0.00;6500.00;0.00;-39.00;available_money;2026-05-23T10:29:46.000-03:00;;;4692520.06;account_money;
2026-05-23T10:30:17.000-03:00;159876587205;payment;12922.00;0.00;13000.00;0.00;-78.00;available_money;2026-05-23T10:30:17.000-03:00;;;4705442.06;account_money;
2026-05-23T10:34:28.000-03:00;160662211408;payment;12922.00;0.00;13000.00;0.00;-78.00;available_money;2026-05-23T10:34:28.000-03:00;;;4718364.06;account_money;
2026-05-23T10:37:51.000-03:00;160662637278;payment;12922.00;0.00;13000.00;0.00;-78.00;available_money;2026-05-23T10:37:51.000-03:00;;;4731286.06;account_money;
2026-05-23T10:45:13.000-03:00;159878628201;payment;12922.00;0.00;13000.00;0.00;-78.00;available_money;2026-05-23T10:45:13.000-03:00;;;4744208.06;account_money;
2026-05-23T10:45:27.000-03:00;160663688120;payment;6461.00;0.00;6500.00;0.00;-39.00;available_money;2026-05-23T10:45:27.000-03:00;;;4750669.06;account_money;
2026-05-23T10:46:10.000-03:00;160663661592;payment;6461.00;0.00;6500.00;0.00;-39.00;available_money;2026-05-23T10:46:10.000-03:00;;;4757130.06;account_money;
2026-05-23T10:49:10.000-03:00;159879029647;payment;11928.00;0.00;12000.00;0.00;-72.00;available_money;2026-05-23T10:49:10.000-03:00;;;4769058.06;account_money;
2026-05-23T10:49:11.000-03:00;159879057359;payment;12922.00;0.00;13000.00;0.00;-78.00;cvu;2026-05-23T10:49:11.000-03:00;;;4781980.06;bank_transfer;
2026-05-23T10:51:05.000-03:00;159879354331;payment;6461.00;0.00;6500.00;0.00;-39.00;available_money;2026-05-23T10:51:05.000-03:00;;;4788441.06;account_money;
2026-05-23T10:51:42.000-03:00;160664446442;payment;6461.00;0.00;6500.00;0.00;-39.00;available_money;2026-05-23T10:51:42.000-03:00;;;4794902.06;account_money;
2026-05-23T10:51:53.000-03:00;159879349689;payment;6461.00;0.00;6500.00;0.00;-39.00;available_money;2026-05-23T10:51:53.000-03:00;;;4801363.06;account_money;
2026-05-23T10:54:48.000-03:00;159879832407;payment;12425.00;0.00;12500.00;0.00;-75.00;available_money;2026-05-23T10:54:48.000-03:00;;;4813788.06;account_money;
2026-05-23T10:55:25.000-03:00;160665004206;payment;3479.00;0.00;3500.00;0.00;-21.00;available_money;2026-05-23T10:55:25.000-03:00;;;4817267.06;account_money;
2026-05-23T10:56:22.000-03:00;160665058984;payment;6461.00;0.00;6500.00;0.00;-39.00;cvu;2026-05-23T10:56:22.000-03:00;;;4823728.06;bank_transfer;
2026-05-23T10:59:39.000-03:00;160665688976;payment;3479.00;0.00;3500.00;0.00;-21.00;available_money;2026-05-23T10:59:39.000-03:00;;;4827207.06;account_money;
2026-05-23T11:01:56.000-03:00;160665921224;payment;11928.00;0.00;12000.00;0.00;-72.00;cvu;2026-05-23T11:01:56.000-03:00;;;4839135.06;bank_transfer;
2026-05-23T11:02:27.000-03:00;160666056370;payment;5964.00;0.00;6000.00;0.00;-36.00;available_money;2026-05-23T11:02:27.000-03:00;;;4845099.06;account_money;
2026-05-23T11:05:28.000-03:00;159881071897;payment;12922.00;0.00;13000.00;0.00;-78.00;available_money;2026-05-23T11:05:28.000-03:00;;;4858021.06;account_money;
2026-05-23T11:09:43.000-03:00;159881755049;payment;17892.00;0.00;18000.00;0.00;-108.00;available_money;2026-05-23T11:09:43.000-03:00;;;4875913.06;account_money;
2026-05-23T11:10:27.000-03:00;159881809849;payment;5964.00;0.00;6000.00;0.00;-36.00;available_money;2026-05-23T11:10:27.000-03:00;;;4881877.06;account_money;
2026-05-23T11:13:00.000-03:00;159882420299;payment;11928.00;0.00;12000.00;0.00;-72.00;visa;2026-05-23T11:13:00.000-03:00;;;4893805.06;credit_card;
2026-05-23T11:14:00.000-03:00;160667507822;payment;11928.00;0.00;12000.00;0.00;-72.00;available_money;2026-05-23T11:14:00.000-03:00;;;4905733.06;account_money;
2026-05-23T11:14:25.000-03:00;160667589712;payment;5964.00;0.00;6000.00;0.00;-36.00;available_money;2026-05-23T11:14:25.000-03:00;;;4911697.06;account_money;
2026-05-23T11:17:25.000-03:00;159883022399;payment;5964.00;0.00;6000.00;0.00;-36.00;debin_transfer;2026-05-23T11:17:25.000-03:00;;;4917661.06;bank_transfer;
2026-05-23T11:19:09.000-03:00;160668166030;payment;5964.00;0.00;6000.00;0.00;-36.00;cvu;2026-05-23T11:19:09.000-03:00;;;4923625.06;bank_transfer;
2026-05-23T11:23:42.000-03:00;159883910597;payment;5964.00;0.00;6000.00;0.00;-36.00;available_money;2026-05-23T11:23:42.000-03:00;;;4929589.06;account_money;
2026-05-23T11:24:49.000-03:00;160669346172;payment;5964.00;0.00;6000.00;0.00;-36.00;available_money;2026-05-23T11:24:49.000-03:00;;;4935553.06;account_money;
2026-05-23T11:26:51.000-03:00;160669525422;payment;5964.00;0.00;6000.00;0.00;-36.00;available_money;2026-05-23T11:26:51.000-03:00;;;4941517.06;account_money;
2026-05-23T11:29:29.000-03:00;160669883492;payment;11928.00;0.00;12000.00;0.00;-72.00;available_money;2026-05-23T11:29:29.000-03:00;;;4953445.06;account_money;
2026-05-23T11:32:02.000-03:00;160670313208;payment;6461.00;0.00;6500.00;0.00;-39.00;available_money;2026-05-23T11:32:02.000-03:00;;;4959906.06;account_money;
2026-05-23T11:32:48.000-03:00;159885227131;payment;5467.00;0.00;5500.00;0.00;-33.00;available_money;2026-05-23T11:32:48.000-03:00;;;4965373.06;account_money;
2026-05-23T11:37:16.000-03:00;159885944097;payment;11928.00;0.00;12000.00;0.00;-72.00;available_money;2026-05-23T11:37:16.000-03:00;;;4977301.06;account_money;
2026-05-23T11:42:09.000-03:00;159886858199;payment;5964.00;0.00;6000.00;0.00;-36.00;available_money;2026-05-23T11:42:09.000-03:00;;;4983265.06;account_money;
2026-05-23T11:42:10.000-03:00;159886828569;payment;11928.00;0.00;12000.00;0.00;-72.00;available_money;2026-05-23T11:42:10.000-03:00;;;4995193.06;account_money;
2026-05-23T11:46:11.000-03:00;160672641372;payment;5964.00;0.00;6000.00;0.00;-36.00;available_money;2026-05-23T11:46:11.000-03:00;;;5001157.06;account_money;
2026-05-23T11:47:22.000-03:00;159887529841;payment;5964.00;0.00;6000.00;0.00;-36.00;available_money;2026-05-23T11:47:22.000-03:00;;;5007121.06;account_money;
2026-05-23T11:51:04.000-03:00;160673458396;payment;5964.00;0.00;6000.00;0.00;-36.00;cvu;2026-05-23T11:51:04.000-03:00;;;5013085.06;bank_transfer;
2026-05-23T11:53:55.000-03:00;159888575493;payment;5964.00;0.00;6000.00;0.00;-36.00;available_money;2026-05-23T11:53:55.000-03:00;;;5019049.06;account_money;
2026-05-23T11:54:39.000-03:00;160673905910;payment;5964.00;0.00;6000.00;0.00;-36.00;available_money;2026-05-23T11:54:39.000-03:00;;;5025013.06;account_money;
2026-05-23T11:56:17.000-03:00;159889063569;payment;5964.00;0.00;6000.00;0.00;-36.00;cvu;2026-05-23T11:56:17.000-03:00;;;5030977.06;bank_transfer;
2026-05-23T12:05:01.000-03:00;159890477835;payment;5964.00;0.00;6000.00;0.00;-36.00;available_money;2026-05-23T12:05:01.000-03:00;;;5036941.06;account_money;
2026-05-23T12:08:30.000-03:00;159891136609;payment;11928.00;0.00;12000.00;0.00;-72.00;available_money;2026-05-23T12:08:30.000-03:00;;;5048869.06;account_money;
2026-05-23T12:10:38.000-03:00;160676716648;payment;5964.00;0.00;6000.00;0.00;-36.00;available_money;2026-05-23T12:10:38.000-03:00;;;5054833.06;account_money;
2026-05-23T12:11:49.000-03:00;159891611217;payment;5964.00;0.00;6000.00;0.00;-36.00;available_money;2026-05-23T12:11:49.000-03:00;;;5060797.06;account_money;
2026-05-23T12:13:46.000-03:00;159891899703;payment;11928.00;0.00;12000.00;0.00;-72.00;available_money;2026-05-23T12:13:46.000-03:00;;;5072725.06;account_money;
2026-05-23T12:16:46.000-03:00;159892481787;payment;5964.00;0.00;6000.00;0.00;-36.00;cvu;2026-05-23T12:16:46.000-03:00;;;5078689.06;bank_transfer;
2026-05-23T12:17:24.000-03:00;159892734309;payment;5964.00;0.00;6000.00;0.00;-36.00;available_money;2026-05-23T12:17:24.000-03:00;;;5084653.06;account_money;
2026-05-23T12:20:34.000-03:00;160678445296;payment;5964.00;0.00;6000.00;0.00;-36.00;cvu;2026-05-23T12:20:34.000-03:00;;;5090617.06;bank_transfer;
2026-05-23T12:20:50.000-03:00;160678447704;payment;5964.00;0.00;6000.00;0.00;-36.00;available_money;2026-05-23T12:20:50.000-03:00;;;5096581.06;account_money;
2026-05-23T12:20:58.000-03:00;160678513528;payment;5964.00;0.00;6000.00;0.00;-36.00;cvu;2026-05-23T12:20:58.000-03:00;;;5102545.06;bank_transfer;
2026-05-23T12:23:50.000-03:00;160679076280;payment;5964.00;0.00;6000.00;0.00;-36.00;available_money;2026-05-23T12:23:50.000-03:00;;;5108509.06;account_money;
2026-05-23T12:25:35.000-03:00;160679193846;payment;12922.00;0.00;13000.00;0.00;-78.00;available_money;2026-05-23T12:25:35.000-03:00;;;5121431.06;account_money;
2026-05-23T12:29:08.000-03:00;160679949308;payment;5964.00;0.00;6000.00;0.00;-36.00;available_money;2026-05-23T12:29:08.000-03:00;;;5127395.06;account_money;
2026-05-23T12:40:14.000-03:00;160681969046;payment;11928.00;0.00;12000.00;0.00;-72.00;cvu;2026-05-23T12:40:14.000-03:00;;;5139323.06;bank_transfer;
2026-05-23T12:41:15.000-03:00;159896738883;payment;5964.00;0.00;6000.00;0.00;-36.00;available_money;2026-05-23T12:41:15.000-03:00;;;5145287.06;account_money;
2026-05-23T12:43:21.000-03:00;159897089547;payment;5964.00;0.00;6000.00;0.00;-36.00;cvu;2026-05-23T12:43:21.000-03:00;;;5151251.06;bank_transfer;
2026-05-23T12:48:03.000-03:00;159897797927;payment;11928.00;0.00;12000.00;0.00;-72.00;visa;2026-05-23T12:48:03.000-03:00;;;5163179.06;credit_card;
2026-05-23T12:48:39.000-03:00;160683267014;payment;5964.00;0.00;6000.00;0.00;-36.00;available_money;2026-05-23T12:48:39.000-03:00;;;5169143.06;account_money;
2026-05-23T12:49:27.000-03:00;160683399118;payment;5964.00;0.00;6000.00;0.00;-36.00;debin_transfer;2026-05-23T12:49:27.000-03:00;;;5175107.06;bank_transfer;
2026-05-23T12:54:23.000-03:00;159899015223;payment;5964.00;0.00;6000.00;0.00;-36.00;cvu;2026-05-23T12:54:23.000-03:00;;;5181071.06;bank_transfer;
2026-05-23T12:55:12.000-03:00;160684397042;payment;5964.00;0.00;6000.00;0.00;-36.00;available_money;2026-05-23T12:55:12.000-03:00;;;5187035.06;account_money;
2026-05-23T12:56:52.000-03:00;159899299843;payment;5964.00;0.00;6000.00;0.00;-36.00;available_money;2026-05-23T12:56:52.000-03:00;;;5192999.06;account_money;
2026-05-23T12:58:11.000-03:00;160684936648;payment;5964.00;0.00;6000.00;0.00;-36.00;available_money;2026-05-23T12:58:11.000-03:00;;;5198963.06;account_money;
2026-05-23T13:10:06.000-03:00;160686948158;payment;5964.00;0.00;6000.00;0.00;-36.00;available_money;2026-05-23T13:10:06.000-03:00;;;5204927.06;account_money;
2026-05-23T13:11:43.000-03:00;159901860227;payment;11928.00;0.00;12000.00;0.00;-72.00;available_money;2026-05-23T13:11:43.000-03:00;;;5216855.06;account_money;
2026-05-23T13:21:06.000-03:00;159903396619;payment;11928.00;0.00;12000.00;0.00;-72.00;available_money;2026-05-23T13:21:06.000-03:00;;;5228783.06;account_money;
2026-05-23T13:25:32.000-03:00;160689370370;payment;5964.00;0.00;6000.00;0.00;-36.00;cvu;2026-05-23T13:25:32.000-03:00;;;5234747.06;bank_transfer;
2026-05-23T13:31:24.000-03:00;160690305412;payment;6461.00;0.00;6500.00;0.00;-39.00;cvu;2026-05-23T13:31:24.000-03:00;;;5241208.06;bank_transfer;
2026-05-23T13:33:58.000-03:00;159905237941;payment;5964.00;0.00;6000.00;0.00;-36.00;available_money;2026-05-23T13:33:58.000-03:00;;;5247172.06;account_money;
2026-05-23T13:36:16.000-03:00;160690975108;payment;5964.00;0.00;6000.00;0.00;-36.00;amex;2026-05-23T13:36:16.000-03:00;;;5253136.06;credit_card;
2026-05-23T13:37:01.000-03:00;160691047412;payment;5964.00;0.00;6000.00;0.00;-36.00;available_money;2026-05-23T13:37:01.000-03:00;;;5259100.06;account_money;
2026-05-23T13:37:06.000-03:00;160691033734;payment;5964.00;0.00;6000.00;0.00;-36.00;cvu;2026-05-23T13:37:06.000-03:00;;;5265064.06;bank_transfer;
2026-05-23T13:39:17.000-03:00;160691430744;payment;5964.00;0.00;6000.00;0.00;-36.00;available_money;2026-05-23T13:39:17.000-03:00;;;5271028.06;account_money;
2026-05-23T13:39:37.000-03:00;160691556156;payment;11928.00;0.00;12000.00;0.00;-72.00;available_money;2026-05-23T13:39:37.000-03:00;;;5282956.06;account_money;
2026-05-23T13:42:01.000-03:00;159906609091;payment;5964.00;0.00;6000.00;0.00;-36.00;available_money;2026-05-23T13:42:01.000-03:00;;;5288920.06;account_money;
2026-05-23T13:47:45.000-03:00;159907498141;payment;5964.00;0.00;6000.00;0.00;-36.00;available_money;2026-05-23T13:47:45.000-03:00;;;5294884.06;account_money;
2026-05-23T14:00:06.000-03:00;160694549910;payment;3479.00;0.00;3500.00;0.00;-21.00;available_money;2026-05-23T14:00:06.000-03:00;;;5298363.06;account_money;
2026-05-23T14:10:31.000-03:00;160695965706;payment;5964.00;0.00;6000.00;0.00;-36.00;available_money;2026-05-23T14:10:31.000-03:00;;;5304327.06;account_money;
2026-05-23T14:39:38.000-03:00;159914859479;payment;196812.00;0.00;198000.00;0.00;-1188.00;available_money;2026-05-23T14:39:38.000-03:00;;;5501139.06;account_money;
2026-05-23T14:44:08.000-03:00;160700612082;payment;149100.00;0.00;150000.00;0.00;-900.00;cvu;2026-05-23T14:44:08.000-03:00;;;5650239.06;bank_transfer;
2026-05-24T12:10:31.000-03:00;160024499411;payment;295218.00;0.00;297000.00;0.00;-1782.00;available_money;2026-05-24T12:10:31.000-03:00;;;5945457.06;account_money;
2026-05-24T22:04:42.000-03:00;160876650168;payment;6461.00;0.00;6500.00;0.00;-39.00;available_money;2026-05-24T22:04:42.000-03:00;;;5951918.06;account_money;
2026-05-26T05:03:01.000-03:00;1744291286222;asset_management;8586.12;0.00;8586.12;0.00;0.00;available_money;2026-05-26T05:03:01.000-03:00;;;5960504.18;;
2026-05-26T09:00:26.000-03:00;160260149541;payment;12922.00;0.00;13000.00;0.00;-78.00;available_money;2026-05-26T09:00:26.000-03:00;;;5973426.18;account_money;
2026-05-26T09:05:52.000-03:00;160260776643;payment;6461.00;0.00;6500.00;0.00;-39.00;available_money;2026-05-26T09:05:52.000-03:00;;;5979887.18;account_money;
2026-05-26T09:54:03.000-03:00;160266200961;payment;5964.00;0.00;6000.00;0.00;-36.00;available_money;2026-05-26T09:54:03.000-03:00;;;5985851.18;account_money;
2026-05-26T10:48:45.000-03:00;161060464886;payment;6461.00;0.00;6500.00;0.00;-39.00;available_money;2026-05-26T10:48:45.000-03:00;;;5992312.18;account_money;
2026-05-26T10:48:57.000-03:00;160273472365;payment;6461.00;0.00;6500.00;0.00;-39.00;available_money;2026-05-26T10:48:57.000-03:00;;;5998773.18;account_money;
2026-05-26T10:52:00.000-03:00;160273751839;payment;5964.00;0.00;6000.00;0.00;-36.00;available_money;2026-05-26T10:52:00.000-03:00;;;6004737.18;account_money;
2026-05-26T11:20:04.000-03:00;160277707041;payment;5964.00;0.00;6000.00;0.00;-36.00;available_money;2026-05-26T11:20:04.000-03:00;;;6010701.18;account_money;
2026-05-26T11:23:15.000-03:00;161065438986;payment;5964.00;0.00;6000.00;0.00;-36.00;available_money;2026-05-26T11:23:15.000-03:00;;;6016665.18;account_money;
2026-05-26T11:23:28.000-03:00;161065508652;payment;5964.00;0.00;6000.00;0.00;-36.00;naranja;2026-05-26T11:23:28.000-03:00;;;6022629.18;credit_card;
2026-05-26T11:32:43.000-03:00;161066854486;payment;3479.00;0.00;3500.00;0.00;-21.00;available_money;2026-05-26T11:32:43.000-03:00;;;6026108.18;account_money;
2026-05-26T11:35:38.000-03:00;161067514284;payment;5964.00;0.00;6000.00;0.00;-36.00;available_money;2026-05-26T11:35:38.000-03:00;;;6032072.18;account_money;
2026-05-26T11:43:24.000-03:00;161068735618;payment;5964.00;0.00;6000.00;0.00;-36.00;cvu;2026-05-26T11:43:24.000-03:00;;;6038036.18;bank_transfer;
2026-05-26T12:01:37.000-03:00;161071802776;payment;5964.00;0.00;6000.00;0.00;-36.00;available_money;2026-05-26T12:01:37.000-03:00;;;6044000.18;account_money;
2026-05-26T12:11:41.000-03:00;161073175736;payment;5964.00;0.00;6000.00;0.00;-36.00;available_money;2026-05-26T12:11:41.000-03:00;;;6049964.18;account_money;
2026-05-26T12:15:52.000-03:00;160286791183;payment;11928.00;0.00;12000.00;0.00;-72.00;available_money;2026-05-26T12:15:52.000-03:00;;;6061892.18;account_money;
2026-05-26T12:18:21.000-03:00;161074740338;payment;11928.00;0.00;12000.00;0.00;-72.00;available_money;2026-05-26T12:18:21.000-03:00;;;6073820.18;account_money;
2026-05-26T12:20:39.000-03:00;160287484913;payment;5964.00;0.00;6000.00;0.00;-36.00;available_money;2026-05-26T12:20:39.000-03:00;;;6079784.18;account_money;
2026-05-26T12:26:53.000-03:00;161076226468;payment;5964.00;0.00;6000.00;0.00;-36.00;available_money;2026-05-26T12:26:53.000-03:00;;;6085748.18;account_money;
2026-05-26T12:29:50.000-03:00;160289189883;payment;5964.00;0.00;6000.00;0.00;-36.00;available_money;2026-05-26T12:29:50.000-03:00;;;6091712.18;account_money;
2026-05-26T12:30:04.000-03:00;160289301427;payment;5964.00;0.00;6000.00;0.00;-36.00;available_money;2026-05-26T12:30:04.000-03:00;;;6097676.18;account_money;
2026-05-26T12:34:05.000-03:00;160289922845;payment;59640.00;0.00;60000.00;0.00;-360.00;available_money;2026-05-26T12:34:05.000-03:00;;;6157316.18;account_money;
2026-05-26T12:48:08.000-03:00;160292330407;payment;59640.00;0.00;60000.00;0.00;-360.00;available_money;2026-05-26T12:48:08.000-03:00;;;6216956.18;account_money;
2026-05-26T12:48:09.000-03:00;160292314575;payment;5964.00;0.00;6000.00;0.00;-36.00;available_money;2026-05-26T12:48:09.000-03:00;;;6222920.18;account_money;
2026-05-26T12:56:43.000-03:00;161081154634;payment;149100.00;0.00;150000.00;0.00;-900.00;cvu;2026-05-26T12:56:43.000-03:00;;;6372020.18;bank_transfer;
2026-05-26T13:00:25.000-03:00;161081751264;payment;11928.00;0.00;12000.00;0.00;-72.00;available_money;2026-05-26T13:00:25.000-03:00;;;6383948.18;account_money;
2026-05-26T13:07:02.000-03:00;160295462283;payment;3479.00;0.00;3500.00;0.00;-21.00;available_money;2026-05-26T13:07:02.000-03:00;;;6387427.18;account_money;
2026-05-26T13:09:17.000-03:00;161083414200;payment;5964.00;0.00;6000.00;0.00;-36.00;available_money;2026-05-26T13:09:17.000-03:00;;;6393391.18;account_money;
2026-05-26T13:13:09.000-03:00;161083891498;payment;5964.00;0.00;6000.00;0.00;-36.00;available_money;2026-05-26T13:13:09.000-03:00;;;6399355.18;account_money;
2026-05-26T16:31:13.000-03:00;160323035485;reserve_for_payment;0.00;50300.00;-50300.00;0.00;0.00;available_money;2026-05-26T16:31:13.000-03:00;;;6349055.18;account_money;
2026-05-26T16:31:13.000-03:00;160323035485;reserve_for_payment;50300.00;0.00;50300.00;0.00;0.00;available_money;2026-05-26T16:31:13.000-03:00;;;6399355.18;account_money;
2026-05-26T16:31:13.000-03:00;160323035485;payment;0.00;50300.00;-50000.00;0.00;-300.00;available_money;2026-05-26T16:31:13.000-03:00;;;6349055.18;account_money;
2026-05-27T05:18:07.000-03:00;1744366487089;asset_management;3072.33;0.00;3072.33;0.00;0.00;available_money;2026-05-27T05:18:07.000-03:00;;;6352127.51;;
2026-05-27T10:03:46.000-03:00;160414718635;reserve_for_payout;0.00;906922.08;-906922.08;0.00;0.00;available_money;2026-05-27T10:03:46.000-03:00;;;5445205.43;;
2026-05-27T10:03:48.000-03:00;160414718635;reserve_for_payout;906922.08;0.00;906922.08;0.00;0.00;available_money;2026-05-27T10:03:48.000-03:00;;;6352127.51;;
2026-05-27T10:03:48.000-03:00;160414718635;payout;0.00;906922.08;-901513.00;0.00;-5409.08;available_money;2026-05-27T10:03:48.000-03:00;;;5445205.43;;
2026-05-27T10:26:11.000-03:00;161206300132;reserve_for_payout;0.00;846957.49;-846957.49;0.00;0.00;available_money;2026-05-27T10:26:11.000-03:00;;;4598247.94;;
2026-05-27T10:26:12.000-03:00;161206300132;reserve_for_payout;846957.49;0.00;846957.49;0.00;0.00;available_money;2026-05-27T10:26:12.000-03:00;;;5445205.43;;
2026-05-27T10:26:12.000-03:00;161206300132;payout;0.00;846957.49;-841906.05;0.00;-5051.44;available_money;2026-05-27T10:26:12.000-03:00;;;4598247.94;;
2026-05-27T20:52:16.000-03:00;160511732113;payment;71568.00;0.00;72000.00;0.00;-432.00;cvu;2026-05-27T20:52:16.000-03:00;;;4669815.94;bank_transfer;
2026-05-27T21:15:12.000-03:00;161303842518;payment;139160.00;0.00;140000.00;0.00;-840.00;available_money;2026-05-27T21:15:12.000-03:00;;;4808975.94;account_money;
2026-05-28T04:55:31.000-03:00;1744428655868;asset_management;2224.60;0.00;2224.60;0.00;0.00;available_money;2026-05-28T04:55:31.000-03:00;;;4811200.54;;
2026-05-28T11:36:16.000-03:00;161365746554;payment;59640.00;0.00;60000.00;0.00;-360.00;available_money;2026-05-28T11:36:16.000-03:00;;;4870840.54;account_money;
2026-05-28T19:48:13.000-03:00;161441757010;payment;6461.00;0.00;6500.00;0.00;-39.00;cvu;2026-05-28T19:48:13.000-03:00;;;4877301.54;bank_transfer;
2026-05-28T21:25:50.000-03:00;161455971068;payment;232596.00;0.00;234000.00;0.00;-1404.00;available_money;2026-05-28T21:25:50.000-03:00;;;5109897.54;account_money;
2026-05-29T05:30:29.000-03:00;1744501048545;asset_management;2357.35;0.00;2357.35;0.00;0.00;available_money;2026-05-29T05:30:29.000-03:00;;;5112254.89;;
2026-05-29T12:03:05.000-03:00;160731172327;payment;429407.98;0.00;431999.98;0.00;-2592.00;available_money;2026-05-29T12:03:05.000-03:00;;;5541662.87;account_money;
2026-05-29T13:58:24.000-03:00;160752480399;payment;35784.00;0.00;36000.00;0.00;-216.00;available_money;2026-05-29T13:58:24.000-03:00;;;5577446.87;account_money;
2026-05-30T07:53:28.000-03:00;161662212654;payment;71568.00;0.00;72000.00;0.00;-432.00;available_money;2026-05-30T07:53:28.000-03:00;;;5649014.87;account_money;
2026-05-30T08:29:14.000-03:00;161664263046;payment;6461.00;0.00;6500.00;0.00;-39.00;available_money;2026-05-30T08:29:14.000-03:00;;;5655475.87;account_money;
2026-05-30T08:30:07.000-03:00;160873160611;payment;6461.00;0.00;6500.00;0.00;-39.00;available_money;2026-05-30T08:30:07.000-03:00;;;5661936.87;account_money;
2026-05-30T08:44:55.000-03:00;160874185369;payment;3479.00;0.00;3500.00;0.00;-21.00;available_money;2026-05-30T08:44:55.000-03:00;;;5665415.87;account_money;
2026-05-30T08:49:47.000-03:00;161665669940;payment;12425.00;0.00;12500.00;0.00;-75.00;available_money;2026-05-30T08:49:47.000-03:00;;;5677840.87;account_money;
2026-05-30T08:51:48.000-03:00;160874695071;payment;12922.00;0.00;13000.00;0.00;-78.00;available_money;2026-05-30T08:51:48.000-03:00;;;5690762.87;account_money;
2026-05-30T09:05:38.000-03:00;161667070714;payment;6461.00;0.00;6500.00;0.00;-39.00;available_money;2026-05-30T09:05:38.000-03:00;;;5697223.87;account_money;
2026-05-30T09:05:53.000-03:00;160875890249;payment;6461.00;0.00;6500.00;0.00;-39.00;cvu;2026-05-30T09:05:53.000-03:00;;;5703684.87;bank_transfer;
2026-05-30T09:07:19.000-03:00;160876056369;payment;6461.00;0.00;6500.00;0.00;-39.00;available_money;2026-05-30T09:07:19.000-03:00;;;5710145.87;account_money;
2026-05-30T09:10:23.000-03:00;161667467730;payment;3479.00;0.00;3500.00;0.00;-21.00;available_money;2026-05-30T09:10:23.000-03:00;;;5713624.87;account_money;
2026-05-30T09:11:59.000-03:00;161667565856;payment;12922.00;0.00;13000.00;0.00;-78.00;available_money;2026-05-30T09:11:59.000-03:00;;;5726546.87;account_money;
2026-05-30T09:12:44.000-03:00;161667680866;payment;6461.00;0.00;6500.00;0.00;-39.00;available_money;2026-05-30T09:12:44.000-03:00;;;5733007.87;account_money;
2026-05-30T09:19:30.000-03:00;160876926093;payment;6461.00;0.00;6500.00;0.00;-39.00;available_money;2026-05-30T09:19:30.000-03:00;;;5739468.87;account_money;
2026-05-30T09:25:24.000-03:00;160877574861;payment;6461.00;0.00;6500.00;0.00;-39.00;available_money;2026-05-30T09:25:24.000-03:00;;;5745929.87;account_money;
2026-05-30T09:27:51.000-03:00;160877842301;payment;6461.00;0.00;6500.00;0.00;-39.00;available_money;2026-05-30T09:27:51.000-03:00;;;5752390.87;account_money;
2026-05-30T09:27:52.000-03:00;160877753457;payment;12922.00;0.00;13000.00;0.00;-78.00;debin_transfer;2026-05-30T09:27:52.000-03:00;;;5765312.87;bank_transfer;
2026-05-30T09:28:09.000-03:00;160877824945;payment;6461.00;0.00;6500.00;0.00;-39.00;cvu;2026-05-30T09:28:09.000-03:00;;;5771773.87;bank_transfer;
2026-05-30T09:29:05.000-03:00;161669256950;payment;6461.00;0.00;6500.00;0.00;-39.00;cvu;2026-05-30T09:29:05.000-03:00;;;5778234.87;bank_transfer;
2026-05-30T09:30:36.000-03:00;160878176137;payment;6461.00;0.00;6500.00;0.00;-39.00;available_money;2026-05-30T09:30:36.000-03:00;;;5784695.87;account_money;
2026-05-30T09:33:54.000-03:00;160878556407;payment;25844.00;0.00;26000.00;0.00;-156.00;available_money;2026-05-30T09:33:54.000-03:00;;;5810539.87;account_money;
2026-05-30T09:34:35.000-03:00;161669830930;payment;12922.00;0.00;13000.00;0.00;-78.00;cvu;2026-05-30T09:34:35.000-03:00;;;5823461.87;bank_transfer;
2026-05-30T09:37:17.000-03:00;160878752023;payment;6461.00;0.00;6500.00;0.00;-39.00;available_money;2026-05-30T09:37:17.000-03:00;;;5829922.87;account_money;
2026-05-30T09:39:35.000-03:00;161670293446;payment;6461.00;0.00;6500.00;0.00;-39.00;available_money;2026-05-30T09:39:35.000-03:00;;;5836383.87;account_money;
2026-05-30T09:51:02.000-03:00;160880296121;payment;6461.00;0.00;6500.00;0.00;-39.00;available_money;2026-05-30T09:51:02.000-03:00;;;5842844.87;account_money;
2026-05-30T09:59:42.000-03:00;160881260551;payment;12922.00;0.00;13000.00;0.00;-78.00;cvu;2026-05-30T09:59:42.000-03:00;;;5855766.87;bank_transfer;
2026-05-30T10:00:10.000-03:00;160881245403;payment;6461.00;0.00;6500.00;0.00;-39.00;available_money;2026-05-30T10:00:10.000-03:00;;;5862227.87;account_money;
2026-05-30T10:02:58.000-03:00;161672905732;payment;6461.00;0.00;6500.00;0.00;-39.00;available_money;2026-05-30T10:02:58.000-03:00;;;5868688.87;account_money;
2026-05-30T10:03:08.000-03:00;160881748503;payment;12922.00;0.00;13000.00;0.00;-78.00;available_money;2026-05-30T10:03:08.000-03:00;;;5881610.87;account_money;
2026-05-30T10:13:14.000-03:00;160882918227;payment;11928.00;0.00;12000.00;0.00;-72.00;cvu;2026-05-30T10:13:14.000-03:00;;;5893538.87;bank_transfer;
2026-05-30T10:13:16.000-03:00;160882853587;payment;6461.00;0.00;6500.00;0.00;-39.00;available_money;2026-05-30T10:13:16.000-03:00;;;5899999.87;account_money;
2026-05-30T10:17:36.000-03:00;161674860620;payment;12922.00;0.00;13000.00;0.00;-78.00;cvu;2026-05-30T10:17:36.000-03:00;;;5912921.87;bank_transfer;
2026-05-30T10:26:35.000-03:00;161675929550;payment;12922.00;0.00;13000.00;0.00;-78.00;cvu;2026-05-30T10:26:35.000-03:00;;;5925843.87;bank_transfer;
2026-05-30T10:29:15.000-03:00;160884992761;payment;6461.00;0.00;6500.00;0.00;-39.00;cvu;2026-05-30T10:29:15.000-03:00;;;5932304.87;bank_transfer;
2026-05-30T10:30:02.000-03:00;161676405668;payment;6461.00;0.00;6500.00;0.00;-39.00;available_money;2026-05-30T10:30:02.000-03:00;;;5938765.87;account_money;
2026-05-30T10:31:19.000-03:00;161676648896;payment;6461.00;0.00;6500.00;0.00;-39.00;available_money;2026-05-30T10:31:19.000-03:00;;;5945226.87;account_money;
2026-05-30T10:31:50.000-03:00;160885293233;payment;5964.00;0.00;6000.00;0.00;-36.00;cvu;2026-05-30T10:31:50.000-03:00;;;5951190.87;bank_transfer;
2026-05-30T10:31:52.000-03:00;160885322885;payment;6461.00;0.00;6500.00;0.00;-39.00;available_money;2026-05-30T10:31:52.000-03:00;;;5957651.87;account_money;
2026-05-30T10:31:54.000-03:00;160885269651;payment;12922.00;0.00;13000.00;0.00;-78.00;available_money;2026-05-30T10:31:54.000-03:00;;;5970573.87;account_money;
2026-05-30T10:40:00.000-03:00;160886438517;payment;11928.00;0.00;12000.00;0.00;-72.00;available_money;2026-05-30T10:40:00.000-03:00;;;5982501.87;account_money;
2026-05-30T10:41:57.000-03:00;160886740451;payment;5964.00;0.00;6000.00;0.00;-36.00;available_money;2026-05-30T10:41:57.000-03:00;;;5988465.87;account_money;
2026-05-30T10:42:26.000-03:00;161678296936;payment;11928.00;0.00;12000.00;0.00;-72.00;available_money;2026-05-30T10:42:26.000-03:00;;;6000393.87;account_money;
2026-05-30T10:44:02.000-03:00;161678590124;reserve_for_payout;0.00;3700000.00;-3700000.00;0.00;0.00;available_money;2026-05-30T10:44:02.000-03:00;;;2300393.87;;
2026-05-30T10:44:03.000-03:00;161678590124;reserve_for_payout;3700000.00;0.00;3700000.00;0.00;0.00;available_money;2026-05-30T10:44:03.000-03:00;;;6000393.87;;
2026-05-30T10:44:03.000-03:00;161678590124;payout;0.00;3700000.00;-3700000.00;0.00;0.00;available_money;2026-05-30T10:44:03.000-03:00;;;2300393.87;;
2026-05-30T10:45:40.000-03:00;161678778672;payment;5964.00;0.00;6000.00;0.00;-36.00;cvu;2026-05-30T10:45:40.000-03:00;;;2306357.87;bank_transfer;
2026-05-30T10:46:46.000-03:00;160887315199;payment;5964.00;0.00;6000.00;0.00;-36.00;available_money;2026-05-30T10:46:46.000-03:00;;;2312321.87;account_money;
2026-05-30T10:48:43.000-03:00;160887523739;payment;11928.00;0.00;12000.00;0.00;-72.00;cvu;2026-05-30T10:48:43.000-03:00;;;2324249.87;bank_transfer;
2026-05-30T10:52:40.000-03:00;160888360981;payment;11928.00;0.00;12000.00;0.00;-72.00;cvu;2026-05-30T10:52:40.000-03:00;;;2336177.87;bank_transfer;
2026-05-30T10:53:17.000-03:00;160888434939;payment;5964.00;0.00;6000.00;0.00;-36.00;available_money;2026-05-30T10:53:17.000-03:00;;;2342141.87;account_money;
2026-05-30T10:56:24.000-03:00;160888876639;payment;11928.00;0.00;12000.00;0.00;-72.00;available_money;2026-05-30T10:56:24.000-03:00;;;2354069.87;account_money;
2026-05-30T10:57:02.000-03:00;160888887591;payment;5964.00;0.00;6000.00;0.00;-36.00;available_money;2026-05-30T10:57:02.000-03:00;;;2360033.87;account_money;
2026-05-30T11:02:47.000-03:00;161681121328;payment;11928.00;0.00;12000.00;0.00;-72.00;available_money;2026-05-30T11:02:47.000-03:00;;;2371961.87;account_money;
2026-05-30T11:04:27.000-03:00;161681535172;payment;5964.00;0.00;6000.00;0.00;-36.00;available_money;2026-05-30T11:04:27.000-03:00;;;2377925.87;account_money;
2026-05-30T11:06:49.000-03:00;161681920474;payment;5964.00;0.00;6000.00;0.00;-36.00;available_money;2026-05-30T11:06:49.000-03:00;;;2383889.87;account_money;
2026-05-30T11:07:59.000-03:00;161681968090;payment;11928.00;0.00;12000.00;0.00;-72.00;available_money;2026-05-30T11:07:59.000-03:00;;;2395817.87;account_money;
2026-05-30T11:08:28.000-03:00;161682184218;payment;3479.00;0.00;3500.00;0.00;-21.00;debin_transfer;2026-05-30T11:08:28.000-03:00;;;2399296.87;bank_transfer;
2026-05-30T11:08:34.000-03:00;161682075826;payment;5964.00;0.00;6000.00;0.00;-36.00;available_money;2026-05-30T11:08:34.000-03:00;;;2405260.87;account_money;
2026-05-30T11:09:06.000-03:00;161682203280;payment;5964.00;0.00;6000.00;0.00;-36.00;cvu;2026-05-30T11:09:06.000-03:00;;;2411224.87;bank_transfer;
2026-05-30T11:11:53.000-03:00;160891088325;payment;11928.00;0.00;12000.00;0.00;-72.00;cvu;2026-05-30T11:11:53.000-03:00;;;2423152.87;bank_transfer;
2026-05-30T11:13:29.000-03:00;161682850874;payment;5964.00;0.00;6000.00;0.00;-36.00;available_money;2026-05-30T11:13:29.000-03:00;;;2429116.87;account_money;
2026-05-30T11:14:24.000-03:00;161682985098;payment;5964.00;0.00;6000.00;0.00;-36.00;cvu;2026-05-30T11:14:24.000-03:00;;;2435080.87;bank_transfer;
2026-05-30T11:16:27.000-03:00;160891984365;payment;5964.00;0.00;6000.00;0.00;-36.00;available_money;2026-05-30T11:16:27.000-03:00;;;2441044.87;account_money;
2026-05-30T11:19:18.000-03:00;161683778724;payment;5964.00;0.00;6000.00;0.00;-36.00;available_money;2026-05-30T11:19:18.000-03:00;;;2447008.87;account_money;
2026-05-30T11:21:00.000-03:00;161684042774;payment;5964.00;0.00;6000.00;0.00;-36.00;available_money;2026-05-30T11:21:00.000-03:00;;;2452972.87;account_money;
2026-05-30T11:23:44.000-03:00;161684353792;payment;11928.00;0.00;12000.00;0.00;-72.00;available_money;2026-05-30T11:23:44.000-03:00;;;2464900.87;account_money;
2026-05-30T11:26:09.000-03:00;161684843432;payment;11928.00;0.00;12000.00;0.00;-72.00;cvu;2026-05-30T11:26:09.000-03:00;;;2476828.87;bank_transfer;
2026-05-30T11:32:01.000-03:00;161685823868;payment;5964.00;0.00;6000.00;0.00;-36.00;available_money;2026-05-30T11:32:01.000-03:00;;;2482792.87;account_money;
2026-05-30T11:33:54.000-03:00;160894613237;payment;11928.00;0.00;12000.00;0.00;-72.00;available_money;2026-05-30T11:33:54.000-03:00;;;2494720.87;account_money;
2026-05-30T11:34:57.000-03:00;160894862503;payment;5964.00;0.00;6000.00;0.00;-36.00;available_money;2026-05-30T11:34:57.000-03:00;;;2500684.87;account_money;
2026-05-30T11:37:27.000-03:00;160895239559;payment;5964.00;0.00;6000.00;0.00;-36.00;available_money;2026-05-30T11:37:27.000-03:00;;;2506648.87;account_money;
2026-05-30T11:43:49.000-03:00;161687908304;payment;11928.00;0.00;12000.00;0.00;-72.00;available_money;2026-05-30T11:43:49.000-03:00;;;2518576.87;account_money;
2026-05-30T11:45:59.000-03:00;160896711647;payment;5964.00;0.00;6000.00;0.00;-36.00;cvu;2026-05-30T11:45:59.000-03:00;;;2524540.87;bank_transfer;
2026-05-30T11:47:10.000-03:00;160896905679;payment;11928.00;0.00;12000.00;0.00;-72.00;cvu;2026-05-30T11:47:10.000-03:00;;;2536468.87;bank_transfer;
2026-05-30T11:48:18.000-03:00;160897228339;payment;5964.00;0.00;6000.00;0.00;-36.00;available_money;2026-05-30T11:48:18.000-03:00;;;2542432.87;account_money;
2026-05-30T11:53:13.000-03:00;161689765638;payment;17892.00;0.00;18000.00;0.00;-108.00;available_money;2026-05-30T11:53:13.000-03:00;;;2560324.87;account_money;
2026-05-30T11:53:25.000-03:00;160897999113;payment;5964.00;0.00;6000.00;0.00;-36.00;available_money;2026-05-30T11:53:25.000-03:00;;;2566288.87;account_money;
2026-05-30T11:57:11.000-03:00;160898654807;payment;5964.00;0.00;6000.00;0.00;-36.00;cvu;2026-05-30T11:57:11.000-03:00;;;2572252.87;bank_transfer;
2026-05-30T11:58:27.000-03:00;160898793549;payment;5964.00;0.00;6000.00;0.00;-36.00;cvu;2026-05-30T11:58:27.000-03:00;;;2578216.87;bank_transfer;
2026-05-30T12:01:21.000-03:00;160899752807;payment;11928.00;0.00;12000.00;0.00;-72.00;available_money;2026-05-30T12:01:21.000-03:00;;;2590144.87;account_money;
2026-05-30T12:03:14.000-03:00;160899955579;payment;5964.00;0.00;6000.00;0.00;-36.00;available_money;2026-05-30T12:03:14.000-03:00;;;2596108.87;account_money;
2026-05-30T12:04:04.000-03:00;161691638384;payment;5964.00;0.00;6000.00;0.00;-36.00;available_money;2026-05-30T12:04:04.000-03:00;;;2602072.87;account_money;
2026-05-30T12:04:32.000-03:00;161691692702;payment;5964.00;0.00;6000.00;0.00;-36.00;available_money;2026-05-30T12:04:32.000-03:00;;;2608036.87;account_money;
2026-05-30T12:05:07.000-03:00;161691646026;payment;5964.00;0.00;6000.00;0.00;-36.00;available_money;2026-05-30T12:05:07.000-03:00;;;2614000.87;account_money;
2026-05-30T12:05:25.000-03:00;160900377071;payment;11928.00;0.00;12000.00;0.00;-72.00;available_money;2026-05-30T12:05:25.000-03:00;;;2625928.87;account_money;
2026-05-30T12:07:38.000-03:00;160900776743;payment;5964.00;0.00;6000.00;0.00;-36.00;available_money;2026-05-30T12:07:38.000-03:00;;;2631892.87;account_money;
2026-05-30T12:08:59.000-03:00;160900953483;payment;19383.00;0.00;19500.00;0.00;-117.00;cvu;2026-05-30T12:08:59.000-03:00;;;2651275.87;bank_transfer;
2026-05-30T12:12:18.000-03:00;161693376978;payment;5964.00;0.00;6000.00;0.00;-36.00;available_money;2026-05-30T12:12:18.000-03:00;;;2657239.87;account_money;
2026-05-30T12:13:37.000-03:00;161693630460;payment;11928.00;0.00;12000.00;0.00;-72.00;cvu;2026-05-30T12:13:37.000-03:00;;;2669167.87;bank_transfer;
2026-05-30T12:28:50.000-03:00;160904782735;payment;5964.00;0.00;6000.00;0.00;-36.00;available_money;2026-05-30T12:28:50.000-03:00;;;2675131.87;account_money;
2026-05-30T12:30:50.000-03:00;160905114693;payment;5964.00;0.00;6000.00;0.00;-36.00;available_money;2026-05-30T12:30:50.000-03:00;;;2681095.87;account_money;
2026-05-30T12:32:07.000-03:00;161696711630;payment;5964.00;0.00;6000.00;0.00;-36.00;available_money;2026-05-30T12:32:07.000-03:00;;;2687059.87;account_money;
2026-05-30T12:33:41.000-03:00;160905578789;payment;5964.00;0.00;6000.00;0.00;-36.00;cvu;2026-05-30T12:33:41.000-03:00;;;2693023.87;bank_transfer;
2026-05-30T12:36:36.000-03:00;161697924912;payment;5964.00;0.00;6000.00;0.00;-36.00;available_money;2026-05-30T12:36:36.000-03:00;;;2698987.87;account_money;
2026-05-30T12:37:45.000-03:00;160906336439;payment;5964.00;0.00;6000.00;0.00;-36.00;cvu;2026-05-30T12:37:45.000-03:00;;;2704951.87;bank_transfer;
2026-05-30T12:40:37.000-03:00;160906764725;payment;5964.00;0.00;6000.00;0.00;-36.00;cvu;2026-05-30T12:40:37.000-03:00;;;2710915.87;bank_transfer;
2026-05-30T12:45:35.000-03:00;161699325956;payment;5964.00;0.00;6000.00;0.00;-36.00;cvu;2026-05-30T12:45:35.000-03:00;;;2716879.87;bank_transfer;
2026-05-30T12:46:09.000-03:00;160908144557;payment;3479.00;0.00;3500.00;0.00;-21.00;available_money;2026-05-30T12:46:09.000-03:00;;;2720358.87;account_money;
2026-05-30T12:46:21.000-03:00;161699620324;payment;5964.00;0.00;6000.00;0.00;-36.00;cvu;2026-05-30T12:46:21.000-03:00;;;2726322.87;bank_transfer;
2026-05-30T13:41:44.000-03:00;161709236818;payment;149100.00;0.00;150000.00;0.00;-900.00;available_money;2026-05-30T13:41:44.000-03:00;;;2875422.87;account_money;
2026-05-30T16:38:01.000-03:00;160943383405;payment;5964.00;0.00;6000.00;0.00;-36.00;available_money;2026-05-30T16:38:01.000-03:00;;;2881386.87;account_money;
2026-05-30T19:49:51.000-03:00;160974801541;payment;29820.00;0.00;30000.00;0.00;-180.00;available_money;2026-05-30T19:49:51.000-03:00;;;2911206.87;account_money;
