DATE;SOURCE_ID;DESCRIPTION;NET_CREDIT_AMOUNT;NET_DEBIT_AMOUNT;GROSS_AMOUNT;MP_FEE_AMOUNT;TAXES_AMOUNT;PAYMENT_METHOD;TRANSACTION_APPROVAL_DATE;BUSINESS_UNIT;SUB_UNIT;BALANCE_AMOUNT;PAYMENT_METHOD_TYPE;PURCHASE_ID
2026-03-01T13:04:05.000-03:00;147660868051;reserve_for_payout;0.00;725527.20;-725527.20;0.00;0.00;available_money;2026-03-01T13:04:05.000-03:00;;;749626.53;;
2026-03-01T13:04:08.000-03:00;147660868051;reserve_for_payout;725527.20;0.00;725527.20;0.00;0.00;available_money;2026-03-01T13:04:08.000-03:00;;;1475153.73;;
2026-03-01T13:04:08.000-03:00;147660868051;payout;0.00;725527.20;-721200.00;0.00;-4327.20;available_money;2026-03-01T13:04:08.000-03:00;;;749626.53;;
2026-03-02T15:18:18.000-03:00;148527898630;payment;6461.00;0.00;6500.00;0.00;-39.00;available_money;2026-03-02T15:18:18.000-03:00;;;756087.53;account_money;
2026-03-02T15:57:55.000-03:00;147820734599;reserve_for_payout;0.00;50000.00;-50000.00;0.00;0.00;available_money;2026-03-02T15:57:55.000-03:00;;;706087.53;;
2026-03-02T15:57:57.000-03:00;147820734599;reserve_for_payout;50000.00;0.00;50000.00;0.00;0.00;available_money;2026-03-02T15:57:57.000-03:00;;;756087.53;;
2026-03-02T15:57:57.000-03:00;147820734599;payout;0.00;50000.00;-50000.00;0.00;0.00;available_money;2026-03-02T15:57:57.000-03:00;;;706087.53;;
2026-03-03T07:25:56.000-03:00;147909363255;payment;6461.00;0.00;6500.00;0.00;-39.00;available_money;2026-03-03T07:25:56.000-03:00;;;712548.53;account_money;
2026-03-03T07:27:32.000-03:00;148622068910;payment;6461.00;0.00;6500.00;0.00;-39.00;available_money;2026-03-03T07:27:32.000-03:00;;;719009.53;account_money;
2026-03-03T07:36:02.000-03:00;148622722142;payment;168980.00;0.00;170000.00;0.00;-1020.00;available_money;2026-03-03T07:36:02.000-03:00;;;887989.53;account_money;
2026-03-03T08:16:36.000-03:00;148625914700;payment;26838.00;0.00;27000.00;0.00;-162.00;available_money;2026-03-03T08:16:36.000-03:00;;;914827.53;account_money;
2026-03-03T08:24:06.000-03:00;148626470320;payment;6461.00;0.00;6500.00;0.00;-39.00;available_money;2026-03-03T08:24:06.000-03:00;;;921288.53;account_money;
2026-03-03T08:25:42.000-03:00;147914254395;payment;6461.00;0.00;6500.00;0.00;-39.00;available_money;2026-03-03T08:25:42.000-03:00;;;927749.53;account_money;
2026-03-03T08:32:24.000-03:00;148627800132;payment;6461.00;0.00;6500.00;0.00;-39.00;available_money;2026-03-03T08:32:24.000-03:00;;;934210.53;account_money;
2026-03-03T08:56:42.000-03:00;147917243563;payment;11928.00;0.00;12000.00;0.00;-72.00;cvu;2026-03-03T08:56:42.000-03:00;;;946138.53;bank_transfer;
2026-03-03T09:27:08.000-03:00;147920750949;payment;11928.00;0.00;12000.00;0.00;-72.00;available_money;2026-03-03T09:27:08.000-03:00;;;958066.53;account_money;
2026-03-03T09:46:44.000-03:00;148635664518;payment;5964.00;0.00;6000.00;0.00;-36.00;available_money;2026-03-03T09:46:44.000-03:00;;;964030.53;account_money;
2026-03-03T09:50:51.000-03:00;148636012394;payment;11928.00;0.00;12000.00;0.00;-72.00;debin_transfer;2026-03-03T09:50:51.000-03:00;;;975958.53;bank_transfer;
2026-03-03T09:56:04.000-03:00;147924196939;payment;5964.00;0.00;6000.00;0.00;-36.00;cvu;2026-03-03T09:56:04.000-03:00;;;981922.53;bank_transfer;
2026-03-03T09:57:33.000-03:00;148637424130;payment;5964.00;0.00;6000.00;0.00;-36.00;available_money;2026-03-03T09:57:33.000-03:00;;;987886.53;account_money;
2026-03-03T10:05:10.000-03:00;148638027920;payment;5964.00;0.00;6000.00;0.00;-36.00;available_money;2026-03-03T10:05:10.000-03:00;;;993850.53;account_money;
2026-03-03T10:13:07.000-03:00;148639022692;payment;16401.00;0.00;16500.00;0.00;-99.00;available_money;2026-03-03T10:13:07.000-03:00;;;1010251.53;account_money;
2026-03-03T10:43:25.000-03:00;147930716019;payment;5964.00;0.00;6000.00;0.00;-36.00;available_money;2026-03-03T10:43:25.000-03:00;;;1016215.53;account_money;
2026-03-03T10:48:31.000-03:00;147931245837;payment;5964.00;0.00;6000.00;0.00;-36.00;available_money;2026-03-03T10:48:31.000-03:00;;;1022179.53;account_money;
2026-03-03T11:10:09.000-03:00;147934597455;payment;5964.00;0.00;6000.00;0.00;-36.00;available_money;2026-03-03T11:10:09.000-03:00;;;1028143.53;account_money;
2026-03-03T11:11:08.000-03:00;148647255618;payment;5964.00;0.00;6000.00;0.00;-36.00;available_money;2026-03-03T11:11:08.000-03:00;;;1034107.53;account_money;
2026-03-03T11:11:25.000-03:00;148647331730;payment;5964.00;0.00;6000.00;0.00;-36.00;cvu;2026-03-03T11:11:25.000-03:00;;;1040071.53;bank_transfer;
2026-03-03T11:19:17.000-03:00;147935662953;payment;3479.00;0.00;3500.00;0.00;-21.00;available_money;2026-03-03T11:19:17.000-03:00;;;1043550.53;account_money;
2026-03-03T11:35:04.000-03:00;147938397267;payment;5964.00;0.00;6000.00;0.00;-36.00;available_money;2026-03-03T11:35:04.000-03:00;;;1049514.53;account_money;
2026-03-03T11:36:18.000-03:00;148651572866;payment;11928.00;0.00;12000.00;0.00;-72.00;available_money;2026-03-03T11:36:18.000-03:00;;;1061442.53;account_money;
2026-03-03T11:38:53.000-03:00;147938801945;payment;5964.00;0.00;6000.00;0.00;-36.00;available_money;2026-03-03T11:38:53.000-03:00;;;1067406.53;account_money;
2026-03-03T11:40:23.000-03:00;147939096309;payment;5964.00;0.00;6000.00;0.00;-36.00;available_money;2026-03-03T11:40:23.000-03:00;;;1073370.53;account_money;
2026-03-03T11:54:07.000-03:00;148653834216;payment;11928.00;0.00;12000.00;0.00;-72.00;available_money;2026-03-03T11:54:07.000-03:00;;;1085298.53;account_money;
2026-03-03T12:02:09.000-03:00;148655302766;payment;11928.00;0.00;12000.00;0.00;-72.00;available_money;2026-03-03T12:02:09.000-03:00;;;1097226.53;account_money;
2026-03-03T12:09:27.000-03:00;148656313126;payment;5964.00;0.00;6000.00;0.00;-36.00;cvu;2026-03-03T12:09:27.000-03:00;;;1103190.53;bank_transfer;
2026-03-03T12:22:23.000-03:00;148658054170;payment;5964.00;0.00;6000.00;0.00;-36.00;available_money;2026-03-03T12:22:23.000-03:00;;;1109154.53;account_money;
2026-03-03T12:54:51.000-03:00;147950442755;payment;11928.00;0.00;12000.00;0.00;-72.00;available_money;2026-03-03T12:54:51.000-03:00;;;1121082.53;account_money;
2026-03-03T13:00:16.000-03:00;148664049556;payment;5964.00;0.00;6000.00;0.00;-36.00;available_money;2026-03-03T13:00:16.000-03:00;;;1127046.53;account_money;
2026-03-03T13:14:32.000-03:00;147953361107;payment;49700.00;0.00;50000.00;0.00;-300.00;available_money;2026-03-03T13:14:32.000-03:00;;;1176746.53;account_money;
2026-03-04T11:19:47.000-03:00;148799660998;reserve_for_payout;0.00;503000.00;-503000.00;0.00;0.00;available_money;2026-03-04T11:19:47.000-03:00;;;673746.53;;
2026-03-04T11:19:49.000-03:00;148799660998;reserve_for_payout;503000.00;0.00;503000.00;0.00;0.00;available_money;2026-03-04T11:19:49.000-03:00;;;1176746.53;;
2026-03-04T11:19:49.000-03:00;148799660998;payout;0.00;503000.00;-500000.00;0.00;-3000.00;available_money;2026-03-04T11:19:49.000-03:00;;;673746.53;;
2026-03-04T11:42:02.000-03:00;148089723853;payment;322056.00;0.00;324000.00;0.00;-1944.00;available_money;2026-03-04T11:42:02.000-03:00;;;995802.53;account_money;
2026-03-04T11:45:41.000-03:00;148089073417;reserve_for_payout;0.00;172169.25;-172169.25;0.00;0.00;available_money;2026-03-04T11:45:41.000-03:00;;;823633.28;;
2026-03-04T11:45:43.000-03:00;148089073417;reserve_for_payout;172169.25;0.00;172169.25;0.00;0.00;available_money;2026-03-04T11:45:43.000-03:00;;;995802.53;;
2026-03-04T11:45:43.000-03:00;148089073417;payout;0.00;172169.25;-171142.40;0.00;-1026.85;available_money;2026-03-04T11:45:43.000-03:00;;;823633.28;;
2026-03-05T10:15:46.000-03:00;148943657166;payment;6958.00;0.00;7000.00;0.00;-42.00;available_money;2026-03-05T10:15:46.000-03:00;;;830591.28;account_money;
2026-03-05T11:28:47.000-03:00;148239718721;reserve_for_payout;0.00;368447.50;-368447.50;0.00;0.00;available_money;2026-03-05T11:28:47.000-03:00;;;462143.78;;
2026-03-05T11:28:48.000-03:00;148239718721;reserve_for_payout;368447.50;0.00;368447.50;0.00;0.00;available_money;2026-03-05T11:28:48.000-03:00;;;830591.28;;
2026-03-05T11:28:48.000-03:00;148239718721;payout;0.00;368447.50;-366250.00;0.00;-2197.50;available_money;2026-03-05T11:28:48.000-03:00;;;462143.78;;
2026-03-05T12:27:31.000-03:00;148249213827;payment;6958.00;0.00;7000.00;0.00;-42.00;available_money;2026-03-05T12:27:31.000-03:00;;;469101.78;account_money;
2026-03-05T15:20:08.000-03:00;148273723563;payment;515886.00;0.00;519000.00;0.00;-3114.00;available_money;2026-03-05T15:20:08.000-03:00;;;984987.78;account_money;
2026-03-05T16:02:32.000-03:00;148993143342;reserve_for_payout;0.00;544934.40;-544934.40;0.00;0.00;available_money;2026-03-05T16:02:32.000-03:00;;;440053.38;;
2026-03-05T16:02:35.000-03:00;148993143342;reserve_for_payout;544934.40;0.00;544934.40;0.00;0.00;available_money;2026-03-05T16:02:35.000-03:00;;;984987.78;;
2026-03-05T16:02:35.000-03:00;148993143342;payout;0.00;544934.40;-541684.29;0.00;-3250.11;available_money;2026-03-05T16:02:35.000-03:00;;;440053.38;;
2026-03-05T16:44:33.000-03:00;148285076603;payment;12922.00;0.00;13000.00;0.00;-78.00;available_money;2026-03-05T16:44:33.000-03:00;;;452975.38;account_money;
2026-03-07T07:47:32.000-03:00;148540458875;payment;5964.00;0.00;6000.00;0.00;-36.00;available_money;2026-03-07T07:47:32.000-03:00;;;458939.38;account_money;
2026-03-07T08:10:59.000-03:00;149257887928;payment;6461.00;0.00;6500.00;0.00;-39.00;available_money;2026-03-07T08:10:59.000-03:00;;;465400.38;account_money;
2026-03-07T08:15:01.000-03:00;148541911827;payment;6461.00;0.00;6500.00;0.00;-39.00;available_money;2026-03-07T08:15:01.000-03:00;;;471861.38;account_money;
2026-03-07T08:30:37.000-03:00;149259151758;payment;12922.00;0.00;13000.00;0.00;-78.00;debin_transfer;2026-03-07T08:30:37.000-03:00;;;484783.38;bank_transfer;
2026-03-07T08:34:26.000-03:00;148543255523;payment;11928.00;0.00;12000.00;0.00;-72.00;cvu;2026-03-07T08:34:26.000-03:00;;;496711.38;bank_transfer;
2026-03-07T08:37:51.000-03:00;148543481005;payment;23856.00;0.00;24000.00;0.00;-144.00;available_money;2026-03-07T08:37:51.000-03:00;;;520567.38;account_money;
2026-03-07T08:43:01.000-03:00;148543884909;payment;5964.00;0.00;6000.00;0.00;-36.00;available_money;2026-03-07T08:43:01.000-03:00;;;526531.38;account_money;
2026-03-07T08:45:31.000-03:00;149260323570;payment;6461.00;0.00;6500.00;0.00;-39.00;available_money;2026-03-07T08:45:31.000-03:00;;;532992.38;account_money;
2026-03-07T08:49:01.000-03:00;149260606868;payment;6461.00;0.00;6500.00;0.00;-39.00;available_money;2026-03-07T08:49:01.000-03:00;;;539453.38;account_money;
2026-03-07T08:55:17.000-03:00;148544904571;payment;6461.00;0.00;6500.00;0.00;-39.00;available_money;2026-03-07T08:55:17.000-03:00;;;545914.38;account_money;
2026-03-07T08:58:47.000-03:00;149261488128;payment;3479.00;0.00;3500.00;0.00;-21.00;cvu;2026-03-07T08:58:47.000-03:00;;;549393.38;bank_transfer;
2026-03-07T09:01:30.000-03:00;149261696210;payment;6461.00;0.00;6500.00;0.00;-39.00;available_money;2026-03-07T09:01:30.000-03:00;;;555854.38;account_money;
2026-03-07T09:05:03.000-03:00;149261962522;payment;11928.00;0.00;12000.00;0.00;-72.00;available_money;2026-03-07T09:05:03.000-03:00;;;567782.38;account_money;
2026-03-07T09:11:09.000-03:00;149262410016;payment;6461.00;0.00;6500.00;0.00;-39.00;available_money;2026-03-07T09:11:09.000-03:00;;;574243.38;account_money;
2026-03-07T09:11:17.000-03:00;148546285491;payment;5964.00;0.00;6000.00;0.00;-36.00;available_money;2026-03-07T09:11:17.000-03:00;;;580207.38;account_money;
2026-03-07T09:11:27.000-03:00;149262485396;payment;6461.00;0.00;6500.00;0.00;-39.00;cvu;2026-03-07T09:11:27.000-03:00;;;586668.38;bank_transfer;
2026-03-07T09:14:11.000-03:00;149262705434;payment;6461.00;0.00;6500.00;0.00;-39.00;available_money;2026-03-07T09:14:11.000-03:00;;;593129.38;account_money;
2026-03-07T09:15:57.000-03:00;148546764503;payment;12922.00;0.00;13000.00;0.00;-78.00;available_money;2026-03-07T09:15:57.000-03:00;;;606051.38;account_money;
2026-03-07T09:16:08.000-03:00;149262835438;payment;5467.00;0.00;5500.00;0.00;-33.00;available_money;2026-03-07T09:16:08.000-03:00;;;611518.38;account_money;
2026-03-07T09:16:19.000-03:00;149262853354;payment;12922.00;0.00;13000.00;0.00;-78.00;available_money;2026-03-07T09:16:19.000-03:00;;;624440.38;account_money;
2026-03-07T09:16:45.000-03:00;149262980674;payment;5964.00;0.00;6000.00;0.00;-36.00;available_money;2026-03-07T09:16:45.000-03:00;;;630404.38;account_money;
2026-03-07T09:17:34.000-03:00;149262946016;payment;6461.00;0.00;6500.00;0.00;-39.00;cvu;2026-03-07T09:17:34.000-03:00;;;636865.38;bank_transfer;
2026-03-07T09:22:19.000-03:00;149263618746;payment;6461.00;0.00;6500.00;0.00;-39.00;available_money;2026-03-07T09:22:19.000-03:00;;;643326.38;account_money;
2026-03-07T09:23:16.000-03:00;148547402865;payment;11928.00;0.00;12000.00;0.00;-72.00;available_money;2026-03-07T09:23:16.000-03:00;;;655254.38;account_money;
2026-03-07T09:24:44.000-03:00;148547536947;payment;11928.00;0.00;12000.00;0.00;-72.00;available_money;2026-03-07T09:24:44.000-03:00;;;667182.38;account_money;
2026-03-07T09:25:15.000-03:00;149263963502;payment;25844.00;0.00;26000.00;0.00;-156.00;available_money;2026-03-07T09:25:15.000-03:00;;;693026.38;account_money;
2026-03-07T09:25:44.000-03:00;148547573665;payment;5467.00;0.00;5500.00;0.00;-33.00;available_money;2026-03-07T09:25:44.000-03:00;;;698493.38;account_money;
2026-03-07T09:27:37.000-03:00;148547799371;payment;25844.00;0.00;26000.00;0.00;-156.00;available_money;2026-03-07T09:27:37.000-03:00;;;724337.38;account_money;
2026-03-07T09:28:34.000-03:00;149264348642;payment;6461.00;0.00;6500.00;0.00;-39.00;available_money;2026-03-07T09:28:34.000-03:00;;;730798.38;account_money;
2026-03-07T09:29:00.000-03:00;148547993609;payment;3479.00;0.00;3500.00;0.00;-21.00;available_money;2026-03-07T09:29:00.000-03:00;;;734277.38;account_money;
2026-03-07T09:30:33.000-03:00;148548292241;payment;5964.00;0.00;6000.00;0.00;-36.00;available_money;2026-03-07T09:30:33.000-03:00;;;740241.38;account_money;
2026-03-07T09:34:12.000-03:00;148548677205;payment;16401.00;0.00;16500.00;0.00;-99.00;available_money;2026-03-07T09:34:12.000-03:00;;;756642.38;account_money;
2026-03-07T09:38:53.000-03:00;149265433038;payment;5964.00;0.00;6000.00;0.00;-36.00;available_money;2026-03-07T09:38:53.000-03:00;;;762606.38;account_money;
2026-03-07T09:40:52.000-03:00;148549314001;payment;5467.00;0.00;5500.00;0.00;-33.00;available_money;2026-03-07T09:40:52.000-03:00;;;768073.38;account_money;
2026-03-07T09:42:46.000-03:00;149265844994;payment;5964.00;0.00;6000.00;0.00;-36.00;available_money;2026-03-07T09:42:46.000-03:00;;;774037.38;account_money;
2026-03-07T09:43:25.000-03:00;149265935230;payment;11928.00;0.00;12000.00;0.00;-72.00;available_money;2026-03-07T09:43:25.000-03:00;;;785965.38;account_money;
2026-03-07T09:44:20.000-03:00;148549722705;payment;5964.00;0.00;6000.00;0.00;-36.00;available_money;2026-03-07T09:44:20.000-03:00;;;791929.38;account_money;
2026-03-07T09:45:51.000-03:00;149266334212;payment;11928.00;0.00;12000.00;0.00;-72.00;available_money;2026-03-07T09:45:51.000-03:00;;;803857.38;account_money;
2026-03-07T09:47:51.000-03:00;148550115311;payment;17892.00;0.00;18000.00;0.00;-108.00;available_money;2026-03-07T09:47:51.000-03:00;;;821749.38;account_money;
2026-03-07T09:48:14.000-03:00;148550222667;payment;5964.00;0.00;6000.00;0.00;-36.00;available_money;2026-03-07T09:48:14.000-03:00;;;827713.38;account_money;
2026-03-07T09:50:30.000-03:00;148550395897;payment;5964.00;0.00;6000.00;0.00;-36.00;debin_transfer;2026-03-07T09:50:30.000-03:00;;;833677.38;bank_transfer;
2026-03-07T09:51:26.000-03:00;148550547301;payment;5964.00;0.00;6000.00;0.00;-36.00;available_money;2026-03-07T09:51:26.000-03:00;;;839641.38;account_money;
2026-03-07T09:52:07.000-03:00;148550636855;payment;17892.00;0.00;18000.00;0.00;-108.00;available_money;2026-03-07T09:52:07.000-03:00;;;857533.38;account_money;
2026-03-07T09:59:50.000-03:00;149267729778;payment;5964.00;0.00;6000.00;0.00;-36.00;available_money;2026-03-07T09:59:50.000-03:00;;;863497.38;account_money;
2026-03-07T10:00:15.000-03:00;148551615047;payment;11928.00;0.00;12000.00;0.00;-72.00;cvu;2026-03-07T10:00:15.000-03:00;;;875425.38;bank_transfer;
2026-03-07T10:01:07.000-03:00;148551647961;payment;5964.00;0.00;6000.00;0.00;-36.00;available_money;2026-03-07T10:01:07.000-03:00;;;881389.38;account_money;
2026-03-07T10:02:05.000-03:00;148551787261;payment;5964.00;0.00;6000.00;0.00;-36.00;available_money;2026-03-07T10:02:05.000-03:00;;;887353.38;account_money;
2026-03-07T10:05:54.000-03:00;149268674250;payment;5964.00;0.00;6000.00;0.00;-36.00;available_money;2026-03-07T10:05:54.000-03:00;;;893317.38;account_money;
2026-03-07T10:07:07.000-03:00;149268719856;payment;11928.00;0.00;12000.00;0.00;-72.00;available_money;2026-03-07T10:07:07.000-03:00;;;905245.38;account_money;
2026-03-07T10:08:33.000-03:00;149268928904;payment;5964.00;0.00;6000.00;0.00;-36.00;available_money;2026-03-07T10:08:33.000-03:00;;;911209.38;account_money;
2026-03-07T10:11:31.000-03:00;149269330580;payment;5964.00;0.00;6000.00;0.00;-36.00;available_money;2026-03-07T10:11:31.000-03:00;;;917173.38;account_money;
2026-03-07T10:23:20.000-03:00;149270863690;payment;11928.00;0.00;12000.00;0.00;-72.00;available_money;2026-03-07T10:23:20.000-03:00;;;929101.38;account_money;
2026-03-07T10:24:02.000-03:00;148554672139;payment;5964.00;0.00;6000.00;0.00;-36.00;available_money;2026-03-07T10:24:02.000-03:00;;;935065.38;account_money;
2026-03-07T10:24:45.000-03:00;148554611483;payment;5964.00;0.00;6000.00;0.00;-36.00;available_money;2026-03-07T10:24:45.000-03:00;;;941029.38;account_money;
2026-03-07T10:25:31.000-03:00;149271264440;payment;5964.00;0.00;6000.00;0.00;-36.00;available_money;2026-03-07T10:25:31.000-03:00;;;946993.38;account_money;
2026-03-07T10:27:19.000-03:00;148554929019;payment;11928.00;0.00;12000.00;0.00;-72.00;available_money;2026-03-07T10:27:19.000-03:00;;;958921.38;account_money;
2026-03-07T10:27:48.000-03:00;148554927745;payment;5964.00;0.00;6000.00;0.00;-36.00;available_money;2026-03-07T10:27:48.000-03:00;;;964885.38;account_money;
2026-03-07T10:28:52.000-03:00;149271766560;payment;5964.00;0.00;6000.00;0.00;-36.00;available_money;2026-03-07T10:28:52.000-03:00;;;970849.38;account_money;
2026-03-07T10:30:20.000-03:00;149271932136;payment;5964.00;0.00;6000.00;0.00;-36.00;available_money;2026-03-07T10:30:20.000-03:00;;;976813.38;account_money;
2026-03-07T10:30:26.000-03:00;148555310901;payment;26838.00;0.00;27000.00;0.00;-162.00;available_money;2026-03-07T10:30:26.000-03:00;;;1003651.38;account_money;
2026-03-07T10:31:19.000-03:00;148555328069;payment;5964.00;0.00;6000.00;0.00;-36.00;available_money;2026-03-07T10:31:19.000-03:00;;;1009615.38;account_money;
2026-03-07T10:33:46.000-03:00;149272390252;payment;5964.00;0.00;6000.00;0.00;-36.00;available_money;2026-03-07T10:33:46.000-03:00;;;1015579.38;account_money;
2026-03-07T10:35:37.000-03:00;149272511464;payment;11928.00;0.00;12000.00;0.00;-72.00;cvu;2026-03-07T10:35:37.000-03:00;;;1027507.38;bank_transfer;
2026-03-07T10:36:53.000-03:00;149272649222;payment;5964.00;0.00;6000.00;0.00;-36.00;cvu;2026-03-07T10:36:53.000-03:00;;;1033471.38;bank_transfer;
2026-03-07T10:39:00.000-03:00;149272944316;payment;5964.00;0.00;6000.00;0.00;-36.00;available_money;2026-03-07T10:39:00.000-03:00;;;1039435.38;account_money;
2026-03-07T10:40:02.000-03:00;149272979704;payment;5964.00;0.00;6000.00;0.00;-36.00;available_money;2026-03-07T10:40:02.000-03:00;;;1045399.38;account_money;
2026-03-07T10:41:24.000-03:00;148556901839;payment;5964.00;0.00;6000.00;0.00;-36.00;available_money;2026-03-07T10:41:24.000-03:00;;;1051363.38;account_money;
2026-03-07T10:41:54.000-03:00;148556986087;payment;17892.00;0.00;18000.00;0.00;-108.00;available_money;2026-03-07T10:41:54.000-03:00;;;1069255.38;account_money;
2026-03-07T10:42:27.000-03:00;149273225620;payment;5964.00;0.00;6000.00;0.00;-36.00;available_money;2026-03-07T10:42:27.000-03:00;;;1075219.38;account_money;
2026-03-07T10:50:49.000-03:00;149274621566;payment;5964.00;0.00;6000.00;0.00;-36.00;debin_transfer;2026-03-07T10:50:49.000-03:00;;;1081183.38;bank_transfer;
2026-03-07T10:52:10.000-03:00;148558372509;payment;5964.00;0.00;6000.00;0.00;-36.00;available_money;2026-03-07T10:52:10.000-03:00;;;1087147.38;account_money;
2026-03-07T10:52:47.000-03:00;149275030472;payment;11928.00;0.00;12000.00;0.00;-72.00;available_money;2026-03-07T10:52:47.000-03:00;;;1099075.38;account_money;
2026-03-07T10:56:18.000-03:00;148559102451;payment;5964.00;0.00;6000.00;0.00;-36.00;available_money;2026-03-07T10:56:18.000-03:00;;;1105039.38;account_money;
2026-03-07T10:58:58.000-03:00;149275799196;payment;5964.00;0.00;6000.00;0.00;-36.00;visa;2026-03-07T10:58:58.000-03:00;;;1111003.38;credit_card;
2026-03-07T11:01:03.000-03:00;149276001810;payment;11928.00;0.00;12000.00;0.00;-72.00;available_money;2026-03-07T11:01:03.000-03:00;;;1122931.38;account_money;
2026-03-07T11:01:06.000-03:00;148559814121;payment;5964.00;0.00;6000.00;0.00;-36.00;cvu;2026-03-07T11:01:06.000-03:00;;;1128895.38;bank_transfer;
2026-03-07T11:03:42.000-03:00;149276323928;payment;5964.00;0.00;6000.00;0.00;-36.00;available_money;2026-03-07T11:03:42.000-03:00;;;1134859.38;account_money;
2026-03-07T11:05:21.000-03:00;149276527578;payment;11928.00;0.00;12000.00;0.00;-72.00;available_money;2026-03-07T11:05:21.000-03:00;;;1146787.38;account_money;
2026-03-07T11:07:22.000-03:00;149277136264;payment;5964.00;0.00;6000.00;0.00;-36.00;available_money;2026-03-07T11:07:22.000-03:00;;;1152751.38;account_money;
2026-03-07T11:08:58.000-03:00;148560988545;payment;11928.00;0.00;12000.00;0.00;-72.00;available_money;2026-03-07T11:08:58.000-03:00;;;1164679.38;account_money;
2026-03-07T11:09:13.000-03:00;149277456118;payment;5964.00;0.00;6000.00;0.00;-36.00;available_money;2026-03-07T11:09:13.000-03:00;;;1170643.38;account_money;
2026-03-07T11:12:16.000-03:00;149277912546;payment;5964.00;0.00;6000.00;0.00;-36.00;available_money;2026-03-07T11:12:16.000-03:00;;;1176607.38;account_money;
2026-03-07T11:20:26.000-03:00;149279210536;payment;5964.00;0.00;6000.00;0.00;-36.00;available_money;2026-03-07T11:20:26.000-03:00;;;1182571.38;account_money;
2026-03-07T11:20:50.000-03:00;148562934433;payment;5964.00;0.00;6000.00;0.00;-36.00;available_money;2026-03-07T11:20:50.000-03:00;;;1188535.38;account_money;
2026-03-07T11:21:47.000-03:00;148562918087;payment;5964.00;0.00;6000.00;0.00;-36.00;available_money;2026-03-07T11:21:47.000-03:00;;;1194499.38;account_money;
2026-03-07T11:22:31.000-03:00;149279427526;payment;11928.00;0.00;12000.00;0.00;-72.00;available_money;2026-03-07T11:22:31.000-03:00;;;1206427.38;account_money;
2026-03-07T11:24:39.000-03:00;148563492861;payment;5964.00;0.00;6000.00;0.00;-36.00;available_money;2026-03-07T11:24:39.000-03:00;;;1212391.38;account_money;
2026-03-07T11:31:32.000-03:00;149281246692;payment;5964.00;0.00;6000.00;0.00;-36.00;available_money;2026-03-07T11:31:32.000-03:00;;;1218355.38;account_money;
2026-03-07T11:31:37.000-03:00;148564642187;payment;11928.00;0.00;12000.00;0.00;-72.00;available_money;2026-03-07T11:31:37.000-03:00;;;1230283.38;account_money;
2026-03-07T11:32:21.000-03:00;149281452162;payment;11928.00;0.00;12000.00;0.00;-72.00;available_money;2026-03-07T11:32:21.000-03:00;;;1242211.38;account_money;
2026-03-07T11:33:16.000-03:00;148564729415;payment;5964.00;0.00;6000.00;0.00;-36.00;cvu;2026-03-07T11:33:16.000-03:00;;;1248175.38;bank_transfer;
2026-03-07T11:36:04.000-03:00;148565274117;payment;5964.00;0.00;6000.00;0.00;-36.00;available_money;2026-03-07T11:36:04.000-03:00;;;1254139.38;account_money;
2026-03-07T11:37:00.000-03:00;148565261551;payment;5964.00;0.00;6000.00;0.00;-36.00;available_money;2026-03-07T11:37:00.000-03:00;;;1260103.38;account_money;
2026-03-07T11:39:32.000-03:00;148565899581;payment;5964.00;0.00;6000.00;0.00;-36.00;cvu;2026-03-07T11:39:32.000-03:00;;;1266067.38;bank_transfer;
2026-03-07T11:40:16.000-03:00;149282688404;payment;5964.00;0.00;6000.00;0.00;-36.00;available_money;2026-03-07T11:40:16.000-03:00;;;1272031.38;account_money;
2026-03-07T11:41:06.000-03:00;148566408789;payment;17892.00;0.00;18000.00;0.00;-108.00;available_money;2026-03-07T11:41:06.000-03:00;;;1289923.38;account_money;
2026-03-07T11:42:58.000-03:00;148566685399;payment;5964.00;0.00;6000.00;0.00;-36.00;available_money;2026-03-07T11:42:58.000-03:00;;;1295887.38;account_money;
2026-03-07T11:44:28.000-03:00;148566962961;payment;5964.00;0.00;6000.00;0.00;-36.00;cvu;2026-03-07T11:44:28.000-03:00;;;1301851.38;bank_transfer;
2026-03-07T11:47:03.000-03:00;148567434471;payment;5964.00;0.00;6000.00;0.00;-36.00;available_money;2026-03-07T11:47:03.000-03:00;;;1307815.38;account_money;
2026-03-07T21:52:25.000-03:00;148659102271;payment;6461.00;0.00;6500.00;0.00;-39.00;available_money;2026-03-07T21:52:25.000-03:00;;;1314276.38;account_money;
2026-03-08T22:36:06.000-03:00;148779310391;payment;6461.00;0.00;6500.00;0.00;-39.00;available_money;2026-03-08T22:36:06.000-03:00;;;1320737.38;account_money;
2026-03-09T12:26:45.000-03:00;149567611036;payment;6461.00;0.00;6500.00;0.00;-39.00;available_money;2026-03-09T12:26:45.000-03:00;;;1327198.38;account_money;
2026-03-09T13:03:42.000-03:00;148856105237;payment;6461.00;0.00;6500.00;0.00;-39.00;debin_transfer;2026-03-09T13:03:42.000-03:00;;;1333659.38;bank_transfer;
2026-03-09T16:17:20.000-03:00;148881109047;payment;6461.00;0.00;6500.00;0.00;-39.00;available_money;2026-03-09T16:17:20.000-03:00;;;1340120.38;account_money;
2026-03-10T07:28:01.000-03:00;149683881112;payment;19880.00;0.00;20000.00;0.00;-120.00;available_money;2026-03-10T07:28:01.000-03:00;;;1360000.38;account_money;
2026-03-10T07:58:30.000-03:00;149686719096;payment;12922.00;0.00;13000.00;0.00;-78.00;available_money;2026-03-10T07:58:30.000-03:00;;;1372922.38;account_money;
2026-03-10T08:28:34.000-03:00;149689923784;payment;6461.00;0.00;6500.00;0.00;-39.00;available_money;2026-03-10T08:28:34.000-03:00;;;1379383.38;account_money;
2026-03-10T09:22:39.000-03:00;148978063643;payment;6461.00;0.00;6500.00;0.00;-39.00;available_money;2026-03-10T09:22:39.000-03:00;;;1385844.38;account_money;
2026-03-10T09:25:06.000-03:00;149696503734;payment;5964.00;0.00;6000.00;0.00;-36.00;available_money;2026-03-10T09:25:06.000-03:00;;;1391808.38;account_money;
2026-03-10T09:34:07.000-03:00;149698095486;payment;11928.00;0.00;12000.00;0.00;-72.00;available_money;2026-03-10T09:34:07.000-03:00;;;1403736.38;account_money;
2026-03-10T09:39:20.000-03:00;148979824275;payment;11431.00;0.00;11500.00;0.00;-69.00;available_money;2026-03-10T09:39:20.000-03:00;;;1415167.38;account_money;
2026-03-10T09:50:12.000-03:00;148981394031;payment;5964.00;0.00;6000.00;0.00;-36.00;available_money;2026-03-10T09:50:12.000-03:00;;;1421131.38;account_money;
2026-03-10T10:42:16.000-03:00;148988896705;payment;5964.00;0.00;6000.00;0.00;-36.00;available_money;2026-03-10T10:42:16.000-03:00;;;1427095.38;account_money;
2026-03-10T10:46:47.000-03:00;148989540155;payment;5964.00;0.00;6000.00;0.00;-36.00;available_money;2026-03-10T10:46:47.000-03:00;;;1433059.38;account_money;
2026-03-10T10:47:36.000-03:00;148989762833;payment;5964.00;0.00;6000.00;0.00;-36.00;available_money;2026-03-10T10:47:36.000-03:00;;;1439023.38;account_money;
2026-03-10T11:18:02.000-03:00;148994670089;payment;5964.00;0.00;6000.00;0.00;-36.00;available_money;2026-03-10T11:18:02.000-03:00;;;1444987.38;account_money;
2026-03-10T11:47:24.000-03:00;148999302423;payment;5964.00;0.00;6000.00;0.00;-36.00;cvu;2026-03-10T11:47:24.000-03:00;;;1450951.38;bank_transfer;
2026-03-10T12:18:36.000-03:00;149723468708;payment;5964.00;0.00;6000.00;0.00;-36.00;available_money;2026-03-10T12:18:36.000-03:00;;;1456915.38;account_money;
2026-03-10T12:33:43.000-03:00;149007321297;payment;5964.00;0.00;6000.00;0.00;-36.00;available_money;2026-03-10T12:33:43.000-03:00;;;1462879.38;account_money;
2026-03-10T12:52:22.000-03:00;149010674135;payment;5964.00;0.00;6000.00;0.00;-36.00;cvu;2026-03-10T12:52:22.000-03:00;;;1468843.38;bank_transfer;
2026-03-10T12:56:05.000-03:00;149730223254;payment;5964.00;0.00;6000.00;0.00;-36.00;naranja;2026-03-10T12:56:05.000-03:00;;;1474807.38;credit_card;
2026-03-10T13:22:22.000-03:00;149734219266;payment;5964.00;0.00;6000.00;0.00;-36.00;available_money;2026-03-10T13:22:22.000-03:00;;;1480771.38;account_money;
2026-03-10T13:22:25.000-03:00;149734159740;payment;11928.00;0.00;12000.00;0.00;-72.00;visa;2026-03-10T13:22:25.000-03:00;;;1492699.38;credit_card;
2026-03-10T13:22:37.000-03:00;149734454272;payment;5964.00;0.00;6000.00;0.00;-36.00;available_money;2026-03-10T13:22:37.000-03:00;;;1498663.38;account_money;
2026-03-10T13:40:14.000-03:00;149018046935;payment;5964.00;0.00;6000.00;0.00;-36.00;available_money;2026-03-10T13:40:14.000-03:00;;;1504627.38;account_money;
2026-03-10T13:47:45.000-03:00;149737941006;payment;5964.00;0.00;6000.00;0.00;-36.00;available_money;2026-03-10T13:47:45.000-03:00;;;1510591.38;account_money;
2026-03-10T14:57:21.000-03:00;149746844816;payment;149100.00;0.00;150000.00;0.00;-900.00;available_money;2026-03-10T14:57:21.000-03:00;;;1659691.38;account_money;
2026-03-10T17:26:00.000-03:00;149767205938;reserve_for_payment;0.00;77462.00;-77462.00;0.00;0.00;available_money;2026-03-10T17:26:00.000-03:00;;;1582229.38;account_money;
2026-03-10T17:26:00.000-03:00;149767205938;reserve_for_payment;77462.00;0.00;77462.00;0.00;0.00;available_money;2026-03-10T17:26:00.000-03:00;;;1659691.38;account_money;
2026-03-10T17:26:00.000-03:00;149767205938;payment;0.00;77462.00;-77000.00;0.00;-462.00;available_money;2026-03-10T17:26:00.000-03:00;;;1582229.38;account_money;
2026-03-11T10:23:34.000-03:00;149143946063;reserve_for_payout;0.00;29576.40;-29576.40;0.00;0.00;available_money;2026-03-11T10:23:34.000-03:00;;;1552652.98;;
2026-03-11T10:23:38.000-03:00;149143946063;reserve_for_payout;29576.40;0.00;29576.40;0.00;0.00;available_money;2026-03-11T10:23:38.000-03:00;;;1582229.38;;
2026-03-11T10:23:38.000-03:00;149143946063;payout;0.00;29576.40;-29400.00;0.00;-176.40;available_money;2026-03-11T10:23:38.000-03:00;;;1552652.98;;
2026-03-11T12:39:35.000-03:00;149884756716;reserve_for_payout;0.00;1385000.00;-1385000.00;0.00;0.00;available_money;2026-03-11T12:39:35.000-03:00;;;167652.98;;
2026-03-11T12:39:38.000-03:00;149884756716;reserve_for_payout;1385000.00;0.00;1385000.00;0.00;0.00;available_money;2026-03-11T12:39:38.000-03:00;;;1552652.98;;
2026-03-11T12:39:38.000-03:00;149884756716;payout;0.00;1385000.00;-1385000.00;0.00;0.00;available_money;2026-03-11T12:39:38.000-03:00;;;167652.98;;
2026-03-11T21:08:51.000-03:00;149237834009;payment;6461.00;0.00;6500.00;0.00;-39.00;available_money;2026-03-11T21:08:51.000-03:00;;;174113.98;account_money;
2026-03-12T19:12:17.000-03:00;149370674421;payment;32802.00;0.00;33000.00;0.00;-198.00;available_money;2026-03-12T19:12:17.000-03:00;;;206915.98;account_money;
2026-03-13T09:59:15.000-03:00;150166768284;payment;48706.00;0.00;49000.00;0.00;-294.00;available_money;2026-03-13T09:59:15.000-03:00;;;255621.98;account_money;
2026-03-13T10:04:41.000-03:00;150167339508;payment;20000.00;0.00;20000.00;0.00;0.00;cvu;2026-03-13T10:04:41.000-03:00;;;275621.98;bank_transfer;
2026-03-13T10:06:46.000-03:00;150167055288;reserve_for_payout;0.00;269798.48;-269798.48;0.00;0.00;available_money;2026-03-13T10:06:46.000-03:00;;;5823.50;;
2026-03-13T10:06:47.000-03:00;150167055288;reserve_for_payout;269798.48;0.00;269798.48;0.00;0.00;available_money;2026-03-13T10:06:47.000-03:00;;;275621.98;;
2026-03-13T10:06:47.000-03:00;150167055288;payout;0.00;269798.48;-268189.34;0.00;-1609.14;available_money;2026-03-13T10:06:47.000-03:00;;;5823.50;;
2026-03-14T07:04:13.000-03:00;149580525349;payment;298200.00;0.00;300000.00;0.00;-1800.00;available_money;2026-03-14T07:04:13.000-03:00;;;304023.50;account_money;
2026-03-14T07:27:52.000-03:00;150303348802;payment;12922.00;0.00;13000.00;0.00;-78.00;available_money;2026-03-14T07:27:52.000-03:00;;;316945.50;account_money;
2026-03-14T08:14:49.000-03:00;150305564612;payment;6461.00;0.00;6500.00;0.00;-39.00;available_money;2026-03-14T08:14:49.000-03:00;;;323406.50;account_money;
2026-03-14T08:15:51.000-03:00;149583463273;payment;6461.00;0.00;6500.00;0.00;-39.00;available_money;2026-03-14T08:15:51.000-03:00;;;329867.50;account_money;
2026-03-14T08:16:15.000-03:00;149583477331;payment;6461.00;0.00;6500.00;0.00;-39.00;available_money;2026-03-14T08:16:15.000-03:00;;;336328.50;account_money;
2026-03-14T08:26:51.000-03:00;150306073780;payment;12922.00;0.00;13000.00;0.00;-78.00;debin_transfer;2026-03-14T08:26:51.000-03:00;;;349250.50;bank_transfer;
2026-03-14T08:37:39.000-03:00;150306949374;payment;6461.00;0.00;6500.00;0.00;-39.00;available_money;2026-03-14T08:37:39.000-03:00;;;355711.50;account_money;
2026-03-14T08:45:23.000-03:00;149585310313;payment;18389.00;0.00;18500.00;0.00;-111.00;available_money;2026-03-14T08:45:23.000-03:00;;;374100.50;account_money;
2026-03-14T08:46:27.000-03:00;150307507276;payment;11431.00;0.00;11500.00;0.00;-69.00;available_money;2026-03-14T08:46:27.000-03:00;;;385531.50;account_money;
2026-03-14T08:49:08.000-03:00;149585581015;payment;11928.00;0.00;12000.00;0.00;-72.00;available_money;2026-03-14T08:49:08.000-03:00;;;397459.50;account_money;
2026-03-14T08:55:29.000-03:00;150308104142;payment;5964.00;0.00;6000.00;0.00;-36.00;available_money;2026-03-14T08:55:29.000-03:00;;;403423.50;account_money;
2026-03-14T09:02:40.000-03:00;150308693040;payment;5964.00;0.00;6000.00;0.00;-36.00;available_money;2026-03-14T09:02:40.000-03:00;;;409387.50;account_money;
2026-03-14T09:03:08.000-03:00;149586580855;payment;5467.00;0.00;5500.00;0.00;-33.00;available_money;2026-03-14T09:03:08.000-03:00;;;414854.50;account_money;
2026-03-14T09:10:37.000-03:00;149587097109;payment;11928.00;0.00;12000.00;0.00;-72.00;available_money;2026-03-14T09:10:37.000-03:00;;;426782.50;account_money;
2026-03-14T09:16:37.000-03:00;149587770373;payment;5964.00;0.00;6000.00;0.00;-36.00;available_money;2026-03-14T09:16:37.000-03:00;;;432746.50;account_money;
2026-03-14T09:22:20.000-03:00;149588314457;payment;29820.00;0.00;30000.00;0.00;-180.00;available_money;2026-03-14T09:22:20.000-03:00;;;462566.50;account_money;
2026-03-14T09:27:08.000-03:00;150310755972;payment;11928.00;0.00;12000.00;0.00;-72.00;available_money;2026-03-14T09:27:08.000-03:00;;;474494.50;account_money;
2026-03-14T09:29:09.000-03:00;149588809095;payment;11928.00;0.00;12000.00;0.00;-72.00;available_money;2026-03-14T09:29:09.000-03:00;;;486422.50;account_money;
2026-03-14T09:30:22.000-03:00;150311336704;payment;5964.00;0.00;6000.00;0.00;-36.00;available_money;2026-03-14T09:30:22.000-03:00;;;492386.50;account_money;
2026-03-14T09:35:04.000-03:00;149589335569;payment;11928.00;0.00;12000.00;0.00;-72.00;available_money;2026-03-14T09:35:04.000-03:00;;;504314.50;account_money;
2026-03-14T09:35:39.000-03:00;149589433435;payment;6461.00;0.00;6500.00;0.00;-39.00;available_money;2026-03-14T09:35:39.000-03:00;;;510775.50;account_money;
2026-03-14T09:43:57.000-03:00;150312380072;payment;11928.00;0.00;12000.00;0.00;-72.00;available_money;2026-03-14T09:43:57.000-03:00;;;522703.50;account_money;
2026-03-14T09:48:28.000-03:00;150312925548;payment;10934.00;0.00;11000.00;0.00;-66.00;available_money;2026-03-14T09:48:28.000-03:00;;;533637.50;account_money;
2026-03-14T09:50:07.000-03:00;150313214264;payment;23856.00;0.00;24000.00;0.00;-144.00;available_money;2026-03-14T09:50:07.000-03:00;;;557493.50;account_money;
2026-03-14T09:54:17.000-03:00;150313631418;payment;5964.00;0.00;6000.00;0.00;-36.00;available_money;2026-03-14T09:54:17.000-03:00;;;563457.50;account_money;
2026-03-14T09:56:50.000-03:00;149591537881;payment;5964.00;0.00;6000.00;0.00;-36.00;available_money;2026-03-14T09:56:50.000-03:00;;;569421.50;account_money;
2026-03-14T09:57:26.000-03:00;149591615577;payment;11928.00;0.00;12000.00;0.00;-72.00;available_money;2026-03-14T09:57:26.000-03:00;;;581349.50;account_money;
2026-03-14T09:58:36.000-03:00;150314202240;payment;5964.00;0.00;6000.00;0.00;-36.00;available_money;2026-03-14T09:58:36.000-03:00;;;587313.50;account_money;
2026-03-14T10:00:54.000-03:00;149592132313;payment;5964.00;0.00;6000.00;0.00;-36.00;cvu;2026-03-14T10:00:54.000-03:00;;;593277.50;bank_transfer;
2026-03-14T10:03:48.000-03:00;150314642504;payment;5964.00;0.00;6000.00;0.00;-36.00;available_money;2026-03-14T10:03:48.000-03:00;;;599241.50;account_money;
2026-03-14T10:04:03.000-03:00;149592399433;payment;11928.00;0.00;12000.00;0.00;-72.00;available_money;2026-03-14T10:04:03.000-03:00;;;611169.50;account_money;
2026-03-14T10:07:36.000-03:00;149592983277;payment;5964.00;0.00;6000.00;0.00;-36.00;available_money;2026-03-14T10:07:36.000-03:00;;;617133.50;account_money;
2026-03-14T10:11:39.000-03:00;149593458427;payment;5964.00;0.00;6000.00;0.00;-36.00;cvu;2026-03-14T10:11:39.000-03:00;;;623097.50;bank_transfer;
2026-03-14T10:11:54.000-03:00;149593488433;payment;5964.00;0.00;6000.00;0.00;-36.00;available_money;2026-03-14T10:11:54.000-03:00;;;629061.50;account_money;
2026-03-14T10:13:14.000-03:00;149593551341;payment;11928.00;0.00;12000.00;0.00;-72.00;available_money;2026-03-14T10:13:14.000-03:00;;;640989.50;account_money;
2026-03-14T10:17:07.000-03:00;150316137670;payment;5964.00;0.00;6000.00;0.00;-36.00;available_money;2026-03-14T10:17:07.000-03:00;;;646953.50;account_money;
2026-03-14T10:18:46.000-03:00;150316532530;payment;5964.00;0.00;6000.00;0.00;-36.00;available_money;2026-03-14T10:18:46.000-03:00;;;652917.50;account_money;
2026-03-14T10:25:42.000-03:00;150317282570;payment;11928.00;0.00;12000.00;0.00;-72.00;available_money;2026-03-14T10:25:42.000-03:00;;;664845.50;account_money;
2026-03-14T10:28:15.000-03:00;150317471850;payment;17892.00;0.00;18000.00;0.00;-108.00;available_money;2026-03-14T10:28:15.000-03:00;;;682737.50;account_money;
2026-03-14T10:33:29.000-03:00;149596146349;payment;11928.00;0.00;12000.00;0.00;-72.00;cvu;2026-03-14T10:33:29.000-03:00;;;694665.50;bank_transfer;
2026-03-14T10:39:30.000-03:00;150319006814;payment;11928.00;0.00;12000.00;0.00;-72.00;cvu;2026-03-14T10:39:30.000-03:00;;;706593.50;bank_transfer;
2026-03-14T10:40:01.000-03:00;150319019620;payment;3976.00;0.00;4000.00;0.00;-24.00;available_money;2026-03-14T10:40:01.000-03:00;;;710569.50;account_money;
2026-03-14T10:40:27.000-03:00;150319124970;payment;11928.00;0.00;12000.00;0.00;-72.00;master;2026-03-14T10:40:27.000-03:00;;;722497.50;credit_card;
2026-03-14T10:41:39.000-03:00;150319340844;payment;11928.00;0.00;12000.00;0.00;-72.00;cvu;2026-03-14T10:41:39.000-03:00;;;734425.50;bank_transfer;
2026-03-14T10:44:07.000-03:00;149597237957;payment;5964.00;0.00;6000.00;0.00;-36.00;available_money;2026-03-14T10:44:07.000-03:00;;;740389.50;account_money;
2026-03-14T10:45:39.000-03:00;150319823372;payment;5964.00;0.00;6000.00;0.00;-36.00;cvu;2026-03-14T10:45:39.000-03:00;;;746353.50;bank_transfer;
2026-03-14T10:47:18.000-03:00;149597681753;payment;5964.00;0.00;6000.00;0.00;-36.00;available_money;2026-03-14T10:47:18.000-03:00;;;752317.50;account_money;
2026-03-14T10:49:50.000-03:00;150320332776;payment;11928.00;0.00;12000.00;0.00;-72.00;available_money;2026-03-14T10:49:50.000-03:00;;;764245.50;account_money;
2026-03-14T10:51:44.000-03:00;150320452058;payment;5964.00;0.00;6000.00;0.00;-36.00;debin_transfer;2026-03-14T10:51:44.000-03:00;;;770209.50;bank_transfer;
2026-03-14T10:54:32.000-03:00;150320857518;payment;5964.00;0.00;6000.00;0.00;-36.00;available_money;2026-03-14T10:54:32.000-03:00;;;776173.50;account_money;
2026-03-14T10:54:52.000-03:00;150321012320;payment;5964.00;0.00;6000.00;0.00;-36.00;available_money;2026-03-14T10:54:52.000-03:00;;;782137.50;account_money;
2026-03-14T10:59:07.000-03:00;150321564900;payment;3479.00;0.00;3500.00;0.00;-21.00;available_money;2026-03-14T10:59:07.000-03:00;;;785616.50;account_money;
2026-03-14T11:04:28.000-03:00;149600092103;payment;5964.00;0.00;6000.00;0.00;-36.00;cvu;2026-03-14T11:04:28.000-03:00;;;791580.50;bank_transfer;
2026-03-14T11:06:01.000-03:00;149600223149;payment;497.00;0.00;500.00;0.00;-3.00;available_money;2026-03-14T11:06:01.000-03:00;;;792077.50;account_money;
2026-03-14T11:08:28.000-03:00;150322980354;payment;5964.00;0.00;6000.00;0.00;-36.00;available_money;2026-03-14T11:08:28.000-03:00;;;798041.50;account_money;
2026-03-14T11:10:04.000-03:00;150323091758;payment;5964.00;0.00;6000.00;0.00;-36.00;available_money;2026-03-14T11:10:04.000-03:00;;;804005.50;account_money;
2026-03-14T11:10:22.000-03:00;150323163188;payment;5964.00;0.00;6000.00;0.00;-36.00;available_money;2026-03-14T11:10:22.000-03:00;;;809969.50;account_money;
2026-03-14T11:12:36.000-03:00;149601292329;payment;5964.00;0.00;6000.00;0.00;-36.00;available_money;2026-03-14T11:12:36.000-03:00;;;815933.50;account_money;
2026-03-14T11:13:49.000-03:00;150323598942;payment;5964.00;0.00;6000.00;0.00;-36.00;available_money;2026-03-14T11:13:49.000-03:00;;;821897.50;account_money;
2026-03-14T11:14:03.000-03:00;150323561724;payment;5964.00;0.00;6000.00;0.00;-36.00;available_money;2026-03-14T11:14:03.000-03:00;;;827861.50;account_money;
2026-03-14T11:21:35.000-03:00;149602435803;payment;11928.00;0.00;12000.00;0.00;-72.00;debin_transfer;2026-03-14T11:21:35.000-03:00;;;839789.50;bank_transfer;
2026-03-14T11:22:32.000-03:00;149602565669;payment;5964.00;0.00;6000.00;0.00;-36.00;available_money;2026-03-14T11:22:32.000-03:00;;;845753.50;account_money;
2026-03-14T11:25:12.000-03:00;150325478914;payment;5964.00;0.00;6000.00;0.00;-36.00;available_money;2026-03-14T11:25:12.000-03:00;;;851717.50;account_money;
2026-03-14T11:25:57.000-03:00;150325486006;payment;11928.00;0.00;12000.00;0.00;-72.00;available_money;2026-03-14T11:25:57.000-03:00;;;863645.50;account_money;
2026-03-14T11:28:04.000-03:00;149603329753;payment;17892.00;0.00;18000.00;0.00;-108.00;cvu;2026-03-14T11:28:04.000-03:00;;;881537.50;bank_transfer;
2026-03-14T11:41:16.000-03:00;149605599537;payment;5964.00;0.00;6000.00;0.00;-36.00;available_money;2026-03-14T11:41:16.000-03:00;;;887501.50;account_money;
2026-03-14T11:44:58.000-03:00;150328545498;payment;5964.00;0.00;6000.00;0.00;-36.00;available_money;2026-03-14T11:44:58.000-03:00;;;893465.50;account_money;
2026-03-14T11:46:08.000-03:00;149606322783;payment;5964.00;0.00;6000.00;0.00;-36.00;available_money;2026-03-14T11:46:08.000-03:00;;;899429.50;account_money;
2026-03-14T11:48:48.000-03:00;149606589669;payment;11928.00;0.00;12000.00;0.00;-72.00;available_money;2026-03-14T11:48:48.000-03:00;;;911357.50;account_money;
2026-03-14T11:51:43.000-03:00;149607246269;payment;12922.00;0.00;13000.00;0.00;-78.00;available_money;2026-03-14T11:51:43.000-03:00;;;924279.50;account_money;
2026-03-14T11:52:41.000-03:00;149607327265;payment;5964.00;0.00;6000.00;0.00;-36.00;available_money;2026-03-14T11:52:41.000-03:00;;;930243.50;account_money;
2026-03-14T11:55:36.000-03:00;149607944795;payment;5964.00;0.00;6000.00;0.00;-36.00;cvu;2026-03-14T11:55:36.000-03:00;;;936207.50;bank_transfer;
2026-03-14T11:57:31.000-03:00;150330393948;payment;5964.00;0.00;6000.00;0.00;-36.00;available_money;2026-03-14T11:57:31.000-03:00;;;942171.50;account_money;
2026-03-14T11:59:45.000-03:00;150330763286;payment;5964.00;0.00;6000.00;0.00;-36.00;available_money;2026-03-14T11:59:45.000-03:00;;;948135.50;account_money;
2026-03-14T11:59:47.000-03:00;149608555919;payment;5964.00;0.00;6000.00;0.00;-36.00;available_money;2026-03-14T11:59:47.000-03:00;;;954099.50;account_money;
2026-03-14T12:03:19.000-03:00;150331373652;payment;5964.00;0.00;6000.00;0.00;-36.00;cvu;2026-03-14T12:03:19.000-03:00;;;960063.50;bank_transfer;
2026-03-14T12:07:27.000-03:00;149609831009;payment;5964.00;0.00;6000.00;0.00;-36.00;available_money;2026-03-14T12:07:27.000-03:00;;;966027.50;account_money;
2026-03-14T12:09:46.000-03:00;149610083849;payment;5964.00;0.00;6000.00;0.00;-36.00;debin_transfer;2026-03-14T12:09:46.000-03:00;;;971991.50;bank_transfer;
2026-03-14T12:16:32.000-03:00;149611324007;payment;5964.00;0.00;6000.00;0.00;-36.00;available_money;2026-03-14T12:16:32.000-03:00;;;977955.50;account_money;
2026-03-14T12:17:08.000-03:00;150333914280;payment;5964.00;0.00;6000.00;0.00;-36.00;cvu;2026-03-14T12:17:08.000-03:00;;;983919.50;bank_transfer;
2026-03-14T12:18:54.000-03:00;150334174512;payment;5964.00;0.00;6000.00;0.00;-36.00;available_money;2026-03-14T12:18:54.000-03:00;;;989883.50;account_money;
2026-03-14T12:20:03.000-03:00;150334192060;payment;5964.00;0.00;6000.00;0.00;-36.00;available_money;2026-03-14T12:20:03.000-03:00;;;995847.50;account_money;
2026-03-14T12:20:36.000-03:00;150334361074;payment;5964.00;0.00;6000.00;0.00;-36.00;available_money;2026-03-14T12:20:36.000-03:00;;;1001811.50;account_money;
2026-03-14T12:20:53.000-03:00;149612198817;payment;11928.00;0.00;12000.00;0.00;-72.00;available_money;2026-03-14T12:20:53.000-03:00;;;1013739.50;account_money;
2026-03-14T12:22:52.000-03:00;150334541894;payment;11928.00;0.00;12000.00;0.00;-72.00;available_money;2026-03-14T12:22:52.000-03:00;;;1025667.50;account_money;
2026-03-14T12:26:50.000-03:00;149613178727;payment;5964.00;0.00;6000.00;0.00;-36.00;debin_transfer;2026-03-14T12:26:50.000-03:00;;;1031631.50;bank_transfer;
2026-03-14T12:28:08.000-03:00;150335770622;payment;5964.00;0.00;6000.00;0.00;-36.00;debin_transfer;2026-03-14T12:28:08.000-03:00;;;1037595.50;bank_transfer;
2026-03-14T12:31:50.000-03:00;150336387298;payment;5964.00;0.00;6000.00;0.00;-36.00;available_money;2026-03-14T12:31:50.000-03:00;;;1043559.50;account_money;
2026-03-14T12:39:29.000-03:00;150337615096;payment;5964.00;0.00;6000.00;0.00;-36.00;amex;2026-03-14T12:39:29.000-03:00;;;1049523.50;credit_card;
2026-03-14T12:40:51.000-03:00;149615592469;payment;5964.00;0.00;6000.00;0.00;-36.00;available_money;2026-03-14T12:40:51.000-03:00;;;1055487.50;account_money;
2026-03-14T12:42:20.000-03:00;149615739039;payment;5964.00;0.00;6000.00;0.00;-36.00;available_money;2026-03-14T12:42:20.000-03:00;;;1061451.50;account_money;
2026-03-14T12:42:24.000-03:00;150337925930;payment;5964.00;0.00;6000.00;0.00;-36.00;available_money;2026-03-14T12:42:24.000-03:00;;;1067415.50;account_money;
2026-03-14T12:43:44.000-03:00;149616118179;payment;5964.00;0.00;6000.00;0.00;-36.00;cvu;2026-03-14T12:43:44.000-03:00;;;1073379.50;bank_transfer;
2026-03-14T12:45:17.000-03:00;150338431432;payment;29820.00;0.00;30000.00;0.00;-180.00;available_money;2026-03-14T12:45:17.000-03:00;;;1103199.50;account_money;
2026-03-14T12:45:46.000-03:00;150338460058;payment;5964.00;0.00;6000.00;0.00;-36.00;cvu;2026-03-14T12:45:46.000-03:00;;;1109163.50;bank_transfer;
2026-03-14T12:46:34.000-03:00;149616536589;payment;5964.00;0.00;6000.00;0.00;-36.00;available_money;2026-03-14T12:46:34.000-03:00;;;1115127.50;account_money;
2026-03-14T12:48:54.000-03:00;149616974217;payment;11928.00;0.00;12000.00;0.00;-72.00;cvu;2026-03-14T12:48:54.000-03:00;;;1127055.50;bank_transfer;
2026-03-14T12:50:00.000-03:00;150339185930;payment;5964.00;0.00;6000.00;0.00;-36.00;cvu;2026-03-14T12:50:00.000-03:00;;;1133019.50;bank_transfer;
2026-03-14T12:51:25.000-03:00;150339660874;payment;5964.00;0.00;6000.00;0.00;-36.00;available_money;2026-03-14T12:51:25.000-03:00;;;1138983.50;account_money;
2026-03-14T12:52:42.000-03:00;149617373613;payment;11928.00;0.00;12000.00;0.00;-72.00;available_money;2026-03-14T12:52:42.000-03:00;;;1150911.50;account_money;
2026-03-14T12:57:35.000-03:00;150340589770;payment;5964.00;0.00;6000.00;0.00;-36.00;cvu;2026-03-14T12:57:35.000-03:00;;;1156875.50;bank_transfer;
2026-03-14T13:05:46.000-03:00;150341821730;payment;11928.00;0.00;12000.00;0.00;-72.00;available_money;2026-03-14T13:05:46.000-03:00;;;1168803.50;account_money;
2026-03-14T13:06:02.000-03:00;150341915008;payment;5964.00;0.00;6000.00;0.00;-36.00;cvu;2026-03-14T13:06:02.000-03:00;;;1174767.50;bank_transfer;
2026-03-14T13:07:18.000-03:00;150342176368;payment;5964.00;0.00;6000.00;0.00;-36.00;available_money;2026-03-14T13:07:18.000-03:00;;;1180731.50;account_money;
2026-03-14T13:08:40.000-03:00;149620060833;payment;5964.00;0.00;6000.00;0.00;-36.00;available_money;2026-03-14T13:08:40.000-03:00;;;1186695.50;account_money;
2026-03-14T13:14:12.000-03:00;149621028193;payment;5964.00;0.00;6000.00;0.00;-36.00;available_money;2026-03-14T13:14:12.000-03:00;;;1192659.50;account_money;
2026-03-14T13:14:23.000-03:00;149620939219;payment;5964.00;0.00;6000.00;0.00;-36.00;available_money;2026-03-14T13:14:23.000-03:00;;;1198623.50;account_money;
2026-03-14T13:16:54.000-03:00;149621257243;payment;11928.00;0.00;12000.00;0.00;-72.00;available_money;2026-03-14T13:16:54.000-03:00;;;1210551.50;account_money;
2026-03-14T13:18:28.000-03:00;149621459323;payment;5964.00;0.00;6000.00;0.00;-36.00;available_money;2026-03-14T13:18:28.000-03:00;;;1216515.50;account_money;
2026-03-14T13:19:52.000-03:00;150344179446;payment;5964.00;0.00;6000.00;0.00;-36.00;cvu;2026-03-14T13:19:52.000-03:00;;;1222479.50;bank_transfer;
2026-03-14T13:21:10.000-03:00;150344353914;payment;17892.00;0.00;18000.00;0.00;-108.00;available_money;2026-03-14T13:21:10.000-03:00;;;1240371.50;account_money;
2026-03-14T13:31:29.000-03:00;150345878902;payment;5964.00;0.00;6000.00;0.00;-36.00;available_money;2026-03-14T13:31:29.000-03:00;;;1246335.50;account_money;
2026-03-14T13:35:11.000-03:00;149624127025;payment;8946.00;0.00;9000.00;0.00;-54.00;cvu;2026-03-14T13:35:11.000-03:00;;;1255281.50;bank_transfer;
2026-03-14T14:05:55.000-03:00;150350817320;payment;124250.00;0.00;125000.00;0.00;-750.00;available_money;2026-03-14T14:05:55.000-03:00;;;1379531.50;account_money;
2026-03-15T19:28:36.000-03:00;149789710897;payment;71568.00;0.00;72000.00;0.00;-432.00;cvu;2026-03-15T19:28:36.000-03:00;;;1451099.50;bank_transfer;
2026-03-16T09:16:52.000-03:00;149844626181;payment;6958.00;0.00;7000.00;0.00;-42.00;available_money;2026-03-16T09:16:52.000-03:00;;;1458057.50;account_money;
2026-03-16T09:26:26.000-03:00;150568463232;payment;6958.00;0.00;7000.00;0.00;-42.00;available_money;2026-03-16T09:26:26.000-03:00;;;1465015.50;account_money;
2026-03-16T09:50:41.000-03:00;149847960761;payment;387660.00;0.00;390000.00;0.00;-2340.00;available_money;2026-03-16T09:50:41.000-03:00;;;1852675.50;account_money;
2026-03-16T16:49:07.000-03:00;150625767068;payment;13916.00;0.00;14000.00;0.00;-84.00;master;2026-03-16T16:49:07.000-03:00;;;1866591.50;credit_card;
2026-03-17T07:54:46.000-03:00;150707262086;payment;6461.00;0.00;6500.00;0.00;-39.00;available_money;2026-03-17T07:54:46.000-03:00;;;1873052.50;account_money;
2026-03-17T08:24:41.000-03:00;150709777158;payment;6461.00;0.00;6500.00;0.00;-39.00;available_money;2026-03-17T08:24:41.000-03:00;;;1879513.50;account_money;
2026-03-17T08:39:18.000-03:00;150711252762;payment;6461.00;0.00;6500.00;0.00;-39.00;cvu;2026-03-17T08:39:18.000-03:00;;;1885974.50;bank_transfer;
2026-03-17T08:43:18.000-03:00;150711501818;payment;6461.00;0.00;6500.00;0.00;-39.00;available_money;2026-03-17T08:43:18.000-03:00;;;1892435.50;account_money;
2026-03-17T09:18:46.000-03:00;149991286585;payment;12922.00;0.00;13000.00;0.00;-78.00;available_money;2026-03-17T09:18:46.000-03:00;;;1905357.50;account_money;
2026-03-17T09:19:15.000-03:00;149991195709;payment;6461.00;0.00;6500.00;0.00;-39.00;available_money;2026-03-17T09:19:15.000-03:00;;;1911818.50;account_money;
2026-03-17T09:21:48.000-03:00;149991449397;payment;6461.00;0.00;6500.00;0.00;-39.00;available_money;2026-03-17T09:21:48.000-03:00;;;1918279.50;account_money;
2026-03-17T09:24:00.000-03:00;149991818333;payment;5964.00;0.00;6000.00;0.00;-36.00;available_money;2026-03-17T09:24:00.000-03:00;;;1924243.50;account_money;
2026-03-17T09:26:41.000-03:00;150716151362;payment;6461.00;0.00;6500.00;0.00;-39.00;available_money;2026-03-17T09:26:41.000-03:00;;;1930704.50;account_money;
2026-03-17T09:31:39.000-03:00;150716724710;payment;6461.00;0.00;6500.00;0.00;-39.00;master;2026-03-17T09:31:39.000-03:00;;;1937165.50;credit_card;
2026-03-17T09:33:27.000-03:00;149992837733;payment;6461.00;0.00;6500.00;0.00;-39.00;available_money;2026-03-17T09:33:27.000-03:00;;;1943626.50;account_money;
2026-03-17T09:38:05.000-03:00;150717431648;payment;6461.00;0.00;6500.00;0.00;-39.00;available_money;2026-03-17T09:38:05.000-03:00;;;1950087.50;account_money;
2026-03-17T09:46:22.000-03:00;149994495081;payment;11928.00;0.00;12000.00;0.00;-72.00;available_money;2026-03-17T09:46:22.000-03:00;;;1962015.50;account_money;
2026-03-17T10:06:11.000-03:00;150720965502;payment;6461.00;0.00;6500.00;0.00;-39.00;available_money;2026-03-17T10:06:11.000-03:00;;;1968476.50;account_money;
2026-03-17T10:25:38.000-03:00;150723557996;payment;5467.00;0.00;5500.00;0.00;-33.00;available_money;2026-03-17T10:25:38.000-03:00;;;1973943.50;account_money;
2026-03-17T10:33:07.000-03:00;150000474961;payment;5964.00;0.00;6000.00;0.00;-36.00;available_money;2026-03-17T10:33:07.000-03:00;;;1979907.50;account_money;
2026-03-17T10:42:14.000-03:00;150001787269;payment;6461.00;0.00;6500.00;0.00;-39.00;cvu;2026-03-17T10:42:14.000-03:00;;;1986368.50;bank_transfer;
2026-03-17T10:59:28.000-03:00;150004055831;payment;5964.00;0.00;6000.00;0.00;-36.00;available_money;2026-03-17T10:59:28.000-03:00;;;1992332.50;account_money;
2026-03-17T10:59:55.000-03:00;150728259718;payment;6461.00;0.00;6500.00;0.00;-39.00;available_money;2026-03-17T10:59:55.000-03:00;;;1998793.50;account_money;
2026-03-17T11:04:26.000-03:00;150728926470;payment;17892.00;0.00;18000.00;0.00;-108.00;available_money;2026-03-17T11:04:26.000-03:00;;;2016685.50;account_money;
2026-03-17T11:20:56.000-03:00;150007253259;payment;6461.00;0.00;6500.00;0.00;-39.00;available_money;2026-03-17T11:20:56.000-03:00;;;2023146.50;account_money;
2026-03-17T12:11:28.000-03:00;150739370524;payment;69083.00;0.00;69500.00;0.00;-417.00;available_money;2026-03-17T12:11:28.000-03:00;;;2092229.50;account_money;
2026-03-17T12:16:27.000-03:00;150740081014;payment;5964.00;0.00;6000.00;0.00;-36.00;available_money;2026-03-17T12:16:27.000-03:00;;;2098193.50;account_money;
2026-03-17T12:42:47.000-03:00;150020101199;payment;5964.00;0.00;6000.00;0.00;-36.00;debin_transfer;2026-03-17T12:42:47.000-03:00;;;2104157.50;bank_transfer;
2026-03-17T13:18:25.000-03:00;150750134236;payment;5964.00;0.00;6000.00;0.00;-36.00;available_money;2026-03-17T13:18:25.000-03:00;;;2110121.50;account_money;
2026-03-17T13:29:09.000-03:00;150027340221;payment;5964.00;0.00;6000.00;0.00;-36.00;available_money;2026-03-17T13:29:09.000-03:00;;;2116085.50;account_money;
2026-03-17T13:29:10.000-03:00;150027202009;payment;17892.00;0.00;18000.00;0.00;-108.00;available_money;2026-03-17T13:29:10.000-03:00;;;2133977.50;account_money;
2026-03-17T13:31:24.000-03:00;150027509853;payment;5964.00;0.00;6000.00;0.00;-36.00;available_money;2026-03-17T13:31:24.000-03:00;;;2139941.50;account_money;
2026-03-17T13:34:58.000-03:00;150752598338;payment;5964.00;0.00;6000.00;0.00;-36.00;debin_transfer;2026-03-17T13:34:58.000-03:00;;;2145905.50;bank_transfer;
2026-03-17T13:42:44.000-03:00;150029288737;payment;11928.00;0.00;12000.00;0.00;-72.00;cvu;2026-03-17T13:42:44.000-03:00;;;2157833.50;bank_transfer;
2026-03-17T13:43:42.000-03:00;150753870320;payment;5964.00;0.00;6000.00;0.00;-36.00;available_money;2026-03-17T13:43:42.000-03:00;;;2163797.50;account_money;
2026-03-17T14:01:38.000-03:00;150031514785;payment;164010.00;0.00;165000.00;0.00;-990.00;available_money;2026-03-17T14:01:38.000-03:00;;;2327807.50;account_money;
2026-03-17T14:34:02.000-03:00;150759834540;payment;71568.00;0.00;72000.00;0.00;-432.00;cvu;2026-03-17T14:34:02.000-03:00;;;2399375.50;bank_transfer;
2026-03-17T16:21:02.000-03:00;150047544799;payment;12922.00;0.00;13000.00;0.00;-78.00;available_money;2026-03-17T16:21:02.000-03:00;;;2412297.50;account_money;
2026-03-18T11:39:47.000-03:00;150882356650;reserve_for_payment;0.00;46678.40;-46678.40;0.00;0.00;available_money;2026-03-18T11:39:47.000-03:00;;;2365619.10;account_money;
2026-03-18T11:39:47.000-03:00;150882356650;reserve_for_payment;46678.40;0.00;46678.40;0.00;0.00;available_money;2026-03-18T11:39:47.000-03:00;;;2412297.50;account_money;
2026-03-18T11:39:47.000-03:00;150882356650;payment;0.00;46678.40;-46400.00;0.00;-278.40;available_money;2026-03-18T11:39:47.000-03:00;;;2365619.10;account_money;
2026-03-18T13:06:59.000-03:00;150169223645;reserve_for_payout;0.00;400000.00;-400000.00;0.00;0.00;available_money;2026-03-18T13:06:59.000-03:00;;;1965619.10;;
2026-03-18T13:07:01.000-03:00;150169223645;reserve_for_payout;400000.00;0.00;400000.00;0.00;0.00;available_money;2026-03-18T13:07:01.000-03:00;;;2365619.10;;
2026-03-18T13:07:01.000-03:00;150169223645;payout;0.00;400000.00;-400000.00;0.00;0.00;available_money;2026-03-18T13:07:01.000-03:00;;;1965619.10;;
2026-03-18T14:51:48.000-03:00;150908443038;reserve_for_payout;0.00;486904.00;-486904.00;0.00;0.00;available_money;2026-03-18T14:51:48.000-03:00;;;1478715.10;;
2026-03-18T14:51:51.000-03:00;150908443038;reserve_for_payout;486904.00;0.00;486904.00;0.00;0.00;available_money;2026-03-18T14:51:51.000-03:00;;;1965619.10;;
2026-03-18T14:51:51.000-03:00;150908443038;payout;0.00;486904.00;-484000.00;0.00;-2904.00;available_money;2026-03-18T14:51:51.000-03:00;;;1478715.10;;
2026-03-18T15:44:40.000-03:00;150915256558;payment;5964.00;0.00;6000.00;0.00;-36.00;cvu;2026-03-18T15:44:40.000-03:00;;;1484679.10;bank_transfer;
2026-03-18T17:34:34.000-03:00;150929660796;payment;20874.00;0.00;21000.00;0.00;-126.00;available_money;2026-03-18T17:34:34.000-03:00;;;1505553.10;account_money;
2026-03-20T12:58:11.000-03:00;151201730466;payment;193830.00;0.00;195000.00;0.00;-1170.00;available_money;2026-03-20T12:58:11.000-03:00;;;1699383.10;account_money;
2026-03-21T07:59:41.000-03:00;151311045644;payment;19383.00;0.00;19500.00;0.00;-117.00;available_money;2026-03-21T07:59:41.000-03:00;;;1718766.10;account_money;
2026-03-21T08:09:01.000-03:00;150583709173;payment;6461.00;0.00;6500.00;0.00;-39.00;available_money;2026-03-21T08:09:01.000-03:00;;;1725227.10;account_money;
2026-03-21T08:20:06.000-03:00;150584289711;payment;12922.00;0.00;13000.00;0.00;-78.00;available_money;2026-03-21T08:20:06.000-03:00;;;1738149.10;account_money;
2026-03-21T08:23:49.000-03:00;150584481517;payment;12922.00;0.00;13000.00;0.00;-78.00;available_money;2026-03-21T08:23:49.000-03:00;;;1751071.10;account_money;
2026-03-21T08:38:39.000-03:00;150585345157;payment;12922.00;0.00;13000.00;0.00;-78.00;available_money;2026-03-21T08:38:39.000-03:00;;;1763993.10;account_money;
2026-03-21T08:40:38.000-03:00;150585467705;payment;6461.00;0.00;6500.00;0.00;-39.00;available_money;2026-03-21T08:40:38.000-03:00;;;1770454.10;account_money;
2026-03-21T08:40:54.000-03:00;150585540913;payment;12922.00;0.00;13000.00;0.00;-78.00;available_money;2026-03-21T08:40:54.000-03:00;;;1783376.10;account_money;
2026-03-21T08:41:14.000-03:00;150585487875;payment;12922.00;0.00;13000.00;0.00;-78.00;available_money;2026-03-21T08:41:14.000-03:00;;;1796298.10;account_money;
2026-03-21T08:47:01.000-03:00;150586053025;payment;12922.00;0.00;13000.00;0.00;-78.00;available_money;2026-03-21T08:47:01.000-03:00;;;1809220.10;account_money;
2026-03-21T08:51:03.000-03:00;151314104806;payment;6461.00;0.00;6500.00;0.00;-39.00;available_money;2026-03-21T08:51:03.000-03:00;;;1815681.10;account_money;
2026-03-21T08:54:06.000-03:00;151314386198;payment;6461.00;0.00;6500.00;0.00;-39.00;debin_transfer;2026-03-21T08:54:06.000-03:00;;;1822142.10;bank_transfer;
2026-03-21T08:59:42.000-03:00;150586771611;payment;5467.00;0.00;5500.00;0.00;-33.00;cvu;2026-03-21T08:59:42.000-03:00;;;1827609.10;bank_transfer;
2026-03-21T09:05:15.000-03:00;150587232655;payment;6461.00;0.00;6500.00;0.00;-39.00;available_money;2026-03-21T09:05:15.000-03:00;;;1834070.10;account_money;
2026-03-21T09:12:21.000-03:00;150587829949;payment;11928.00;0.00;12000.00;0.00;-72.00;available_money;2026-03-21T09:12:21.000-03:00;;;1845998.10;account_money;
2026-03-21T09:14:34.000-03:00;150588104187;payment;12922.00;0.00;13000.00;0.00;-78.00;available_money;2026-03-21T09:14:34.000-03:00;;;1858920.10;account_money;
2026-03-21T09:14:36.000-03:00;151315793928;payment;5467.00;0.00;5500.00;0.00;-33.00;available_money;2026-03-21T09:14:36.000-03:00;;;1864387.10;account_money;
2026-03-21T09:17:02.000-03:00;150588232955;payment;12922.00;0.00;13000.00;0.00;-78.00;available_money;2026-03-21T09:17:02.000-03:00;;;1877309.10;account_money;
2026-03-21T09:21:17.000-03:00;151316610820;payment;6461.00;0.00;6500.00;0.00;-39.00;available_money;2026-03-21T09:21:17.000-03:00;;;1883770.10;account_money;
2026-03-21T09:26:32.000-03:00;151317005240;payment;5964.00;0.00;6000.00;0.00;-36.00;available_money;2026-03-21T09:26:32.000-03:00;;;1889734.10;account_money;
2026-03-21T09:30:54.000-03:00;150589465637;payment;17892.00;0.00;18000.00;0.00;-108.00;available_money;2026-03-21T09:30:54.000-03:00;;;1907626.10;account_money;
2026-03-21T09:33:00.000-03:00;150589699031;payment;5964.00;0.00;6000.00;0.00;-36.00;available_money;2026-03-21T09:33:00.000-03:00;;;1913590.10;account_money;
2026-03-21T09:33:08.000-03:00;151317579766;payment;5964.00;0.00;6000.00;0.00;-36.00;available_money;2026-03-21T09:33:08.000-03:00;;;1919554.10;account_money;
2026-03-21T09:35:49.000-03:00;151317855384;payment;11928.00;0.00;12000.00;0.00;-72.00;available_money;2026-03-21T09:35:49.000-03:00;;;1931482.10;account_money;
2026-03-21T09:36:49.000-03:00;150590044151;payment;16401.00;0.00;16500.00;0.00;-99.00;available_money;2026-03-21T09:36:49.000-03:00;;;1947883.10;account_money;
2026-03-21T09:42:34.000-03:00;150590570821;payment;5964.00;0.00;6000.00;0.00;-36.00;available_money;2026-03-21T09:42:34.000-03:00;;;1953847.10;account_money;
2026-03-21T09:48:23.000-03:00;151319112666;payment;5467.00;0.00;5500.00;0.00;-33.00;available_money;2026-03-21T09:48:23.000-03:00;;;1959314.10;account_money;
2026-03-21T10:00:46.000-03:00;151320391484;payment;5964.00;0.00;6000.00;0.00;-36.00;available_money;2026-03-21T10:00:46.000-03:00;;;1965278.10;account_money;
2026-03-21T10:00:56.000-03:00;151320431420;payment;5964.00;0.00;6000.00;0.00;-36.00;available_money;2026-03-21T10:00:56.000-03:00;;;1971242.10;account_money;
2026-03-21T10:03:08.000-03:00;151320671542;payment;5964.00;0.00;6000.00;0.00;-36.00;available_money;2026-03-21T10:03:08.000-03:00;;;1977206.10;account_money;
2026-03-21T10:03:43.000-03:00;150592724359;payment;5964.00;0.00;6000.00;0.00;-36.00;available_money;2026-03-21T10:03:43.000-03:00;;;1983170.10;account_money;
2026-03-21T10:05:01.000-03:00;150592777537;payment;11928.00;0.00;12000.00;0.00;-72.00;available_money;2026-03-21T10:05:01.000-03:00;;;1995098.10;account_money;
2026-03-21T10:11:57.000-03:00;151321501734;payment;5964.00;0.00;6000.00;0.00;-36.00;available_money;2026-03-21T10:11:57.000-03:00;;;2001062.10;account_money;
2026-03-21T10:12:41.000-03:00;151321686200;payment;5964.00;0.00;6000.00;0.00;-36.00;available_money;2026-03-21T10:12:41.000-03:00;;;2007026.10;account_money;
2026-03-21T10:24:24.000-03:00;151323180230;payment;6461.00;0.00;6500.00;0.00;-39.00;available_money;2026-03-21T10:24:24.000-03:00;;;2013487.10;account_money;
2026-03-21T10:34:17.000-03:00;151324232988;payment;5964.00;0.00;6000.00;0.00;-36.00;available_money;2026-03-21T10:34:17.000-03:00;;;2019451.10;account_money;
2026-03-21T10:34:39.000-03:00;151324340234;payment;5964.00;0.00;6000.00;0.00;-36.00;available_money;2026-03-21T10:34:39.000-03:00;;;2025415.10;account_money;
2026-03-21T10:38:02.000-03:00;150596702761;payment;11928.00;0.00;12000.00;0.00;-72.00;available_money;2026-03-21T10:38:02.000-03:00;;;2037343.10;account_money;
2026-03-21T10:38:09.000-03:00;151324762480;payment;5964.00;0.00;6000.00;0.00;-36.00;available_money;2026-03-21T10:38:09.000-03:00;;;2043307.10;account_money;
2026-03-21T10:39:49.000-03:00;151324936916;payment;5964.00;0.00;6000.00;0.00;-36.00;available_money;2026-03-21T10:39:49.000-03:00;;;2049271.10;account_money;
2026-03-21T10:47:36.000-03:00;151325925508;payment;5964.00;0.00;6000.00;0.00;-36.00;available_money;2026-03-21T10:47:36.000-03:00;;;2055235.10;account_money;
2026-03-21T10:48:08.000-03:00;150597815979;payment;5964.00;0.00;6000.00;0.00;-36.00;available_money;2026-03-21T10:48:08.000-03:00;;;2061199.10;account_money;
2026-03-21T10:51:35.000-03:00;150598408183;payment;11928.00;0.00;12000.00;0.00;-72.00;available_money;2026-03-21T10:51:35.000-03:00;;;2073127.10;account_money;
2026-03-21T10:52:33.000-03:00;151326538966;payment;5964.00;0.00;6000.00;0.00;-36.00;cvu;2026-03-21T10:52:33.000-03:00;;;2079091.10;bank_transfer;
2026-03-21T10:54:48.000-03:00;150598770881;payment;5964.00;0.00;6000.00;0.00;-36.00;available_money;2026-03-21T10:54:48.000-03:00;;;2085055.10;account_money;
2026-03-21T11:01:06.000-03:00;151327682786;payment;5964.00;0.00;6000.00;0.00;-36.00;cvu;2026-03-21T11:01:06.000-03:00;;;2091019.10;bank_transfer;
2026-03-21T11:04:48.000-03:00;150600116863;payment;5964.00;0.00;6000.00;0.00;-36.00;available_money;2026-03-21T11:04:48.000-03:00;;;2096983.10;account_money;
2026-03-21T11:05:26.000-03:00;151328232708;payment;5964.00;0.00;6000.00;0.00;-36.00;available_money;2026-03-21T11:05:26.000-03:00;;;2102947.10;account_money;
2026-03-21T11:13:44.000-03:00;150601370115;payment;11928.00;0.00;12000.00;0.00;-72.00;available_money;2026-03-21T11:13:44.000-03:00;;;2114875.10;account_money;
2026-03-21T11:21:11.000-03:00;151330307990;payment;5964.00;0.00;6000.00;0.00;-36.00;available_money;2026-03-21T11:21:11.000-03:00;;;2120839.10;account_money;
2026-03-21T11:24:33.000-03:00;150602898593;payment;5964.00;0.00;6000.00;0.00;-36.00;cvu;2026-03-21T11:24:33.000-03:00;;;2126803.10;bank_transfer;
2026-03-21T11:25:07.000-03:00;150602915487;payment;17892.00;0.00;18000.00;0.00;-108.00;available_money;2026-03-21T11:25:07.000-03:00;;;2144695.10;account_money;
2026-03-21T11:37:17.000-03:00;151333026270;payment;5964.00;0.00;6000.00;0.00;-36.00;available_money;2026-03-21T11:37:17.000-03:00;;;2150659.10;account_money;
2026-03-21T11:41:23.000-03:00;151333491480;payment;5964.00;0.00;6000.00;0.00;-36.00;available_money;2026-03-21T11:41:23.000-03:00;;;2156623.10;account_money;
2026-03-21T11:41:27.000-03:00;150605331621;payment;11928.00;0.00;12000.00;0.00;-72.00;available_money;2026-03-21T11:41:27.000-03:00;;;2168551.10;account_money;
2026-03-21T11:43:54.000-03:00;150605808161;payment;9940.00;0.00;10000.00;0.00;-60.00;available_money;2026-03-21T11:43:54.000-03:00;;;2178491.10;account_money;
2026-03-21T11:44:42.000-03:00;150605725719;payment;5964.00;0.00;6000.00;0.00;-36.00;cvu;2026-03-21T11:44:42.000-03:00;;;2184455.10;bank_transfer;
2026-03-21T11:48:27.000-03:00;151334776672;payment;11928.00;0.00;12000.00;0.00;-72.00;available_money;2026-03-21T11:48:27.000-03:00;;;2196383.10;account_money;
2026-03-21T11:50:33.000-03:00;151334973828;payment;11928.00;0.00;12000.00;0.00;-72.00;available_money;2026-03-21T11:50:33.000-03:00;;;2208311.10;account_money;
2026-03-21T11:53:32.000-03:00;150607258295;payment;11928.00;0.00;12000.00;0.00;-72.00;available_money;2026-03-21T11:53:32.000-03:00;;;2220239.10;account_money;
2026-03-21T11:53:43.000-03:00;151335520350;payment;5964.00;0.00;6000.00;0.00;-36.00;available_money;2026-03-21T11:53:43.000-03:00;;;2226203.10;account_money;
2026-03-21T11:54:17.000-03:00;151335507294;payment;5964.00;0.00;6000.00;0.00;-36.00;available_money;2026-03-21T11:54:17.000-03:00;;;2232167.10;account_money;
2026-03-21T11:55:58.000-03:00;150607549527;payment;5964.00;0.00;6000.00;0.00;-36.00;available_money;2026-03-21T11:55:58.000-03:00;;;2238131.10;account_money;
2026-03-21T11:56:29.000-03:00;151335902706;payment;11928.00;0.00;12000.00;0.00;-72.00;available_money;2026-03-21T11:56:29.000-03:00;;;2250059.10;account_money;
2026-03-21T11:56:54.000-03:00;150607813447;payment;1789.20;0.00;1800.00;0.00;-10.80;cvu;2026-03-21T11:56:54.000-03:00;;;2251848.30;bank_transfer;
2026-03-21T11:57:03.000-03:00;151335996848;payment;5964.00;0.00;6000.00;0.00;-36.00;cvu;2026-03-21T11:57:03.000-03:00;;;2257812.30;bank_transfer;
2026-03-21T12:01:06.000-03:00;150608514769;payment;5964.00;0.00;6000.00;0.00;-36.00;consumer_credits;2026-03-21T12:01:06.000-03:00;;;2263776.30;digital_currency;
2026-03-21T12:02:13.000-03:00;151336748778;payment;5964.00;0.00;6000.00;0.00;-36.00;available_money;2026-03-21T12:02:13.000-03:00;;;2269740.30;account_money;
2026-03-21T12:05:58.000-03:00;150609196963;payment;5964.00;0.00;6000.00;0.00;-36.00;available_money;2026-03-21T12:05:58.000-03:00;;;2275704.30;account_money;
2026-03-21T12:06:32.000-03:00;151337527388;payment;11928.00;0.00;12000.00;0.00;-72.00;debin_transfer;2026-03-21T12:06:32.000-03:00;;;2287632.30;bank_transfer;
2026-03-21T12:11:47.000-03:00;150610186205;payment;11928.00;0.00;12000.00;0.00;-72.00;available_money;2026-03-21T12:11:47.000-03:00;;;2299560.30;account_money;
2026-03-21T12:12:07.000-03:00;151338419294;payment;5964.00;0.00;6000.00;0.00;-36.00;cvu;2026-03-21T12:12:07.000-03:00;;;2305524.30;bank_transfer;
2026-03-21T12:19:20.000-03:00;151339533280;payment;5964.00;0.00;6000.00;0.00;-36.00;available_money;2026-03-21T12:19:20.000-03:00;;;2311488.30;account_money;
2026-03-21T12:20:11.000-03:00;150611646429;payment;5964.00;0.00;6000.00;0.00;-36.00;available_money;2026-03-21T12:20:11.000-03:00;;;2317452.30;account_money;
2026-03-21T12:23:09.000-03:00;151340138886;payment;5964.00;0.00;6000.00;0.00;-36.00;available_money;2026-03-21T12:23:09.000-03:00;;;2323416.30;account_money;
2026-03-21T12:24:28.000-03:00;151340440592;payment;5964.00;0.00;6000.00;0.00;-36.00;available_money;2026-03-21T12:24:28.000-03:00;;;2329380.30;account_money;
2026-03-21T12:24:33.000-03:00;151340291824;payment;5964.00;0.00;6000.00;0.00;-36.00;cvu;2026-03-21T12:24:33.000-03:00;;;2335344.30;bank_transfer;
2026-03-21T12:26:44.000-03:00;151340904656;payment;5964.00;0.00;6000.00;0.00;-36.00;cvu;2026-03-21T12:26:44.000-03:00;;;2341308.30;bank_transfer;
2026-03-21T12:27:35.000-03:00;150612615307;payment;5964.00;0.00;6000.00;0.00;-36.00;available_money;2026-03-21T12:27:35.000-03:00;;;2347272.30;account_money;
2026-03-21T12:29:32.000-03:00;151341323110;payment;5964.00;0.00;6000.00;0.00;-36.00;available_money;2026-03-21T12:29:32.000-03:00;;;2353236.30;account_money;
2026-03-21T12:31:52.000-03:00;150613240063;payment;5964.00;0.00;6000.00;0.00;-36.00;available_money;2026-03-21T12:31:52.000-03:00;;;2359200.30;account_money;
2026-03-21T12:41:50.000-03:00;150615057301;payment;5964.00;0.00;6000.00;0.00;-36.00;available_money;2026-03-21T12:41:50.000-03:00;;;2365164.30;account_money;
2026-03-21T12:41:57.000-03:00;151343198610;payment;5964.00;0.00;6000.00;0.00;-36.00;available_money;2026-03-21T12:41:57.000-03:00;;;2371128.30;account_money;
2026-03-21T12:46:01.000-03:00;150615607511;payment;5964.00;0.00;6000.00;0.00;-36.00;available_money;2026-03-21T12:46:01.000-03:00;;;2377092.30;account_money;
2026-03-21T12:46:27.000-03:00;150615800527;payment;11928.00;0.00;12000.00;0.00;-72.00;available_money;2026-03-21T12:46:27.000-03:00;;;2389020.30;account_money;
2026-03-21T12:51:35.000-03:00;151344829130;payment;5964.00;0.00;6000.00;0.00;-36.00;cvu;2026-03-21T12:51:35.000-03:00;;;2394984.30;bank_transfer;
2026-03-21T12:52:57.000-03:00;150616667511;payment;5964.00;0.00;6000.00;0.00;-36.00;available_money;2026-03-21T12:52:57.000-03:00;;;2400948.30;account_money;
2026-03-21T12:59:02.000-03:00;151345859640;payment;5964.00;0.00;6000.00;0.00;-36.00;debin_transfer;2026-03-21T12:59:02.000-03:00;;;2406912.30;bank_transfer;
2026-03-21T13:00:18.000-03:00;151346098772;payment;5964.00;0.00;6000.00;0.00;-36.00;available_money;2026-03-21T13:00:18.000-03:00;;;2412876.30;account_money;
2026-03-21T13:02:21.000-03:00;150618382197;payment;5964.00;0.00;6000.00;0.00;-36.00;available_money;2026-03-21T13:02:21.000-03:00;;;2418840.30;account_money;
2026-03-21T13:05:19.000-03:00;150618625653;payment;5964.00;0.00;6000.00;0.00;-36.00;cvu;2026-03-21T13:05:19.000-03:00;;;2424804.30;bank_transfer;
2026-03-21T13:06:46.000-03:00;151347109152;payment;11928.00;0.00;12000.00;0.00;-72.00;available_money;2026-03-21T13:06:46.000-03:00;;;2436732.30;account_money;
2026-03-21T13:17:12.000-03:00;151348689518;payment;5964.00;0.00;6000.00;0.00;-36.00;available_money;2026-03-21T13:17:12.000-03:00;;;2442696.30;account_money;
2026-03-21T13:20:25.000-03:00;150621113029;payment;5964.00;0.00;6000.00;0.00;-36.00;available_money;2026-03-21T13:20:25.000-03:00;;;2448660.30;account_money;
2026-03-21T13:20:57.000-03:00;150621105725;payment;5964.00;0.00;6000.00;0.00;-36.00;available_money;2026-03-21T13:20:57.000-03:00;;;2454624.30;account_money;
2026-03-21T13:21:27.000-03:00;150621207565;payment;5964.00;0.00;6000.00;0.00;-36.00;available_money;2026-03-21T13:21:27.000-03:00;;;2460588.30;account_money;
2026-03-21T13:23:20.000-03:00;150621586607;payment;11928.00;0.00;12000.00;0.00;-72.00;available_money;2026-03-21T13:23:20.000-03:00;;;2472516.30;account_money;
2026-03-21T13:30:30.000-03:00;150622493179;payment;5964.00;0.00;6000.00;0.00;-36.00;available_money;2026-03-21T13:30:30.000-03:00;;;2478480.30;account_money;
2026-03-21T13:31:21.000-03:00;151351016254;payment;5964.00;0.00;6000.00;0.00;-36.00;available_money;2026-03-21T13:31:21.000-03:00;;;2484444.30;account_money;
2026-03-21T13:31:26.000-03:00;151351004472;payment;5964.00;0.00;6000.00;0.00;-36.00;available_money;2026-03-21T13:31:26.000-03:00;;;2490408.30;account_money;
2026-03-21T13:32:16.000-03:00;150622664095;payment;5964.00;0.00;6000.00;0.00;-36.00;available_money;2026-03-21T13:32:16.000-03:00;;;2496372.30;account_money;
2026-03-21T13:32:56.000-03:00;151351092026;payment;5964.00;0.00;6000.00;0.00;-36.00;available_money;2026-03-21T13:32:56.000-03:00;;;2502336.30;account_money;
2026-03-21T13:33:34.000-03:00;150622946855;payment;5964.00;0.00;6000.00;0.00;-36.00;available_money;2026-03-21T13:33:34.000-03:00;;;2508300.30;account_money;
2026-03-21T13:36:37.000-03:00;150623432153;payment;5964.00;0.00;6000.00;0.00;-36.00;available_money;2026-03-21T13:36:37.000-03:00;;;2514264.30;account_money;
2026-03-21T13:43:55.000-03:00;150624566617;payment;11928.00;0.00;12000.00;0.00;-72.00;cvu;2026-03-21T13:43:55.000-03:00;;;2526192.30;bank_transfer;
2026-03-21T13:45:12.000-03:00;151352716000;payment;11928.00;0.00;12000.00;0.00;-72.00;available_money;2026-03-21T13:45:12.000-03:00;;;2538120.30;account_money;
2026-03-21T13:46:37.000-03:00;150624861301;payment;5964.00;0.00;6000.00;0.00;-36.00;available_money;2026-03-21T13:46:37.000-03:00;;;2544084.30;account_money;
2026-03-21T13:48:58.000-03:00;151353390106;payment;5964.00;0.00;6000.00;0.00;-36.00;available_money;2026-03-21T13:48:58.000-03:00;;;2550048.30;account_money;
2026-03-21T13:50:18.000-03:00;151353403878;payment;5964.00;0.00;6000.00;0.00;-36.00;available_money;2026-03-21T13:50:18.000-03:00;;;2556012.30;account_money;
2026-03-21T13:51:07.000-03:00;151353618996;payment;5964.00;0.00;6000.00;0.00;-36.00;cvu;2026-03-21T13:51:07.000-03:00;;;2561976.30;bank_transfer;
2026-03-21T13:56:30.000-03:00;151354530420;payment;5964.00;0.00;6000.00;0.00;-36.00;available_money;2026-03-21T13:56:30.000-03:00;;;2567940.30;account_money;
2026-03-21T13:58:35.000-03:00;150626444657;payment;4970.00;0.00;5000.00;0.00;-30.00;available_money;2026-03-21T13:58:35.000-03:00;;;2572910.30;account_money;
2026-03-21T14:00:16.000-03:00;150626654619;payment;5964.00;0.00;6000.00;0.00;-36.00;debin_transfer;2026-03-21T14:00:16.000-03:00;;;2578874.30;bank_transfer;
2026-03-21T14:03:32.000-03:00;150627049613;payment;5964.00;0.00;6000.00;0.00;-36.00;available_money;2026-03-21T14:03:32.000-03:00;;;2584838.30;account_money;
2026-03-21T14:05:58.000-03:00;150627431883;payment;5964.00;0.00;6000.00;0.00;-36.00;available_money;2026-03-21T14:05:58.000-03:00;;;2590802.30;account_money;
2026-03-21T14:06:48.000-03:00;151355652018;payment;5964.00;0.00;6000.00;0.00;-36.00;available_money;2026-03-21T14:06:48.000-03:00;;;2596766.30;account_money;
2026-03-21T14:08:20.000-03:00;151355976324;payment;5964.00;0.00;6000.00;0.00;-36.00;available_money;2026-03-21T14:08:20.000-03:00;;;2602730.30;account_money;
2026-03-21T14:12:13.000-03:00;150628348677;payment;5964.00;0.00;6000.00;0.00;-36.00;available_money;2026-03-21T14:12:13.000-03:00;;;2608694.30;account_money;
2026-03-21T14:27:12.000-03:00;150630079765;payment;11928.00;0.00;12000.00;0.00;-72.00;available_money;2026-03-21T14:27:12.000-03:00;;;2620622.30;account_money;
2026-03-21T14:45:06.000-03:00;151360675798;payment;99400.00;0.00;100000.00;0.00;-600.00;available_money;2026-03-21T14:45:06.000-03:00;;;2720022.30;account_money;
2026-03-21T14:58:11.000-03:00;150634075757;payment;238560.00;0.00;240000.00;0.00;-1440.00;available_money;2026-03-21T14:58:11.000-03:00;;;2958582.30;account_money;
2026-03-21T15:41:06.000-03:00;151367441540;payment;6461.00;0.00;6500.00;0.00;-39.00;available_money;2026-03-21T15:41:06.000-03:00;;;2965043.30;account_money;
2026-03-21T17:33:11.000-03:00;150652921905;payment;39760.00;0.00;40000.00;0.00;-240.00;available_money;2026-03-21T17:33:11.000-03:00;;;3004803.30;account_money;
2026-03-21T21:22:16.000-03:00;150686328237;reserve_for_payment;0.00;50300.00;-50300.00;0.00;0.00;available_money;2026-03-21T21:22:16.000-03:00;;;2954503.30;account_money;
2026-03-21T21:22:16.000-03:00;150686328237;reserve_for_payment;50300.00;0.00;50300.00;0.00;0.00;available_money;2026-03-21T21:22:16.000-03:00;;;3004803.30;account_money;
2026-03-21T21:22:16.000-03:00;150686328237;payment;0.00;50300.00;-50000.00;0.00;-300.00;available_money;2026-03-21T21:22:16.000-03:00;;;2954503.30;account_money;
2026-03-21T21:59:34.000-03:00;151419049552;payment;6461.00;0.00;6500.00;0.00;-39.00;debin_transfer;2026-03-21T21:59:34.000-03:00;;;2960964.30;bank_transfer;
2026-03-22T13:14:55.000-03:00;151473640068;payment;147112.00;0.00;148000.00;0.00;-888.00;available_money;2026-03-22T13:14:55.000-03:00;;;3108076.30;account_money;
2026-03-22T16:02:38.000-03:00;150761710601;reserve_for_payment;0.00;20120.00;-20120.00;0.00;0.00;available_money;2026-03-22T16:02:38.000-03:00;;;3087956.30;account_money;
2026-03-22T16:02:38.000-03:00;150761710601;reserve_for_payment;20120.00;0.00;20120.00;0.00;0.00;available_money;2026-03-22T16:02:38.000-03:00;;;3108076.30;account_money;
2026-03-22T16:02:38.000-03:00;150761710601;payment;0.00;20120.00;-20000.00;0.00;-120.00;available_money;2026-03-22T16:02:38.000-03:00;;;3087956.30;account_money;
2026-03-22T19:48:40.000-03:00;150784342445;payment;29820.00;0.00;30000.00;0.00;-180.00;available_money;2026-03-22T19:48:40.000-03:00;;;3117776.30;account_money;
2026-03-22T20:38:20.000-03:00;150790038141;reserve_for_payment;0.00;15090.00;-15090.00;0.00;0.00;available_money;2026-03-22T20:38:20.000-03:00;;;3102686.30;account_money;
2026-03-22T20:38:20.000-03:00;150790038141;reserve_for_payment;15090.00;0.00;15090.00;0.00;0.00;available_money;2026-03-22T20:38:20.000-03:00;;;3117776.30;account_money;
2026-03-22T20:38:20.000-03:00;150790038141;payment;0.00;15090.00;-15000.00;0.00;-90.00;available_money;2026-03-22T20:38:20.000-03:00;;;3102686.30;account_money;
2026-03-23T12:47:33.000-03:00;151588787028;reserve_for_payout;0.00;115488.80;-115488.80;0.00;0.00;available_money;2026-03-23T12:47:33.000-03:00;;;2987197.50;;
2026-03-23T12:47:35.000-03:00;151588787028;reserve_for_payout;115488.80;0.00;115488.80;0.00;0.00;available_money;2026-03-23T12:47:35.000-03:00;;;3102686.30;;
2026-03-23T12:47:35.000-03:00;151588787028;payout;0.00;115488.80;-114800.00;0.00;-688.80;available_money;2026-03-23T12:47:35.000-03:00;;;2987197.50;;
2026-03-24T09:07:48.000-03:00;151691070552;payment;32802.00;0.00;33000.00;0.00;-198.00;available_money;2026-03-24T09:07:48.000-03:00;;;3019999.50;account_money;
2026-03-24T09:14:02.000-03:00;150961079983;payment;5964.00;0.00;6000.00;0.00;-36.00;available_money;2026-03-24T09:14:02.000-03:00;;;3025963.50;account_money;
2026-03-24T09:31:55.000-03:00;150962802833;payment;10934.00;0.00;11000.00;0.00;-66.00;available_money;2026-03-24T09:31:55.000-03:00;;;3036897.50;account_money;
2026-03-24T09:43:48.000-03:00;150964078819;payment;6461.00;0.00;6500.00;0.00;-39.00;available_money;2026-03-24T09:43:48.000-03:00;;;3043358.50;account_money;
2026-03-24T09:51:55.000-03:00;150964713669;payment;5964.00;0.00;6000.00;0.00;-36.00;available_money;2026-03-24T09:51:55.000-03:00;;;3049322.50;account_money;
2026-03-24T10:01:26.000-03:00;150965579873;payment;6461.00;0.00;6500.00;0.00;-39.00;available_money;2026-03-24T10:01:26.000-03:00;;;3055783.50;account_money;
2026-03-24T10:14:35.000-03:00;151697692604;payment;12922.00;0.00;13000.00;0.00;-78.00;available_money;2026-03-24T10:14:35.000-03:00;;;3068705.50;account_money;
2026-03-24T10:22:22.000-03:00;150967766043;payment;6461.00;0.00;6500.00;0.00;-39.00;available_money;2026-03-24T10:22:22.000-03:00;;;3075166.50;account_money;
2026-03-24T10:23:02.000-03:00;150967921381;payment;6461.00;0.00;6500.00;0.00;-39.00;debin_transfer;2026-03-24T10:23:02.000-03:00;;;3081627.50;bank_transfer;
2026-03-24T10:26:18.000-03:00;151698767950;payment;6461.00;0.00;6500.00;0.00;-39.00;available_money;2026-03-24T10:26:18.000-03:00;;;3088088.50;account_money;
2026-03-24T10:33:08.000-03:00;150969114717;payment;5467.00;0.00;5500.00;0.00;-33.00;cvu;2026-03-24T10:33:08.000-03:00;;;3093555.50;bank_transfer;
2026-03-24T10:39:42.000-03:00;150969654073;payment;11928.00;0.00;12000.00;0.00;-72.00;available_money;2026-03-24T10:39:42.000-03:00;;;3105483.50;account_money;
2026-03-24T10:42:46.000-03:00;150970103111;payment;6461.00;0.00;6500.00;0.00;-39.00;available_money;2026-03-24T10:42:46.000-03:00;;;3111944.50;account_money;
2026-03-24T10:48:04.000-03:00;151701255072;payment;5964.00;0.00;6000.00;0.00;-36.00;available_money;2026-03-24T10:48:04.000-03:00;;;3117908.50;account_money;
2026-03-24T10:49:19.000-03:00;150971050261;payment;6461.00;0.00;6500.00;0.00;-39.00;available_money;2026-03-24T10:49:19.000-03:00;;;3124369.50;account_money;
2026-03-24T10:49:51.000-03:00;151701411282;payment;6461.00;0.00;6500.00;0.00;-39.00;available_money;2026-03-24T10:49:51.000-03:00;;;3130830.50;account_money;
2026-03-24T11:09:41.000-03:00;150973311963;payment;6461.00;0.00;6500.00;0.00;-39.00;available_money;2026-03-24T11:09:41.000-03:00;;;3137291.50;account_money;
2026-03-24T11:14:15.000-03:00;151704454530;payment;6461.00;0.00;6500.00;0.00;-39.00;cvu;2026-03-24T11:14:15.000-03:00;;;3143752.50;bank_transfer;
2026-03-24T11:34:36.000-03:00;151707172678;payment;6461.00;0.00;6500.00;0.00;-39.00;available_money;2026-03-24T11:34:36.000-03:00;;;3150213.50;account_money;
2026-03-24T11:48:46.000-03:00;150978598735;payment;6461.00;0.00;6500.00;0.00;-39.00;available_money;2026-03-24T11:48:46.000-03:00;;;3156674.50;account_money;
2026-03-24T11:54:48.000-03:00;151709958660;payment;6461.00;0.00;6500.00;0.00;-39.00;available_money;2026-03-24T11:54:48.000-03:00;;;3163135.50;account_money;
2026-03-24T12:09:18.000-03:00;151711857242;payment;6461.00;0.00;6500.00;0.00;-39.00;available_money;2026-03-24T12:09:18.000-03:00;;;3169596.50;account_money;
2026-03-24T12:26:24.000-03:00;151714319994;payment;5467.00;0.00;5500.00;0.00;-33.00;cvu;2026-03-24T12:26:24.000-03:00;;;3175063.50;bank_transfer;
2026-03-24T12:29:25.000-03:00;151714807648;payment;5964.00;0.00;6000.00;0.00;-36.00;available_money;2026-03-24T12:29:25.000-03:00;;;3181027.50;account_money;
2026-03-24T12:37:58.000-03:00;151716242936;payment;5964.00;0.00;6000.00;0.00;-36.00;available_money;2026-03-24T12:37:58.000-03:00;;;3186991.50;account_money;
2026-03-24T12:45:23.000-03:00;150986677545;payment;11928.00;0.00;12000.00;0.00;-72.00;available_money;2026-03-24T12:45:23.000-03:00;;;3198919.50;account_money;
2026-03-24T12:52:30.000-03:00;151718416146;payment;6461.00;0.00;6500.00;0.00;-39.00;available_money;2026-03-24T12:52:30.000-03:00;;;3205380.50;account_money;
2026-03-24T12:56:49.000-03:00;150988158713;payment;5964.00;0.00;6000.00;0.00;-36.00;available_money;2026-03-24T12:56:49.000-03:00;;;3211344.50;account_money;
2026-03-24T13:42:08.000-03:00;151724323766;payment;11928.00;0.00;12000.00;0.00;-72.00;available_money;2026-03-24T13:42:08.000-03:00;;;3223272.50;account_money;
2026-03-24T13:43:40.000-03:00;150993967149;payment;6461.00;0.00;6500.00;0.00;-39.00;available_money;2026-03-24T13:43:40.000-03:00;;;3229733.50;account_money;
2026-03-24T13:50:34.000-03:00;150994652597;payment;5964.00;0.00;6000.00;0.00;-36.00;available_money;2026-03-24T13:50:34.000-03:00;;;3235697.50;account_money;
2026-03-24T14:00:29.000-03:00;151726416566;payment;11928.00;0.00;12000.00;0.00;-72.00;debin_transfer;2026-03-24T14:00:29.000-03:00;;;3247625.50;bank_transfer;
2026-03-24T14:24:23.000-03:00;150998310927;payment;6461.00;0.00;6500.00;0.00;-39.00;available_money;2026-03-24T14:24:23.000-03:00;;;3254086.50;account_money;
2026-03-24T15:38:28.000-03:00;151736516042;reserve_for_payment;0.00;45270.00;-45270.00;0.00;0.00;available_money;2026-03-24T15:38:28.000-03:00;;;3208816.50;account_money;
2026-03-24T15:38:28.000-03:00;151736516042;reserve_for_payment;45270.00;0.00;45270.00;0.00;0.00;available_money;2026-03-24T15:38:28.000-03:00;;;3254086.50;account_money;
2026-03-24T15:38:28.000-03:00;151736516042;payment;0.00;45270.00;-45000.00;0.00;-270.00;available_money;2026-03-24T15:38:28.000-03:00;;;3208816.50;account_money;
2026-03-25T13:09:59.000-03:00;151126536175;reserve_for_payout;0.00;294081.54;-294081.54;0.00;0.00;available_money;2026-03-25T13:09:59.000-03:00;;;2914734.96;;
2026-03-25T13:10:00.000-03:00;151126536175;reserve_for_payout;294081.54;0.00;294081.54;0.00;0.00;available_money;2026-03-25T13:10:00.000-03:00;;;3208816.50;;
2026-03-25T13:10:00.000-03:00;151126536175;payout;0.00;294081.54;-292327.57;0.00;-1753.97;available_money;2026-03-25T13:10:00.000-03:00;;;2914734.96;;
2026-03-25T22:06:41.000-03:00;151195752927;reserve_for_payment;0.00;92552.00;-92552.00;0.00;0.00;available_money;2026-03-25T22:06:41.000-03:00;;;2822182.96;account_money;
2026-03-25T22:06:41.000-03:00;151195752927;reserve_for_payment;92552.00;0.00;92552.00;0.00;0.00;available_money;2026-03-25T22:06:41.000-03:00;;;2914734.96;account_money;
2026-03-25T22:06:41.000-03:00;151195752927;payment;0.00;92552.00;-92000.00;0.00;-552.00;available_money;2026-03-25T22:06:41.000-03:00;;;2822182.96;account_money;
2026-03-27T13:58:46.000-03:00;151422396027;payment;259434.00;0.00;261000.00;0.00;-1566.00;available_money;2026-03-27T13:58:46.000-03:00;;;3081616.96;account_money;
2026-03-27T17:30:06.000-03:00;152183337788;payment;149100.00;0.00;150000.00;0.00;-900.00;naranja;2026-03-27T17:30:06.000-03:00;;;3230716.96;credit_card;
2026-03-28T07:51:28.000-03:00;152250586288;payment;6461.00;0.00;6500.00;0.00;-39.00;available_money;2026-03-28T07:51:28.000-03:00;;;3237177.96;account_money;
2026-03-28T07:55:16.000-03:00;152250713018;payment;6461.00;0.00;6500.00;0.00;-39.00;available_money;2026-03-28T07:55:16.000-03:00;;;3243638.96;account_money;
2026-03-28T08:16:29.000-03:00;152251842142;payment;12922.00;0.00;13000.00;0.00;-78.00;available_money;2026-03-28T08:16:29.000-03:00;;;3256560.96;account_money;
2026-03-28T08:26:37.000-03:00;151518191697;payment;12922.00;0.00;13000.00;0.00;-78.00;available_money;2026-03-28T08:26:37.000-03:00;;;3269482.96;account_money;
2026-03-28T08:37:16.000-03:00;152253050934;payment;6461.00;0.00;6500.00;0.00;-39.00;cvu;2026-03-28T08:37:16.000-03:00;;;3275943.96;bank_transfer;
2026-03-28T08:43:29.000-03:00;152253442606;payment;6461.00;0.00;6500.00;0.00;-39.00;cvu;2026-03-28T08:43:29.000-03:00;;;3282404.96;bank_transfer;
2026-03-28T08:55:00.000-03:00;152254236916;payment;6461.00;0.00;6500.00;0.00;-39.00;available_money;2026-03-28T08:55:00.000-03:00;;;3288865.96;account_money;
2026-03-28T08:56:08.000-03:00;151520138287;payment;5467.00;0.00;5500.00;0.00;-33.00;available_money;2026-03-28T08:56:08.000-03:00;;;3294332.96;account_money;
2026-03-28T08:56:23.000-03:00;152254289448;payment;6461.00;0.00;6500.00;0.00;-39.00;cvu;2026-03-28T08:56:23.000-03:00;;;3300793.96;bank_transfer;
2026-03-28T08:58:22.000-03:00;152254470418;payment;3479.00;0.00;3500.00;0.00;-21.00;cvu;2026-03-28T08:58:22.000-03:00;;;3304272.96;bank_transfer;
2026-03-28T08:59:04.000-03:00;151520367099;payment;12922.00;0.00;13000.00;0.00;-78.00;available_money;2026-03-28T08:59:04.000-03:00;;;3317194.96;account_money;
2026-03-28T08:59:44.000-03:00;152254507092;payment;12922.00;0.00;13000.00;0.00;-78.00;available_money;2026-03-28T08:59:44.000-03:00;;;3330116.96;account_money;
2026-03-28T09:02:16.000-03:00;152254687186;payment;6461.00;0.00;6500.00;0.00;-39.00;available_money;2026-03-28T09:02:16.000-03:00;;;3336577.96;account_money;
2026-03-28T09:03:33.000-03:00;151520767191;payment;12922.00;0.00;13000.00;0.00;-78.00;available_money;2026-03-28T09:03:33.000-03:00;;;3349499.96;account_money;
2026-03-28T09:10:55.000-03:00;151521324275;payment;6461.00;0.00;6500.00;0.00;-39.00;available_money;2026-03-28T09:10:55.000-03:00;;;3355960.96;account_money;
2026-03-28T09:13:32.000-03:00;151521407559;payment;6461.00;0.00;6500.00;0.00;-39.00;available_money;2026-03-28T09:13:32.000-03:00;;;3362421.96;account_money;
2026-03-28T09:13:42.000-03:00;151521466887;payment;12922.00;0.00;13000.00;0.00;-78.00;available_money;2026-03-28T09:13:42.000-03:00;;;3375343.96;account_money;
2026-03-28T09:24:47.000-03:00;152256455754;payment;12922.00;0.00;13000.00;0.00;-78.00;available_money;2026-03-28T09:24:47.000-03:00;;;3388265.96;account_money;
2026-03-28T09:29:47.000-03:00;152257033350;payment;6461.00;0.00;6500.00;0.00;-39.00;cvu;2026-03-28T09:29:47.000-03:00;;;3394726.96;bank_transfer;
2026-03-28T09:30:47.000-03:00;152257087602;payment;12922.00;0.00;13000.00;0.00;-78.00;available_money;2026-03-28T09:30:47.000-03:00;;;3407648.96;account_money;
2026-03-28T09:36:15.000-03:00;152257678688;payment;3479.00;0.00;3500.00;0.00;-21.00;available_money;2026-03-28T09:36:15.000-03:00;;;3411127.96;account_money;
2026-03-28T09:38:28.000-03:00;151523661715;payment;18389.00;0.00;18500.00;0.00;-111.00;available_money;2026-03-28T09:38:28.000-03:00;;;3429516.96;account_money;
2026-03-28T09:41:02.000-03:00;151523923399;payment;98406.00;0.00;99000.00;0.00;-594.00;available_money;2026-03-28T09:41:02.000-03:00;;;3527922.96;account_money;
2026-03-28T09:46:25.000-03:00;152258728414;payment;6461.00;0.00;6500.00;0.00;-39.00;available_money;2026-03-28T09:46:25.000-03:00;;;3534383.96;account_money;
2026-03-28T09:47:15.000-03:00;151524556499;payment;6461.00;0.00;6500.00;0.00;-39.00;available_money;2026-03-28T09:47:15.000-03:00;;;3540844.96;account_money;
2026-03-28T09:50:09.000-03:00;152259041250;payment;6461.00;0.00;6500.00;0.00;-39.00;available_money;2026-03-28T09:50:09.000-03:00;;;3547305.96;account_money;
2026-03-28T09:50:58.000-03:00;152259097632;payment;6461.00;0.00;6500.00;0.00;-39.00;available_money;2026-03-28T09:50:58.000-03:00;;;3553766.96;account_money;
2026-03-28T09:51:17.000-03:00;152259103932;payment;12922.00;0.00;13000.00;0.00;-78.00;available_money;2026-03-28T09:51:17.000-03:00;;;3566688.96;account_money;
2026-03-28T09:53:49.000-03:00;151525274327;payment;6461.00;0.00;6500.00;0.00;-39.00;cvu;2026-03-28T09:53:49.000-03:00;;;3573149.96;bank_transfer;
2026-03-28T09:56:32.000-03:00;151525512269;payment;6461.00;0.00;6500.00;0.00;-39.00;available_money;2026-03-28T09:56:32.000-03:00;;;3579610.96;account_money;
2026-03-28T10:03:54.000-03:00;152260385288;payment;12922.00;0.00;13000.00;0.00;-78.00;cvu;2026-03-28T10:03:54.000-03:00;;;3592532.96;bank_transfer;
2026-03-28T10:05:06.000-03:00;151526325025;payment;5964.00;0.00;6000.00;0.00;-36.00;available_money;2026-03-28T10:05:06.000-03:00;;;3598496.96;account_money;
2026-03-28T10:09:34.000-03:00;151526930381;payment;23856.00;0.00;24000.00;0.00;-144.00;available_money;2026-03-28T10:09:34.000-03:00;;;3622352.96;account_money;
2026-03-28T10:12:39.000-03:00;151527140057;payment;6461.00;0.00;6500.00;0.00;-39.00;available_money;2026-03-28T10:12:39.000-03:00;;;3628813.96;account_money;
2026-03-28T10:14:42.000-03:00;151527373601;payment;6461.00;0.00;6500.00;0.00;-39.00;available_money;2026-03-28T10:14:42.000-03:00;;;3635274.96;account_money;
2026-03-28T10:16:19.000-03:00;151527566977;payment;5964.00;0.00;6000.00;0.00;-36.00;available_money;2026-03-28T10:16:19.000-03:00;;;3641238.96;account_money;
2026-03-28T10:16:33.000-03:00;152261870472;payment;6461.00;0.00;6500.00;0.00;-39.00;available_money;2026-03-28T10:16:33.000-03:00;;;3647699.96;account_money;
2026-03-28T10:16:35.000-03:00;151527594897;payment;6461.00;0.00;6500.00;0.00;-39.00;available_money;2026-03-28T10:16:35.000-03:00;;;3654160.96;account_money;
2026-03-28T10:17:40.000-03:00;152261923428;payment;3479.00;0.00;3500.00;0.00;-21.00;available_money;2026-03-28T10:17:40.000-03:00;;;3657639.96;account_money;
2026-03-28T10:19:21.000-03:00;152262232126;payment;12922.00;0.00;13000.00;0.00;-78.00;available_money;2026-03-28T10:19:21.000-03:00;;;3670561.96;account_money;
2026-03-28T10:25:40.000-03:00;152262809654;payment;6461.00;0.00;6500.00;0.00;-39.00;available_money;2026-03-28T10:25:40.000-03:00;;;3677022.96;account_money;
2026-03-28T10:27:45.000-03:00;152263013982;payment;23856.00;0.00;24000.00;0.00;-144.00;available_money;2026-03-28T10:27:45.000-03:00;;;3700878.96;account_money;
2026-03-28T10:29:16.000-03:00;152263354114;payment;6461.00;0.00;6500.00;0.00;-39.00;available_money;2026-03-28T10:29:16.000-03:00;;;3707339.96;account_money;
2026-03-28T10:29:29.000-03:00;152263350478;payment;12922.00;0.00;13000.00;0.00;-78.00;available_money;2026-03-28T10:29:29.000-03:00;;;3720261.96;account_money;
2026-03-28T10:31:01.000-03:00;152263540194;payment;5467.00;0.00;5500.00;0.00;-33.00;available_money;2026-03-28T10:31:01.000-03:00;;;3725728.96;account_money;
2026-03-28T10:31:07.000-03:00;152263499022;payment;6461.00;0.00;6500.00;0.00;-39.00;available_money;2026-03-28T10:31:07.000-03:00;;;3732189.96;account_money;
2026-03-28T10:33:39.000-03:00;151529620617;payment;6461.00;0.00;6500.00;0.00;-39.00;cvu;2026-03-28T10:33:39.000-03:00;;;3738650.96;bank_transfer;
2026-03-28T10:34:09.000-03:00;151529631125;payment;11928.00;0.00;12000.00;0.00;-72.00;available_money;2026-03-28T10:34:09.000-03:00;;;3750578.96;account_money;
2026-03-28T10:34:58.000-03:00;152263969478;payment;6461.00;0.00;6500.00;0.00;-39.00;debin_transfer;2026-03-28T10:34:58.000-03:00;;;3757039.96;bank_transfer;
2026-03-28T10:35:31.000-03:00;151529767415;payment;12922.00;0.00;13000.00;0.00;-78.00;available_money;2026-03-28T10:35:31.000-03:00;;;3769961.96;account_money;
2026-03-28T10:44:34.000-03:00;151530863669;payment;5964.00;0.00;6000.00;0.00;-36.00;cvu;2026-03-28T10:44:34.000-03:00;;;3775925.96;bank_transfer;
2026-03-28T10:48:29.000-03:00;152265494042;payment;6461.00;0.00;6500.00;0.00;-39.00;available_money;2026-03-28T10:48:29.000-03:00;;;3782386.96;account_money;
2026-03-28T10:50:53.000-03:00;151531651707;payment;12922.00;0.00;13000.00;0.00;-78.00;cvu;2026-03-28T10:50:53.000-03:00;;;3795308.96;bank_transfer;
2026-03-28T10:50:58.000-03:00;151531742509;payment;5964.00;0.00;6000.00;0.00;-36.00;available_money;2026-03-28T10:50:58.000-03:00;;;3801272.96;account_money;
2026-03-28T10:55:24.000-03:00;152266441264;payment;5964.00;0.00;6000.00;0.00;-36.00;available_money;2026-03-28T10:55:24.000-03:00;;;3807236.96;account_money;
2026-03-28T10:55:56.000-03:00;151532298643;payment;6461.00;0.00;6500.00;0.00;-39.00;available_money;2026-03-28T10:55:56.000-03:00;;;3813697.96;account_money;
2026-03-28T11:02:05.000-03:00;151533003847;payment;5964.00;0.00;6000.00;0.00;-36.00;cvu;2026-03-28T11:02:05.000-03:00;;;3819661.96;bank_transfer;
2026-03-28T11:02:52.000-03:00;152267324070;payment;5964.00;0.00;6000.00;0.00;-36.00;available_money;2026-03-28T11:02:52.000-03:00;;;3825625.96;account_money;
2026-03-28T11:05:39.000-03:00;152267683530;payment;5964.00;0.00;6000.00;0.00;-36.00;available_money;2026-03-28T11:05:39.000-03:00;;;3831589.96;account_money;
2026-03-28T11:05:57.000-03:00;151533549805;payment;5964.00;0.00;6000.00;0.00;-36.00;debin_transfer;2026-03-28T11:05:57.000-03:00;;;3837553.96;bank_transfer;
2026-03-28T11:18:17.000-03:00;152269611200;payment;5964.00;0.00;6000.00;0.00;-36.00;available_money;2026-03-28T11:18:17.000-03:00;;;3843517.96;account_money;
2026-03-28T11:18:33.000-03:00;151535197443;payment;17892.00;0.00;18000.00;0.00;-108.00;available_money;2026-03-28T11:18:33.000-03:00;;;3861409.96;account_money;
2026-03-28T11:19:44.000-03:00;152269821090;payment;11928.00;0.00;12000.00;0.00;-72.00;available_money;2026-03-28T11:19:44.000-03:00;;;3873337.96;account_money;
2026-03-28T11:22:24.000-03:00;151535727943;payment;5964.00;0.00;6000.00;0.00;-36.00;available_money;2026-03-28T11:22:24.000-03:00;;;3879301.96;account_money;
2026-03-28T11:23:20.000-03:00;151535970131;payment;5964.00;0.00;6000.00;0.00;-36.00;available_money;2026-03-28T11:23:20.000-03:00;;;3885265.96;account_money;
2026-03-28T11:28:41.000-03:00;151536709915;payment;11928.00;0.00;12000.00;0.00;-72.00;available_money;2026-03-28T11:28:41.000-03:00;;;3897193.96;account_money;
2026-03-28T11:31:16.000-03:00;152271418816;payment;5964.00;0.00;6000.00;0.00;-36.00;available_money;2026-03-28T11:31:16.000-03:00;;;3903157.96;account_money;
2026-03-28T11:32:27.000-03:00;152271568700;payment;5964.00;0.00;6000.00;0.00;-36.00;cvu;2026-03-28T11:32:27.000-03:00;;;3909121.96;bank_transfer;
2026-03-28T11:35:07.000-03:00;151537516029;payment;11928.00;0.00;12000.00;0.00;-72.00;available_money;2026-03-28T11:35:07.000-03:00;;;3921049.96;account_money;
2026-03-28T11:38:32.000-03:00;151538093055;payment;5964.00;0.00;6000.00;0.00;-36.00;available_money;2026-03-28T11:38:32.000-03:00;;;3927013.96;account_money;
2026-03-28T11:38:57.000-03:00;152272610706;payment;5964.00;0.00;6000.00;0.00;-36.00;available_money;2026-03-28T11:38:57.000-03:00;;;3932977.96;account_money;
2026-03-28T11:51:21.000-03:00;152274410192;payment;11928.00;0.00;12000.00;0.00;-72.00;available_money;2026-03-28T11:51:21.000-03:00;;;3944905.96;account_money;
2026-03-28T11:53:46.000-03:00;152274691468;payment;11928.00;0.00;12000.00;0.00;-72.00;available_money;2026-03-28T11:53:46.000-03:00;;;3956833.96;account_money;
2026-03-28T11:58:45.000-03:00;152275431660;payment;11928.00;0.00;12000.00;0.00;-72.00;available_money;2026-03-28T11:58:45.000-03:00;;;3968761.96;account_money;
2026-03-28T11:59:35.000-03:00;152275670240;payment;6461.00;0.00;6500.00;0.00;-39.00;available_money;2026-03-28T11:59:35.000-03:00;;;3975222.96;account_money;
2026-03-28T12:02:10.000-03:00;151541741205;payment;5964.00;0.00;6000.00;0.00;-36.00;available_money;2026-03-28T12:02:10.000-03:00;;;3981186.96;account_money;
2026-03-28T12:03:09.000-03:00;152276075690;payment;5964.00;0.00;6000.00;0.00;-36.00;available_money;2026-03-28T12:03:09.000-03:00;;;3987150.96;account_money;
2026-03-28T12:11:49.000-03:00;152277515728;payment;17892.00;0.00;18000.00;0.00;-108.00;available_money;2026-03-28T12:11:49.000-03:00;;;4005042.96;account_money;
2026-03-28T12:15:16.000-03:00;152278326380;payment;5964.00;0.00;6000.00;0.00;-36.00;available_money;2026-03-28T12:15:16.000-03:00;;;4011006.96;account_money;
2026-03-28T12:17:16.000-03:00;151543943439;payment;5964.00;0.00;6000.00;0.00;-36.00;cvu;2026-03-28T12:17:16.000-03:00;;;4016970.96;bank_transfer;
2026-03-28T12:22:15.000-03:00;152279297082;payment;5964.00;0.00;6000.00;0.00;-36.00;available_money;2026-03-28T12:22:15.000-03:00;;;4022934.96;account_money;
2026-03-28T12:22:33.000-03:00;152279279604;payment;5964.00;0.00;6000.00;0.00;-36.00;available_money;2026-03-28T12:22:33.000-03:00;;;4028898.96;account_money;
2026-03-28T12:37:30.000-03:00;152281721902;payment;6461.00;0.00;6500.00;0.00;-39.00;available_money;2026-03-28T12:37:30.000-03:00;;;4035359.96;account_money;
2026-03-28T12:39:14.000-03:00;151547431879;payment;5964.00;0.00;6000.00;0.00;-36.00;available_money;2026-03-28T12:39:14.000-03:00;;;4041323.96;account_money;
2026-03-28T12:48:19.000-03:00;151548983989;payment;5964.00;0.00;6000.00;0.00;-36.00;visa;2026-03-28T12:48:19.000-03:00;;;4047287.96;credit_card;
2026-03-28T12:49:23.000-03:00;152283543308;payment;5964.00;0.00;6000.00;0.00;-36.00;available_money;2026-03-28T12:49:23.000-03:00;;;4053251.96;account_money;
2026-03-28T12:49:27.000-03:00;151549246489;payment;5964.00;0.00;6000.00;0.00;-36.00;available_money;2026-03-28T12:49:27.000-03:00;;;4059215.96;account_money;
2026-03-28T12:51:26.000-03:00;152283889430;payment;11928.00;0.00;12000.00;0.00;-72.00;available_money;2026-03-28T12:51:26.000-03:00;;;4071143.96;account_money;
2026-03-28T12:55:35.000-03:00;152284684874;payment;5964.00;0.00;6000.00;0.00;-36.00;cvu;2026-03-28T12:55:35.000-03:00;;;4077107.96;bank_transfer;
2026-03-28T12:57:05.000-03:00;151550271423;payment;5964.00;0.00;6000.00;0.00;-36.00;available_money;2026-03-28T12:57:05.000-03:00;;;4083071.96;account_money;
2026-03-28T13:02:25.000-03:00;151551125471;payment;5964.00;0.00;6000.00;0.00;-36.00;available_money;2026-03-28T13:02:25.000-03:00;;;4089035.96;account_money;
2026-03-28T13:03:43.000-03:00;151551387061;payment;11928.00;0.00;12000.00;0.00;-72.00;cvu;2026-03-28T13:03:43.000-03:00;;;4100963.96;bank_transfer;
2026-03-28T13:16:53.000-03:00;151553196077;payment;5964.00;0.00;6000.00;0.00;-36.00;available_money;2026-03-28T13:16:53.000-03:00;;;4106927.96;account_money;
2026-03-28T13:17:03.000-03:00;152287798100;payment;6461.00;0.00;6500.00;0.00;-39.00;cvu;2026-03-28T13:17:03.000-03:00;;;4113388.96;bank_transfer;
2026-03-28T13:20:54.000-03:00;151553996335;payment;11928.00;0.00;12000.00;0.00;-72.00;available_money;2026-03-28T13:20:54.000-03:00;;;4125316.96;account_money;
2026-03-28T13:33:31.000-03:00;151555858299;payment;5964.00;0.00;6000.00;0.00;-36.00;available_money;2026-03-28T13:33:31.000-03:00;;;4131280.96;account_money;
2026-03-28T13:35:04.000-03:00;152290353958;payment;5964.00;0.00;6000.00;0.00;-36.00;available_money;2026-03-28T13:35:04.000-03:00;;;4137244.96;account_money;
2026-03-28T14:15:45.000-03:00;152295751038;payment;5964.00;0.00;6000.00;0.00;-36.00;cvu;2026-03-28T14:15:45.000-03:00;;;4143208.96;bank_transfer;
2026-03-28T14:18:44.000-03:00;152296176800;payment;5964.00;0.00;6000.00;0.00;-36.00;master;2026-03-28T14:18:44.000-03:00;;;4149172.96;credit_card;
2026-03-28T14:40:58.000-03:00;151564478899;payment;149100.00;0.00;150000.00;0.00;-900.00;cvu;2026-03-28T14:40:58.000-03:00;;;4298272.96;bank_transfer;
2026-03-28T15:19:15.000-03:00;152303407248;payment;218680.00;0.00;220000.00;0.00;-1320.00;available_money;2026-03-28T15:19:15.000-03:00;;;4516952.96;account_money;
2026-03-28T15:26:01.000-03:00;152304306290;payment;119280.00;0.00;120000.00;0.00;-720.00;available_money;2026-03-28T15:26:01.000-03:00;;;4636232.96;account_money;
2026-03-28T15:29:01.000-03:00;151570057897;payment;19383.00;0.00;19500.00;0.00;-117.00;available_money;2026-03-28T15:29:01.000-03:00;;;4655615.96;account_money;
2026-03-29T18:59:09.000-03:00;152441402114;payment;387660.00;0.00;390000.00;0.00;-2340.00;available_money;2026-03-29T18:59:09.000-03:00;;;5043275.96;account_money;
2026-03-30T08:25:29.000-03:00;152495855382;reserve_for_payout;0.00;2500000.00;-2500000.00;0.00;0.00;available_money;2026-03-30T08:25:29.000-03:00;;;2543275.96;;
2026-03-30T08:25:32.000-03:00;152495855382;reserve_for_payout;2500000.00;0.00;2500000.00;0.00;0.00;available_money;2026-03-30T08:25:32.000-03:00;;;5043275.96;;
2026-03-30T08:25:32.000-03:00;152495855382;payout;0.00;2500000.00;-2500000.00;0.00;0.00;available_money;2026-03-30T08:25:32.000-03:00;;;2543275.96;;
2026-03-31T07:19:51.000-03:00;152640629482;payment;99400.00;0.00;100000.00;0.00;-600.00;available_money;2026-03-31T07:19:51.000-03:00;;;2642675.96;account_money;
2026-03-31T07:31:30.000-03:00;152641654212;payment;287266.00;0.00;289000.00;0.00;-1734.00;available_money;2026-03-31T07:31:30.000-03:00;;;2929941.96;account_money;
2026-03-31T07:36:53.000-03:00;152641913750;payment;6461.00;0.00;6500.00;0.00;-39.00;debin_transfer;2026-03-31T07:36:53.000-03:00;;;2936402.96;bank_transfer;
2026-03-31T07:40:14.000-03:00;152642294468;payment;12922.00;0.00;13000.00;0.00;-78.00;cvu;2026-03-31T07:40:14.000-03:00;;;2949324.96;bank_transfer;
2026-03-31T08:59:48.000-03:00;152649766680;payment;12922.00;0.00;13000.00;0.00;-78.00;available_money;2026-03-31T08:59:48.000-03:00;;;2962246.96;account_money;
2026-03-31T09:40:41.000-03:00;151917612331;payment;12922.00;0.00;13000.00;0.00;-78.00;cvu;2026-03-31T09:40:41.000-03:00;;;2975168.96;bank_transfer;
2026-03-31T09:59:14.000-03:00;151919847435;payment;11928.00;0.00;12000.00;0.00;-72.00;available_money;2026-03-31T09:59:14.000-03:00;;;2987096.96;account_money;
2026-03-31T10:23:53.000-03:00;151923368021;payment;5964.00;0.00;6000.00;0.00;-36.00;available_money;2026-03-31T10:23:53.000-03:00;;;2993060.96;account_money;
2026-03-31T10:38:14.000-03:00;152662541488;payment;6461.00;0.00;6500.00;0.00;-39.00;cvu;2026-03-31T10:38:14.000-03:00;;;2999521.96;bank_transfer;
2026-03-31T10:49:58.000-03:00;152664253616;payment;3479.00;0.00;3500.00;0.00;-21.00;available_money;2026-03-31T10:49:58.000-03:00;;;3003000.96;account_money;
2026-03-31T10:58:21.000-03:00;151928280663;payment;6461.00;0.00;6500.00;0.00;-39.00;cvu;2026-03-31T10:58:21.000-03:00;;;3009461.96;bank_transfer;
2026-03-31T10:58:52.000-03:00;152665365918;payment;6461.00;0.00;6500.00;0.00;-39.00;cvu;2026-03-31T10:58:52.000-03:00;;;3015922.96;bank_transfer;
2026-03-31T11:33:29.000-03:00;151933425841;payment;6461.00;0.00;6500.00;0.00;-39.00;available_money;2026-03-31T11:33:29.000-03:00;;;3022383.96;account_money;
2026-03-31T11:35:20.000-03:00;152670970020;payment;6461.00;0.00;6500.00;0.00;-39.00;available_money;2026-03-31T11:35:20.000-03:00;;;3028844.96;account_money;
2026-03-31T11:44:47.000-03:00;152672577558;payment;5964.00;0.00;6000.00;0.00;-36.00;available_money;2026-03-31T11:44:47.000-03:00;;;3034808.96;account_money;
2026-03-31T11:46:29.000-03:00;151935562693;payment;6461.00;0.00;6500.00;0.00;-39.00;available_money;2026-03-31T11:46:29.000-03:00;;;3041269.96;account_money;
2026-03-31T11:47:12.000-03:00;152672899622;payment;5964.00;0.00;6000.00;0.00;-36.00;available_money;2026-03-31T11:47:12.000-03:00;;;3047233.96;account_money;
2026-03-31T11:55:52.000-03:00;152674399144;payment;159040.00;0.00;160000.00;0.00;-960.00;available_money;2026-03-31T11:55:52.000-03:00;;;3206273.96;account_money;
2026-03-31T12:10:07.000-03:00;151939347439;payment;6461.00;0.00;6500.00;0.00;-39.00;available_money;2026-03-31T12:10:07.000-03:00;;;3212734.96;account_money;
2026-03-31T12:16:52.000-03:00;151940577053;payment;6461.00;0.00;6500.00;0.00;-39.00;available_money;2026-03-31T12:16:52.000-03:00;;;3219195.96;account_money;
2026-03-31T12:20:32.000-03:00;152678553378;payment;13916.00;0.00;14000.00;0.00;-84.00;cvu;2026-03-31T12:20:32.000-03:00;;;3233111.96;bank_transfer;
2026-03-31T12:20:45.000-03:00;152678617060;payment;6958.00;0.00;7000.00;0.00;-42.00;available_money;2026-03-31T12:20:45.000-03:00;;;3240069.96;account_money;
2026-03-31T12:20:52.000-03:00;152678712220;payment;6958.00;0.00;7000.00;0.00;-42.00;available_money;2026-03-31T12:20:52.000-03:00;;;3247027.96;account_money;
2026-03-31T12:27:40.000-03:00;151942315611;payment;6461.00;0.00;6500.00;0.00;-39.00;available_money;2026-03-31T12:27:40.000-03:00;;;3253488.96;account_money;
2026-03-31T12:34:39.000-03:00;152680919348;payment;6461.00;0.00;6500.00;0.00;-39.00;available_money;2026-03-31T12:34:39.000-03:00;;;3259949.96;account_money;
2026-03-31T12:37:41.000-03:00;152681459162;payment;12922.00;0.00;13000.00;0.00;-78.00;cvu;2026-03-31T12:37:41.000-03:00;;;3272871.96;bank_transfer;
2026-03-31T12:38:59.000-03:00;151944363537;payment;6461.00;0.00;6500.00;0.00;-39.00;available_money;2026-03-31T12:38:59.000-03:00;;;3279332.96;account_money;
2026-03-31T12:40:20.000-03:00;152680695964;reserve_for_payout;0.00;325708.34;-325708.34;0.00;0.00;available_money;2026-03-31T12:40:20.000-03:00;;;2953624.62;;
2026-03-31T12:40:23.000-03:00;152680695964;reserve_for_payout;325708.34;0.00;325708.34;0.00;0.00;available_money;2026-03-31T12:40:23.000-03:00;;;3279332.96;;
2026-03-31T12:40:23.000-03:00;152680695964;payout;0.00;325708.34;-323765.75;0.00;-1942.59;available_money;2026-03-31T12:40:23.000-03:00;;;2953624.62;;
2026-03-31T12:52:28.000-03:00;152683971980;payment;39760.00;0.00;40000.00;0.00;-240.00;cvu;2026-03-31T12:52:28.000-03:00;;;2993384.62;bank_transfer;
2026-03-31T12:59:17.000-03:00;151947761047;payment;6461.00;0.00;6500.00;0.00;-39.00;available_money;2026-03-31T12:59:17.000-03:00;;;2999845.62;account_money;
2026-03-31T13:21:18.000-03:00;152688867280;payment;6461.00;0.00;6500.00;0.00;-39.00;available_money;2026-03-31T13:21:18.000-03:00;;;3006306.62;account_money;
2026-03-31T13:40:21.000-03:00;152691784064;payment;6461.00;0.00;6500.00;0.00;-39.00;available_money;2026-03-31T13:40:21.000-03:00;;;3012767.62;account_money;
2026-03-31T13:45:58.000-03:00;152692742594;payment;6461.00;0.00;6500.00;0.00;-39.00;available_money;2026-03-31T13:45:58.000-03:00;;;3019228.62;account_money;
2026-03-31T13:46:54.000-03:00;151955302485;payment;6461.00;0.00;6500.00;0.00;-39.00;available_money;2026-03-31T13:46:54.000-03:00;;;3025689.62;account_money;
2026-03-31T14:45:43.000-03:00;152700228764;payment;98406.00;0.00;99000.00;0.00;-594.00;available_money;2026-03-31T14:45:43.000-03:00;;;3124095.62;account_money;
2026-03-31T16:10:42.000-03:00;152710865710;payment;98406.00;0.00;99000.00;0.00;-594.00;available_money;2026-03-31T16:10:42.000-03:00;;;3222501.62;account_money;
2026-03-31T18:44:56.000-03:00;152733871690;payment;6461.00;0.00;6500.00;0.00;-39.00;available_money;2026-03-31T18:44:56.000-03:00;;;3228962.62;account_money;
2026-03-31T19:16:09.000-03:00;152738730076;payment;149100.00;0.00;150000.00;0.00;-900.00;cvu;2026-03-31T19:16:09.000-03:00;;;3378062.62;bank_transfer;
