DATE;SOURCE_ID;DESCRIPTION;NET_CREDIT_AMOUNT;NET_DEBIT_AMOUNT;GROSS_AMOUNT;MP_FEE_AMOUNT;TAXES_AMOUNT;PAYMENT_METHOD;TRANSACTION_APPROVAL_DATE;BUSINESS_UNIT;SUB_UNIT;BALANCE_AMOUNT;PAYMENT_METHOD_TYPE;PURCHASE_ID
2026-06-01T01:44:30.000-03:00;1744539809419;asset_management;8117.49;0.00;8117.49;0.00;0.00;available_money;2026-06-01T01:44:30.000-03:00;;;2919324.36;;
2026-06-01T07:22:36.000-03:00;161143462883;payment;19383.00;0.00;19500.00;0.00;-117.00;available_money;2026-06-01T07:22:36.000-03:00;;;2938707.36;account_money;
2026-06-02T05:56:14.000-03:00;1744648227215;asset_management;1426.39;0.00;1426.39;0.00;0.00;available_money;2026-06-02T05:56:14.000-03:00;;;2940133.75;;
2026-06-02T08:15:42.000-03:00;162125314644;payment;6461.00;0.00;6500.00;0.00;-39.00;available_money;2026-06-02T08:15:42.000-03:00;;;2946594.75;account_money;
2026-06-02T08:30:28.000-03:00;162126671878;payment;6461.00;0.00;6500.00;0.00;-39.00;available_money;2026-06-02T08:30:28.000-03:00;;;2953055.75;account_money;
2026-06-02T09:01:39.000-03:00;161334869153;payment;6461.00;0.00;6500.00;0.00;-39.00;cvu;2026-06-02T09:01:39.000-03:00;;;2959516.75;bank_transfer;
2026-06-02T09:26:35.000-03:00;161337840645;payment;6461.00;0.00;6500.00;0.00;-39.00;available_money;2026-06-02T09:26:35.000-03:00;;;2965977.75;account_money;
2026-06-02T09:49:15.000-03:00;162136172506;payment;12922.00;0.00;13000.00;0.00;-78.00;available_money;2026-06-02T09:49:15.000-03:00;;;2978899.75;account_money;
2026-06-02T10:12:00.000-03:00;161343922237;payment;6461.00;0.00;6500.00;0.00;-39.00;available_money;2026-06-02T10:12:00.000-03:00;;;2985360.75;account_money;
2026-06-02T10:24:56.000-03:00;162141134780;payment;6461.00;0.00;6500.00;0.00;-39.00;available_money;2026-06-02T10:24:56.000-03:00;;;2991821.75;account_money;
2026-06-02T10:26:04.000-03:00;161345896795;payment;6461.00;0.00;6500.00;0.00;-39.00;available_money;2026-06-02T10:26:04.000-03:00;;;2998282.75;account_money;
2026-06-02T10:45:51.000-03:00;161348800393;payment;59640.00;0.00;60000.00;0.00;-360.00;available_money;2026-06-02T10:45:51.000-03:00;;;3057922.75;account_money;
2026-06-02T10:51:59.000-03:00;162145134070;payment;6461.00;0.00;6500.00;0.00;-39.00;available_money;2026-06-02T10:51:59.000-03:00;;;3064383.75;account_money;
2026-06-02T11:02:12.000-03:00;162146663372;payment;6461.00;0.00;6500.00;0.00;-39.00;available_money;2026-06-02T11:02:12.000-03:00;;;3070844.75;account_money;
2026-06-02T11:04:35.000-03:00;162147131550;payment;6461.00;0.00;6500.00;0.00;-39.00;cvu;2026-06-02T11:04:35.000-03:00;;;3077305.75;bank_transfer;
2026-06-02T11:06:32.000-03:00;161351817649;payment;5964.00;0.00;6000.00;0.00;-36.00;available_money;2026-06-02T11:06:32.000-03:00;;;3083269.75;account_money;
2026-06-02T11:08:27.000-03:00;161352056055;payment;6461.00;0.00;6500.00;0.00;-39.00;available_money;2026-06-02T11:08:27.000-03:00;;;3089730.75;account_money;
2026-06-02T11:22:26.000-03:00;162149987234;payment;12922.00;0.00;13000.00;0.00;-78.00;available_money;2026-06-02T11:22:26.000-03:00;;;3102652.75;account_money;
2026-06-02T11:24:09.000-03:00;161354689571;payment;6461.00;0.00;6500.00;0.00;-39.00;available_money;2026-06-02T11:24:09.000-03:00;;;3109113.75;account_money;
2026-06-02T11:31:57.000-03:00;162151729700;payment;6461.00;0.00;6500.00;0.00;-39.00;available_money;2026-06-02T11:31:57.000-03:00;;;3115574.75;account_money;
2026-06-02T11:32:24.000-03:00;161355873773;payment;6461.00;0.00;6500.00;0.00;-39.00;available_money;2026-06-02T11:32:24.000-03:00;;;3122035.75;account_money;
2026-06-02T11:44:20.000-03:00;162153659690;payment;6461.00;0.00;6500.00;0.00;-39.00;available_money;2026-06-02T11:44:20.000-03:00;;;3128496.75;account_money;
2026-06-02T11:44:37.000-03:00;162153836616;payment;6461.00;0.00;6500.00;0.00;-39.00;cvu;2026-06-02T11:44:37.000-03:00;;;3134957.75;bank_transfer;
2026-06-02T11:49:35.000-03:00;162154785312;payment;12922.00;0.00;13000.00;0.00;-78.00;available_money;2026-06-02T11:49:35.000-03:00;;;3147879.75;account_money;
2026-06-02T11:54:25.000-03:00;162155603744;payment;6958.00;0.00;7000.00;0.00;-42.00;available_money;2026-06-02T11:54:25.000-03:00;;;3154837.75;account_money;
2026-06-02T12:12:12.000-03:00;162158928738;payment;5964.00;0.00;6000.00;0.00;-36.00;cvu;2026-06-02T12:12:12.000-03:00;;;3160801.75;bank_transfer;
2026-06-02T12:13:57.000-03:00;161363488571;payment;5964.00;0.00;6000.00;0.00;-36.00;available_money;2026-06-02T12:13:57.000-03:00;;;3166765.75;account_money;
2026-06-02T12:16:59.000-03:00;161363861645;payment;5964.00;0.00;6000.00;0.00;-36.00;available_money;2026-06-02T12:16:59.000-03:00;;;3172729.75;account_money;
2026-06-02T12:17:56.000-03:00;161364131047;payment;5964.00;0.00;6000.00;0.00;-36.00;available_money;2026-06-02T12:17:56.000-03:00;;;3178693.75;account_money;
2026-06-02T12:18:42.000-03:00;161364270791;payment;5964.00;0.00;6000.00;0.00;-36.00;cvu;2026-06-02T12:18:42.000-03:00;;;3184657.75;bank_transfer;
2026-06-02T12:18:55.000-03:00;161364223467;payment;5964.00;0.00;6000.00;0.00;-36.00;available_money;2026-06-02T12:18:55.000-03:00;;;3190621.75;account_money;
2026-06-02T12:19:17.000-03:00;161364442371;payment;5964.00;0.00;6000.00;0.00;-36.00;available_money;2026-06-02T12:19:17.000-03:00;;;3196585.75;account_money;
2026-06-02T12:34:41.000-03:00;162163232892;payment;5964.00;0.00;6000.00;0.00;-36.00;debin_transfer;2026-06-02T12:34:41.000-03:00;;;3202549.75;bank_transfer;
2026-06-02T12:43:16.000-03:00;162164808502;payment;5964.00;0.00;6000.00;0.00;-36.00;available_money;2026-06-02T12:43:16.000-03:00;;;3208513.75;account_money;
2026-06-02T12:49:47.000-03:00;161370259341;payment;5964.00;0.00;6000.00;0.00;-36.00;available_money;2026-06-02T12:49:47.000-03:00;;;3214477.75;account_money;
2026-06-02T13:10:08.000-03:00;161373676019;payment;5964.00;0.00;6000.00;0.00;-36.00;available_money;2026-06-02T13:10:08.000-03:00;;;3220441.75;account_money;
2026-06-02T13:28:57.000-03:00;161376873283;payment;6461.00;0.00;6500.00;0.00;-39.00;available_money;2026-06-02T13:28:57.000-03:00;;;3226902.75;account_money;
2026-06-02T13:41:15.000-03:00;161378645845;payment;149100.00;0.00;150000.00;0.00;-900.00;available_money;2026-06-02T13:41:15.000-03:00;;;3376002.75;account_money;
2026-06-02T15:36:31.000-03:00;161394724139;payment;35784.00;0.00;36000.00;0.00;-216.00;cvu;2026-06-02T15:36:31.000-03:00;;;3411786.75;bank_transfer;
2026-06-02T15:42:46.000-03:00;161395407557;payment;7455.00;0.00;7500.00;0.00;-45.00;available_money;2026-06-02T15:42:46.000-03:00;;;3419241.75;account_money;
2026-06-02T19:38:33.000-03:00;161433790525;payment;232596.00;0.00;234000.00;0.00;-1404.00;available_money;2026-06-02T19:38:33.000-03:00;;;3651837.75;account_money;
2026-06-02T20:34:58.000-03:00;161442805071;payment;98406.00;0.00;99000.00;0.00;-594.00;available_money;2026-06-02T20:34:58.000-03:00;;;3750243.75;account_money;
2026-06-03T01:26:05.000-03:00;1744684183009;asset_management;1652.21;0.00;1652.21;0.00;0.00;available_money;2026-06-03T01:26:05.000-03:00;;;3751895.96;;
2026-06-03T12:13:41.000-03:00;161522047131;payment;13916.00;0.00;14000.00;0.00;-84.00;cvu;2026-06-03T12:13:41.000-03:00;;;3765811.96;bank_transfer;
2026-06-03T12:17:39.000-03:00;161522759817;payment;5964.00;0.00;6000.00;0.00;-36.00;consumer_credits;2026-06-03T12:17:39.000-03:00;;;3771775.96;digital_currency;
2026-06-03T13:03:14.000-03:00;161531297479;payment;19383.00;0.00;19500.00;0.00;-117.00;available_money;2026-06-03T13:03:14.000-03:00;;;3791158.96;account_money;
2026-06-03T13:13:17.000-03:00;161531175907;reserve_for_payout;0.00;58572.18;-58572.18;0.00;0.00;available_money;2026-06-03T13:13:17.000-03:00;;;3732586.78;;
2026-06-03T13:13:17.000-03:00;161531175907;reserve_for_payout;58572.18;0.00;58572.18;0.00;0.00;available_money;2026-06-03T13:13:17.000-03:00;;;3791158.96;;
2026-06-03T13:13:17.000-03:00;161531175907;payout;0.00;58572.18;-58222.84;0.00;-349.34;available_money;2026-06-03T13:13:17.000-03:00;;;3732586.78;;
2026-06-03T21:01:17.000-03:00;162406233524;payment;198800.00;0.00;200000.00;0.00;-1200.00;available_money;2026-06-03T21:01:17.000-03:00;;;3931386.78;account_money;
2026-06-04T04:37:05.000-03:00;1744770541978;asset_management;1785.12;0.00;1785.12;0.00;0.00;available_money;2026-06-04T04:37:05.000-03:00;;;3933171.90;;
2026-06-04T08:43:37.000-03:00;162452520568;reserve_for_payout;0.00;588458.10;-588458.10;0.00;0.00;available_money;2026-06-04T08:43:37.000-03:00;;;3344713.80;;
2026-06-04T08:43:38.000-03:00;162452520568;reserve_for_payout;588458.10;0.00;588458.10;0.00;0.00;available_money;2026-06-04T08:43:38.000-03:00;;;3933171.90;;
2026-06-04T08:43:38.000-03:00;162452520568;payout;0.00;588458.10;-584948.41;0.00;-3509.69;available_money;2026-06-04T08:43:38.000-03:00;;;3344713.80;;
2026-06-04T10:44:32.000-03:00;161670322805;payment;229614.00;0.00;231000.00;0.00;-1386.00;available_money;2026-06-04T10:44:32.000-03:00;;;3574327.80;account_money;
2026-06-04T12:11:26.000-03:00;162482621824;payment;13916.00;0.00;14000.00;0.00;-84.00;available_money;2026-06-04T12:11:26.000-03:00;;;3588243.80;account_money;
2026-06-04T15:10:35.000-03:00;161712669309;payment;27832.00;0.00;28000.00;0.00;-168.00;available_money;2026-06-04T15:10:35.000-03:00;;;3616075.80;account_money;
2026-06-04T21:56:55.000-03:00;162572753280;payment;6958.00;0.00;7000.00;0.00;-42.00;available_money;2026-06-04T21:56:55.000-03:00;;;3623033.80;account_money;
2026-06-05T05:31:41.000-03:00;1744834149355;asset_management;1713.71;0.00;1713.71;0.00;0.00;available_money;2026-06-05T05:31:41.000-03:00;;;3624747.51;;
2026-06-05T09:07:59.000-03:00;162615093314;reserve_for_payout;0.00;500.00;-500.00;0.00;0.00;available_money;2026-06-05T09:07:59.000-03:00;;;3624247.51;;
2026-06-05T09:08:00.000-03:00;162615093314;reserve_for_payout;500.00;0.00;500.00;0.00;0.00;available_money;2026-06-05T09:08:00.000-03:00;;;3624747.51;;
2026-06-05T09:08:00.000-03:00;162615093314;payout;0.00;500.00;-500.00;0.00;0.00;available_money;2026-06-05T09:08:00.000-03:00;;;3624247.51;;
2026-06-05T09:10:11.000-03:00;162616031010;reserve_for_payout;0.00;503.00;-503.00;0.00;0.00;available_money;2026-06-05T09:10:11.000-03:00;;;3623744.51;;
2026-06-05T09:10:11.000-03:00;162616031010;reserve_for_payout;503.00;0.00;503.00;0.00;0.00;available_money;2026-06-05T09:10:11.000-03:00;;;3624247.51;;
2026-06-05T09:10:11.000-03:00;162616031010;payout;0.00;503.00;-500.00;0.00;-3.00;available_money;2026-06-05T09:10:11.000-03:00;;;3623744.51;;
2026-06-06T07:51:18.000-03:00;161991550433;payment;6461.00;0.00;6500.00;0.00;-39.00;available_money;2026-06-06T07:51:18.000-03:00;;;3630205.51;account_money;
2026-06-06T07:59:46.000-03:00;161992032269;payment;59640.00;0.00;60000.00;0.00;-360.00;available_money;2026-06-06T07:59:46.000-03:00;;;3689845.51;account_money;
2026-06-06T08:14:24.000-03:00;162792644322;payment;6461.00;0.00;6500.00;0.00;-39.00;available_money;2026-06-06T08:14:24.000-03:00;;;3696306.51;account_money;
2026-06-06T08:19:25.000-03:00;161993055099;payment;12922.00;0.00;13000.00;0.00;-78.00;available_money;2026-06-06T08:19:25.000-03:00;;;3709228.51;account_money;
2026-06-06T08:30:24.000-03:00;162793610442;payment;12922.00;0.00;13000.00;0.00;-78.00;available_money;2026-06-06T08:30:24.000-03:00;;;3722150.51;account_money;
2026-06-06T08:30:42.000-03:00;162793497578;payment;3479.00;0.00;3500.00;0.00;-21.00;cvu;2026-06-06T08:30:42.000-03:00;;;3725629.51;bank_transfer;
2026-06-06T08:44:29.000-03:00;162794744442;payment;12922.00;0.00;13000.00;0.00;-78.00;cvu;2026-06-06T08:44:29.000-03:00;;;3738551.51;bank_transfer;
2026-06-06T08:47:01.000-03:00;161995222115;payment;12922.00;0.00;13000.00;0.00;-78.00;available_money;2026-06-06T08:47:01.000-03:00;;;3751473.51;account_money;
2026-06-06T08:48:50.000-03:00;162795099240;payment;6461.00;0.00;6500.00;0.00;-39.00;available_money;2026-06-06T08:48:50.000-03:00;;;3757934.51;account_money;
2026-06-06T08:53:46.000-03:00;161995523621;payment;5964.00;0.00;6000.00;0.00;-36.00;available_money;2026-06-06T08:53:46.000-03:00;;;3763898.51;account_money;
2026-06-06T08:59:32.000-03:00;161996083351;payment;12922.00;0.00;13000.00;0.00;-78.00;available_money;2026-06-06T08:59:32.000-03:00;;;3776820.51;account_money;
2026-06-06T09:02:41.000-03:00;161996632193;payment;12922.00;0.00;13000.00;0.00;-78.00;available_money;2026-06-06T09:02:41.000-03:00;;;3789742.51;account_money;
2026-06-06T09:07:25.000-03:00;161996895107;payment;6461.00;0.00;6500.00;0.00;-39.00;available_money;2026-06-06T09:07:25.000-03:00;;;3796203.51;account_money;
2026-06-06T09:07:27.000-03:00;162796728304;payment;6461.00;0.00;6500.00;0.00;-39.00;available_money;2026-06-06T09:07:27.000-03:00;;;3802664.51;account_money;
2026-06-06T09:10:04.000-03:00;161997138935;payment;12922.00;0.00;13000.00;0.00;-78.00;cvu;2026-06-06T09:10:04.000-03:00;;;3815586.51;bank_transfer;
2026-06-06T09:24:06.000-03:00;161998600253;payment;6461.00;0.00;6500.00;0.00;-39.00;cvu;2026-06-06T09:24:06.000-03:00;;;3822047.51;bank_transfer;
2026-06-06T09:25:03.000-03:00;162798415434;payment;6461.00;0.00;6500.00;0.00;-39.00;available_money;2026-06-06T09:25:03.000-03:00;;;3828508.51;account_money;
2026-06-06T09:26:21.000-03:00;162798630682;payment;12922.00;0.00;13000.00;0.00;-78.00;available_money;2026-06-06T09:26:21.000-03:00;;;3841430.51;account_money;
2026-06-06T09:30:55.000-03:00;161999233927;payment;6461.00;0.00;6500.00;0.00;-39.00;cvu;2026-06-06T09:30:55.000-03:00;;;3847891.51;bank_transfer;
2026-06-06T09:35:08.000-03:00;161999709805;payment;6461.00;0.00;6500.00;0.00;-39.00;available_money;2026-06-06T09:35:08.000-03:00;;;3854352.51;account_money;
2026-06-06T09:36:08.000-03:00;162799599286;payment;12922.00;0.00;13000.00;0.00;-78.00;available_money;2026-06-06T09:36:08.000-03:00;;;3867274.51;account_money;
2026-06-06T09:40:53.000-03:00;162000273719;payment;6461.00;0.00;6500.00;0.00;-39.00;available_money;2026-06-06T09:40:53.000-03:00;;;3873735.51;account_money;
2026-06-06T09:45:29.000-03:00;162000819365;payment;12922.00;0.00;13000.00;0.00;-78.00;available_money;2026-06-06T09:45:29.000-03:00;;;3886657.51;account_money;
2026-06-06T09:47:04.000-03:00;162000917999;payment;17395.00;0.00;17500.00;0.00;-105.00;available_money;2026-06-06T09:47:04.000-03:00;;;3904052.51;account_money;
2026-06-06T09:51:22.000-03:00;162801401724;payment;12922.00;0.00;13000.00;0.00;-78.00;debin_transfer;2026-06-06T09:51:22.000-03:00;;;3916974.51;bank_transfer;
2026-06-06T09:53:45.000-03:00;162801818362;payment;35784.00;0.00;36000.00;0.00;-216.00;available_money;2026-06-06T09:53:45.000-03:00;;;3952758.51;account_money;
2026-06-06T09:54:17.000-03:00;162801860422;payment;12922.00;0.00;13000.00;0.00;-78.00;naranja;2026-06-06T09:54:17.000-03:00;;;3965680.51;credit_card;
2026-06-06T09:56:34.000-03:00;162002518105;payment;6461.00;0.00;6500.00;0.00;-39.00;available_money;2026-06-06T09:56:34.000-03:00;;;3972141.51;account_money;
2026-06-06T09:57:24.000-03:00;162802071650;payment;6461.00;0.00;6500.00;0.00;-39.00;cvu;2026-06-06T09:57:24.000-03:00;;;3978602.51;bank_transfer;
2026-06-06T09:59:10.000-03:00;162002627619;payment;6461.00;0.00;6500.00;0.00;-39.00;available_money;2026-06-06T09:59:10.000-03:00;;;3985063.51;account_money;
2026-06-06T10:02:00.000-03:00;162003090205;payment;6461.00;0.00;6500.00;0.00;-39.00;available_money;2026-06-06T10:02:00.000-03:00;;;3991524.51;account_money;
2026-06-06T10:02:11.000-03:00;162802802684;payment;6461.00;0.00;6500.00;0.00;-39.00;available_money;2026-06-06T10:02:11.000-03:00;;;3997985.51;account_money;
2026-06-06T10:03:21.000-03:00;162003129067;payment;6461.00;0.00;6500.00;0.00;-39.00;available_money;2026-06-06T10:03:21.000-03:00;;;4004446.51;account_money;
2026-06-06T10:03:22.000-03:00;162802851408;payment;6461.00;0.00;6500.00;0.00;-39.00;available_money;2026-06-06T10:03:22.000-03:00;;;4010907.51;account_money;
2026-06-06T10:03:30.000-03:00;162003055695;payment;12922.00;0.00;13000.00;0.00;-78.00;available_money;2026-06-06T10:03:30.000-03:00;;;4023829.51;account_money;
2026-06-06T10:03:42.000-03:00;162003157025;payment;12922.00;0.00;13000.00;0.00;-78.00;debin_transfer;2026-06-06T10:03:42.000-03:00;;;4036751.51;bank_transfer;
2026-06-06T10:12:20.000-03:00;162804436562;payment;6461.00;0.00;6500.00;0.00;-39.00;naranja;2026-06-06T10:12:20.000-03:00;;;4043212.51;credit_card;
2026-06-06T10:15:26.000-03:00;162804790698;payment;6461.00;0.00;6500.00;0.00;-39.00;available_money;2026-06-06T10:15:26.000-03:00;;;4049673.51;account_money;
2026-06-06T10:15:52.000-03:00;162804808930;payment;6461.00;0.00;6500.00;0.00;-39.00;available_money;2026-06-06T10:15:52.000-03:00;;;4056134.51;account_money;
2026-06-06T10:21:23.000-03:00;162805552366;payment;6461.00;0.00;6500.00;0.00;-39.00;available_money;2026-06-06T10:21:23.000-03:00;;;4062595.51;account_money;
2026-06-06T10:22:27.000-03:00;162805483960;payment;6461.00;0.00;6500.00;0.00;-39.00;available_money;2026-06-06T10:22:27.000-03:00;;;4069056.51;account_money;
2026-06-06T10:22:58.000-03:00;162805659176;payment;6461.00;0.00;6500.00;0.00;-39.00;available_money;2026-06-06T10:22:58.000-03:00;;;4075517.51;account_money;
2026-06-06T10:23:26.000-03:00;162805731136;payment;6461.00;0.00;6500.00;0.00;-39.00;available_money;2026-06-06T10:23:26.000-03:00;;;4081978.51;account_money;
2026-06-06T10:23:43.000-03:00;162805814606;payment;6461.00;0.00;6500.00;0.00;-39.00;available_money;2026-06-06T10:23:43.000-03:00;;;4088439.51;account_money;
2026-06-06T10:24:36.000-03:00;162805950418;payment;6461.00;0.00;6500.00;0.00;-39.00;available_money;2026-06-06T10:24:36.000-03:00;;;4094900.51;account_money;
2026-06-06T10:25:07.000-03:00;162006187621;payment;12922.00;0.00;13000.00;0.00;-78.00;cvu;2026-06-06T10:25:07.000-03:00;;;4107822.51;bank_transfer;
2026-06-06T10:25:52.000-03:00;162006430405;payment;12922.00;0.00;13000.00;0.00;-78.00;cvu;2026-06-06T10:25:52.000-03:00;;;4120744.51;bank_transfer;
2026-06-06T10:27:54.000-03:00;162006585067;payment;3479.00;0.00;3500.00;0.00;-21.00;available_money;2026-06-06T10:27:54.000-03:00;;;4124223.51;account_money;
2026-06-06T10:33:56.000-03:00;162007408559;payment;6461.00;0.00;6500.00;0.00;-39.00;available_money;2026-06-06T10:33:56.000-03:00;;;4130684.51;account_money;
2026-06-06T10:34:08.000-03:00;162807105804;payment;5964.00;0.00;6000.00;0.00;-36.00;available_money;2026-06-06T10:34:08.000-03:00;;;4136648.51;account_money;
2026-06-06T10:38:22.000-03:00;162808083528;payment;6461.00;0.00;6500.00;0.00;-39.00;available_money;2026-06-06T10:38:22.000-03:00;;;4143109.51;account_money;
2026-06-06T10:40:41.000-03:00;162008404293;payment;19383.00;0.00;19500.00;0.00;-117.00;cvu;2026-06-06T10:40:41.000-03:00;;;4162492.51;bank_transfer;
2026-06-06T10:43:36.000-03:00;162808785360;payment;12922.00;0.00;13000.00;0.00;-78.00;available_money;2026-06-06T10:43:36.000-03:00;;;4175414.51;account_money;
2026-06-06T10:45:36.000-03:00;162008999183;payment;6461.00;0.00;6500.00;0.00;-39.00;available_money;2026-06-06T10:45:36.000-03:00;;;4181875.51;account_money;
2026-06-06T10:48:41.000-03:00;162809421528;payment;35784.00;0.00;36000.00;0.00;-216.00;available_money;2026-06-06T10:48:41.000-03:00;;;4217659.51;account_money;
2026-06-06T10:49:18.000-03:00;162009675779;payment;6461.00;0.00;6500.00;0.00;-39.00;available_money;2026-06-06T10:49:18.000-03:00;;;4224120.51;account_money;
2026-06-06T10:50:55.000-03:00;162809721864;payment;6461.00;0.00;6500.00;0.00;-39.00;available_money;2026-06-06T10:50:55.000-03:00;;;4230581.51;account_money;
2026-06-06T10:51:56.000-03:00;162809859722;payment;6461.00;0.00;6500.00;0.00;-39.00;available_money;2026-06-06T10:51:56.000-03:00;;;4237042.51;account_money;
2026-06-06T10:54:13.000-03:00;162010602643;payment;6461.00;0.00;6500.00;0.00;-39.00;cvu;2026-06-06T10:54:13.000-03:00;;;4243503.51;bank_transfer;
2026-06-06T10:55:29.000-03:00;162010832241;payment;19383.00;0.00;19500.00;0.00;-117.00;available_money;2026-06-06T10:55:29.000-03:00;;;4262886.51;account_money;
2026-06-06T10:55:56.000-03:00;162010757437;payment;6461.00;0.00;6500.00;0.00;-39.00;available_money;2026-06-06T10:55:56.000-03:00;;;4269347.51;account_money;
2026-06-06T10:58:29.000-03:00;162811110198;payment;12922.00;0.00;13000.00;0.00;-78.00;available_money;2026-06-06T10:58:29.000-03:00;;;4282269.51;account_money;
2026-06-06T10:59:46.000-03:00;162811374482;payment;6461.00;0.00;6500.00;0.00;-39.00;available_money;2026-06-06T10:59:46.000-03:00;;;4288730.51;account_money;
2026-06-06T11:00:31.000-03:00;162011498281;payment;6461.00;0.00;6500.00;0.00;-39.00;available_money;2026-06-06T11:00:31.000-03:00;;;4295191.51;account_money;
2026-06-06T11:01:52.000-03:00;162011587165;payment;6461.00;0.00;6500.00;0.00;-39.00;available_money;2026-06-06T11:01:52.000-03:00;;;4301652.51;account_money;
2026-06-06T11:03:02.000-03:00;162011663949;payment;6461.00;0.00;6500.00;0.00;-39.00;cvu;2026-06-06T11:03:02.000-03:00;;;4308113.51;bank_transfer;
2026-06-06T11:09:16.000-03:00;162012812605;payment;12922.00;0.00;13000.00;0.00;-78.00;available_money;2026-06-06T11:09:16.000-03:00;;;4321035.51;account_money;
2026-06-06T11:09:26.000-03:00;162812997824;payment;6461.00;0.00;6500.00;0.00;-39.00;debin_transfer;2026-06-06T11:09:26.000-03:00;;;4327496.51;bank_transfer;
2026-06-06T11:09:30.000-03:00;162012791079;payment;11928.00;0.00;12000.00;0.00;-72.00;available_money;2026-06-06T11:09:30.000-03:00;;;4339424.51;account_money;
2026-06-06T11:11:13.000-03:00;162813390588;payment;5964.00;0.00;6000.00;0.00;-36.00;available_money;2026-06-06T11:11:13.000-03:00;;;4345388.51;account_money;
2026-06-06T11:14:24.000-03:00;162013697823;payment;35784.00;0.00;36000.00;0.00;-216.00;available_money;2026-06-06T11:14:24.000-03:00;;;4381172.51;account_money;
2026-06-06T11:14:38.000-03:00;162813787430;payment;5964.00;0.00;6000.00;0.00;-36.00;available_money;2026-06-06T11:14:38.000-03:00;;;4387136.51;account_money;
2026-06-06T11:15:57.000-03:00;162014003701;payment;6461.00;0.00;6500.00;0.00;-39.00;available_money;2026-06-06T11:15:57.000-03:00;;;4393597.51;account_money;
2026-06-06T11:16:01.000-03:00;162814072802;payment;12922.00;0.00;13000.00;0.00;-78.00;available_money;2026-06-06T11:16:01.000-03:00;;;4406519.51;account_money;
2026-06-06T11:16:46.000-03:00;162814163020;payment;11928.00;0.00;12000.00;0.00;-72.00;available_money;2026-06-06T11:16:46.000-03:00;;;4418447.51;account_money;
2026-06-06T11:17:48.000-03:00;162814450344;payment;6461.00;0.00;6500.00;0.00;-39.00;available_money;2026-06-06T11:17:48.000-03:00;;;4424908.51;account_money;
2026-06-06T11:21:41.000-03:00;162014951165;payment;6461.00;0.00;6500.00;0.00;-39.00;available_money;2026-06-06T11:21:41.000-03:00;;;4431369.51;account_money;
2026-06-06T11:23:50.000-03:00;162815338812;payment;12922.00;0.00;13000.00;0.00;-78.00;available_money;2026-06-06T11:23:50.000-03:00;;;4444291.51;account_money;
2026-06-06T11:23:55.000-03:00;162815237556;payment;12922.00;0.00;13000.00;0.00;-78.00;available_money;2026-06-06T11:23:55.000-03:00;;;4457213.51;account_money;
2026-06-06T11:25:16.000-03:00;162815728398;payment;5964.00;0.00;6000.00;0.00;-36.00;available_money;2026-06-06T11:25:16.000-03:00;;;4463177.51;account_money;
2026-06-06T11:26:36.000-03:00;162815761778;payment;6461.00;0.00;6500.00;0.00;-39.00;available_money;2026-06-06T11:26:36.000-03:00;;;4469638.51;account_money;
2026-06-06T11:27:50.000-03:00;162816334404;payment;5964.00;0.00;6000.00;0.00;-36.00;available_money;2026-06-06T11:27:50.000-03:00;;;4475602.51;account_money;
2026-06-06T11:28:10.000-03:00;162816450128;payment;6461.00;0.00;6500.00;0.00;-39.00;available_money;2026-06-06T11:28:10.000-03:00;;;4482063.51;account_money;
2026-06-06T11:28:27.000-03:00;162816192050;payment;6461.00;0.00;6500.00;0.00;-39.00;cvu;2026-06-06T11:28:27.000-03:00;;;4488524.51;bank_transfer;
2026-06-06T11:29:02.000-03:00;162816520622;payment;5964.00;0.00;6000.00;0.00;-36.00;cvu;2026-06-06T11:29:02.000-03:00;;;4494488.51;bank_transfer;
2026-06-06T11:31:06.000-03:00;162016516009;payment;6461.00;0.00;6500.00;0.00;-39.00;available_money;2026-06-06T11:31:06.000-03:00;;;4500949.51;account_money;
2026-06-06T11:31:31.000-03:00;162016760571;payment;11928.00;0.00;12000.00;0.00;-72.00;available_money;2026-06-06T11:31:31.000-03:00;;;4512877.51;account_money;
2026-06-06T11:38:57.000-03:00;162818224968;payment;12922.00;0.00;13000.00;0.00;-78.00;available_money;2026-06-06T11:38:57.000-03:00;;;4525799.51;account_money;
2026-06-06T11:40:36.000-03:00;162018285915;payment;6461.00;0.00;6500.00;0.00;-39.00;available_money;2026-06-06T11:40:36.000-03:00;;;4532260.51;account_money;
2026-06-06T11:48:41.000-03:00;162020054825;payment;12922.00;0.00;13000.00;0.00;-78.00;available_money;2026-06-06T11:48:41.000-03:00;;;4545182.51;account_money;
2026-06-06T11:55:41.000-03:00;162821434800;payment;6461.00;0.00;6500.00;0.00;-39.00;available_money;2026-06-06T11:55:41.000-03:00;;;4551643.51;account_money;
2026-06-06T11:56:58.000-03:00;162021468651;payment;6461.00;0.00;6500.00;0.00;-39.00;cvu;2026-06-06T11:56:58.000-03:00;;;4558104.51;bank_transfer;
2026-06-06T11:58:27.000-03:00;162021669171;payment;11928.00;0.00;12000.00;0.00;-72.00;available_money;2026-06-06T11:58:27.000-03:00;;;4570032.51;account_money;
2026-06-06T12:02:36.000-03:00;162822780596;payment;6461.00;0.00;6500.00;0.00;-39.00;cvu;2026-06-06T12:02:36.000-03:00;;;4576493.51;bank_transfer;
2026-06-06T12:04:21.000-03:00;162823013042;payment;6461.00;0.00;6500.00;0.00;-39.00;available_money;2026-06-06T12:04:21.000-03:00;;;4582954.51;account_money;
2026-06-06T12:10:45.000-03:00;162024165081;payment;12922.00;0.00;13000.00;0.00;-78.00;available_money;2026-06-06T12:10:45.000-03:00;;;4595876.51;account_money;
2026-06-06T12:11:57.000-03:00;162824422840;payment;11928.00;0.00;12000.00;0.00;-72.00;available_money;2026-06-06T12:11:57.000-03:00;;;4607804.51;account_money;
2026-06-06T12:12:02.000-03:00;162824500280;payment;6461.00;0.00;6500.00;0.00;-39.00;debin_transfer;2026-06-06T12:12:02.000-03:00;;;4614265.51;bank_transfer;
2026-06-06T12:15:18.000-03:00;162025166709;payment;6461.00;0.00;6500.00;0.00;-39.00;available_money;2026-06-06T12:15:18.000-03:00;;;4620726.51;account_money;
2026-06-06T12:18:14.000-03:00;162825870388;payment;6461.00;0.00;6500.00;0.00;-39.00;available_money;2026-06-06T12:18:14.000-03:00;;;4627187.51;account_money;
2026-06-06T12:21:21.000-03:00;162026310207;payment;6461.00;0.00;6500.00;0.00;-39.00;available_money;2026-06-06T12:21:21.000-03:00;;;4633648.51;account_money;
2026-06-06T12:22:00.000-03:00;162826417736;payment;6461.00;0.00;6500.00;0.00;-39.00;available_money;2026-06-06T12:22:00.000-03:00;;;4640109.51;account_money;
2026-06-06T12:24:21.000-03:00;162026767089;payment;6461.00;0.00;6500.00;0.00;-39.00;available_money;2026-06-06T12:24:21.000-03:00;;;4646570.51;account_money;
2026-06-06T12:26:26.000-03:00;162027230719;payment;6461.00;0.00;6500.00;0.00;-39.00;available_money;2026-06-06T12:26:26.000-03:00;;;4653031.51;account_money;
2026-06-06T12:27:29.000-03:00;162027484563;payment;6461.00;0.00;6500.00;0.00;-39.00;available_money;2026-06-06T12:27:29.000-03:00;;;4659492.51;account_money;
2026-06-06T12:28:15.000-03:00;162827794962;payment;11928.00;0.00;12000.00;0.00;-72.00;available_money;2026-06-06T12:28:15.000-03:00;;;4671420.51;account_money;
2026-06-06T12:30:18.000-03:00;162027987555;payment;6461.00;0.00;6500.00;0.00;-39.00;available_money;2026-06-06T12:30:18.000-03:00;;;4677881.51;account_money;
2026-06-06T12:33:23.000-03:00;162828667226;payment;5964.00;0.00;6000.00;0.00;-36.00;debin_transfer;2026-06-06T12:33:23.000-03:00;;;4683845.51;bank_transfer;
2026-06-06T12:33:29.000-03:00;162828591948;payment;11928.00;0.00;12000.00;0.00;-72.00;available_money;2026-06-06T12:33:29.000-03:00;;;4695773.51;account_money;
2026-06-06T12:36:28.000-03:00;162029169779;payment;5964.00;0.00;6000.00;0.00;-36.00;available_money;2026-06-06T12:36:28.000-03:00;;;4701737.51;account_money;
2026-06-06T12:37:38.000-03:00;162029622633;payment;5964.00;0.00;6000.00;0.00;-36.00;available_money;2026-06-06T12:37:38.000-03:00;;;4707701.51;account_money;
2026-06-06T12:39:47.000-03:00;162829951124;payment;5964.00;0.00;6000.00;0.00;-36.00;cvu;2026-06-06T12:39:47.000-03:00;;;4713665.51;bank_transfer;
2026-06-06T12:43:25.000-03:00;162830948156;payment;29820.00;0.00;30000.00;0.00;-180.00;cvu;2026-06-06T12:43:25.000-03:00;;;4743485.51;bank_transfer;
2026-06-06T12:44:40.000-03:00;162030753961;payment;5964.00;0.00;6000.00;0.00;-36.00;cvu;2026-06-06T12:44:40.000-03:00;;;4749449.51;bank_transfer;
2026-06-06T12:46:56.000-03:00;162831457248;payment;5964.00;0.00;6000.00;0.00;-36.00;available_money;2026-06-06T12:46:56.000-03:00;;;4755413.51;account_money;
2026-06-06T12:50:07.000-03:00;162832188576;payment;5964.00;0.00;6000.00;0.00;-36.00;available_money;2026-06-06T12:50:07.000-03:00;;;4761377.51;account_money;
2026-06-06T12:51:28.000-03:00;162032194769;payment;11928.00;0.00;12000.00;0.00;-72.00;available_money;2026-06-06T12:51:28.000-03:00;;;4773305.51;account_money;
2026-06-06T12:53:24.000-03:00;162832844454;payment;5964.00;0.00;6000.00;0.00;-36.00;available_money;2026-06-06T12:53:24.000-03:00;;;4779269.51;account_money;
2026-06-06T12:54:57.000-03:00;162833108398;payment;11928.00;0.00;12000.00;0.00;-72.00;naranja;2026-06-06T12:54:57.000-03:00;;;4791197.51;credit_card;
2026-06-06T12:55:52.000-03:00;162833250728;payment;5964.00;0.00;6000.00;0.00;-36.00;available_money;2026-06-06T12:55:52.000-03:00;;;4797161.51;account_money;
2026-06-06T12:56:27.000-03:00;162833356502;payment;5964.00;0.00;6000.00;0.00;-36.00;available_money;2026-06-06T12:56:27.000-03:00;;;4803125.51;account_money;
2026-06-06T12:56:51.000-03:00;162033273407;payment;11928.00;0.00;12000.00;0.00;-72.00;available_money;2026-06-06T12:56:51.000-03:00;;;4815053.51;account_money;
2026-06-06T13:02:07.000-03:00;162034350753;payment;5964.00;0.00;6000.00;0.00;-36.00;available_money;2026-06-06T13:02:07.000-03:00;;;4821017.51;account_money;
2026-06-06T13:03:57.000-03:00;162834571412;payment;5964.00;0.00;6000.00;0.00;-36.00;available_money;2026-06-06T13:03:57.000-03:00;;;4826981.51;account_money;
2026-06-06T13:05:44.000-03:00;162034965423;payment;5964.00;0.00;6000.00;0.00;-36.00;available_money;2026-06-06T13:05:44.000-03:00;;;4832945.51;account_money;
2026-06-06T13:07:37.000-03:00;162035426369;payment;11928.00;0.00;12000.00;0.00;-72.00;available_money;2026-06-06T13:07:37.000-03:00;;;4844873.51;account_money;
2026-06-06T13:10:29.000-03:00;162835983312;payment;11928.00;0.00;12000.00;0.00;-72.00;debin_transfer;2026-06-06T13:10:29.000-03:00;;;4856801.51;bank_transfer;
2026-06-06T13:13:06.000-03:00;162836441326;payment;5964.00;0.00;6000.00;0.00;-36.00;available_money;2026-06-06T13:13:06.000-03:00;;;4862765.51;account_money;
2026-06-06T13:16:15.000-03:00;162837174548;payment;5964.00;0.00;6000.00;0.00;-36.00;available_money;2026-06-06T13:16:15.000-03:00;;;4868729.51;account_money;
2026-06-06T13:20:14.000-03:00;162037623295;payment;5964.00;0.00;6000.00;0.00;-36.00;cvu;2026-06-06T13:20:14.000-03:00;;;4874693.51;bank_transfer;
2026-06-06T13:21:54.000-03:00;162038150195;payment;5964.00;0.00;6000.00;0.00;-36.00;available_money;2026-06-06T13:21:54.000-03:00;;;4880657.51;account_money;
2026-06-06T13:22:00.000-03:00;162838154724;payment;11928.00;0.00;12000.00;0.00;-72.00;available_money;2026-06-06T13:22:00.000-03:00;;;4892585.51;account_money;
2026-06-06T13:24:55.000-03:00;162038523569;payment;5964.00;0.00;6000.00;0.00;-36.00;available_money;2026-06-06T13:24:55.000-03:00;;;4898549.51;account_money;
2026-06-06T13:28:34.000-03:00;162039125925;payment;11928.00;0.00;12000.00;0.00;-72.00;available_money;2026-06-06T13:28:34.000-03:00;;;4910477.51;account_money;
2026-06-06T13:33:21.000-03:00;162840133266;payment;29820.00;0.00;30000.00;0.00;-180.00;available_money;2026-06-06T13:33:21.000-03:00;;;4940297.51;account_money;
2026-06-06T13:33:30.000-03:00;162840145360;payment;11928.00;0.00;12000.00;0.00;-72.00;available_money;2026-06-06T13:33:30.000-03:00;;;4952225.51;account_money;
2026-06-06T13:35:45.000-03:00;162840553444;payment;11928.00;0.00;12000.00;0.00;-72.00;available_money;2026-06-06T13:35:45.000-03:00;;;4964153.51;account_money;
2026-06-06T13:36:20.000-03:00;162040479913;payment;5964.00;0.00;6000.00;0.00;-36.00;available_money;2026-06-06T13:36:20.000-03:00;;;4970117.51;account_money;
2026-06-06T13:36:29.000-03:00;162040553457;payment;5964.00;0.00;6000.00;0.00;-36.00;available_money;2026-06-06T13:36:29.000-03:00;;;4976081.51;account_money;
2026-06-06T13:45:53.000-03:00;162042376103;payment;12922.00;0.00;13000.00;0.00;-78.00;available_money;2026-06-06T13:45:53.000-03:00;;;4989003.51;account_money;
2026-06-06T13:49:10.000-03:00;162842897832;payment;5964.00;0.00;6000.00;0.00;-36.00;available_money;2026-06-06T13:49:10.000-03:00;;;4994967.51;account_money;
2026-06-06T13:54:09.000-03:00;162843691470;payment;5964.00;0.00;6000.00;0.00;-36.00;available_money;2026-06-06T13:54:09.000-03:00;;;5000931.51;account_money;
2026-06-06T13:54:13.000-03:00;162043812635;payment;11928.00;0.00;12000.00;0.00;-72.00;visa;2026-06-06T13:54:13.000-03:00;;;5012859.51;credit_card;
2026-06-06T13:57:48.000-03:00;162044424713;payment;5964.00;0.00;6000.00;0.00;-36.00;debin_transfer;2026-06-06T13:57:48.000-03:00;;;5018823.51;bank_transfer;
2026-06-06T13:59:35.000-03:00;162044722861;payment;193830.00;0.00;195000.00;0.00;-1170.00;available_money;2026-06-06T13:59:35.000-03:00;;;5212653.51;account_money;
2026-06-06T14:14:55.000-03:00;162047194477;payment;5964.00;0.00;6000.00;0.00;-36.00;debin_transfer;2026-06-06T14:14:55.000-03:00;;;5218617.51;bank_transfer;
2026-06-06T14:21:01.000-03:00;162048143391;payment;11928.00;0.00;12000.00;0.00;-72.00;available_money;2026-06-06T14:21:01.000-03:00;;;5230545.51;account_money;
2026-06-06T18:28:45.000-03:00;162887831514;payment;149100.00;0.00;150000.00;0.00;-900.00;available_money;2026-06-06T18:28:45.000-03:00;;;5379645.51;account_money;
2026-06-06T19:13:19.000-03:00;162896286388;payment;85484.00;0.00;86000.00;0.00;-516.00;cvu;2026-06-06T19:13:19.000-03:00;;;5465129.51;bank_transfer;
2026-06-07T14:52:52.000-03:00;162196858901;payment;29820.00;0.00;30000.00;0.00;-180.00;available_money;2026-06-07T14:52:52.000-03:00;;;5494949.51;account_money;
2026-06-08T04:44:54.000-03:00;1744902865448;asset_management;5123.73;0.00;5123.73;0.00;0.00;available_money;2026-06-08T04:44:54.000-03:00;;;5500073.24;;
2026-06-08T09:47:18.000-03:00;162291185463;payment;12922.00;0.00;13000.00;0.00;-78.00;available_money;2026-06-08T09:47:18.000-03:00;;;5512995.24;account_money;
2026-06-08T12:20:35.000-03:00;163117854206;payment;6958.00;0.00;7000.00;0.00;-42.00;available_money;2026-06-08T12:20:35.000-03:00;;;5519953.24;account_money;
2026-06-09T04:10:16.000-03:00;1744975343677;asset_management;2592.96;0.00;2592.96;0.00;0.00;available_money;2026-06-09T04:10:16.000-03:00;;;5522546.20;;
2026-06-09T08:21:53.000-03:00;162448125127;payment;6958.00;0.00;7000.00;0.00;-42.00;available_money;2026-06-09T08:21:53.000-03:00;;;5529504.20;account_money;
2026-06-09T08:33:57.000-03:00;163252864656;payment;6958.00;0.00;7000.00;0.00;-42.00;available_money;2026-06-09T08:33:57.000-03:00;;;5536462.20;account_money;
2026-06-09T08:52:05.000-03:00;162450438735;reserve_for_payout;0.00;1350000.00;-1350000.00;0.00;0.00;available_money;2026-06-09T08:52:05.000-03:00;;;4186462.20;;
2026-06-09T08:52:07.000-03:00;162450438735;reserve_for_payout;1350000.00;0.00;1350000.00;0.00;0.00;available_money;2026-06-09T08:52:07.000-03:00;;;5536462.20;;
2026-06-09T08:52:07.000-03:00;162450438735;payout;0.00;1350000.00;-1350000.00;0.00;0.00;available_money;2026-06-09T08:52:07.000-03:00;;;4186462.20;;
2026-06-09T08:54:38.000-03:00;162451514973;payment;6958.00;0.00;7000.00;0.00;-42.00;available_money;2026-06-09T08:54:38.000-03:00;;;4193420.20;account_money;
2026-06-09T08:56:50.000-03:00;163254604052;payment;21868.00;0.00;22000.00;0.00;-132.00;available_money;2026-06-09T08:56:50.000-03:00;;;4215288.20;account_money;
2026-06-09T09:47:15.000-03:00;163261141698;payment;6958.00;0.00;7000.00;0.00;-42.00;available_money;2026-06-09T09:47:15.000-03:00;;;4222246.20;account_money;
2026-06-09T09:53:16.000-03:00;162458726007;reserve_for_payment;0.00;1000000.00;-1000000.00;0.00;0.00;available_money;2026-06-09T09:53:16.000-03:00;;;3222246.20;account_money;
2026-06-09T09:53:16.000-03:00;162458726007;reserve_for_payment;1000000.00;0.00;1000000.00;0.00;0.00;available_money;2026-06-09T09:53:16.000-03:00;;;4222246.20;account_money;
2026-06-09T09:53:16.000-03:00;162458726007;payment;0.00;1000000.00;-1000000.00;0.00;0.00;available_money;2026-06-09T09:53:16.000-03:00;;;3222246.20;account_money;
2026-06-09T10:00:44.000-03:00;162459593577;payment;13916.00;0.00;14000.00;0.00;-84.00;available_money;2026-06-09T10:00:44.000-03:00;;;3236162.20;account_money;
2026-06-09T10:14:37.000-03:00;163265136166;payment;35784.00;0.00;36000.00;0.00;-216.00;available_money;2026-06-09T10:14:37.000-03:00;;;3271946.20;account_money;
2026-06-09T10:17:40.000-03:00;162462394331;payment;6958.00;0.00;7000.00;0.00;-42.00;available_money;2026-06-09T10:17:40.000-03:00;;;3278904.20;account_money;
2026-06-09T10:20:00.000-03:00;163265704514;payment;56658.00;0.00;57000.00;0.00;-342.00;available_money;2026-06-09T10:20:00.000-03:00;;;3335562.20;account_money;
2026-06-09T10:23:08.000-03:00;162463012581;payment;27832.00;0.00;28000.00;0.00;-168.00;available_money;2026-06-09T10:23:08.000-03:00;;;3363394.20;account_money;
2026-06-09T10:29:23.000-03:00;162463804289;payment;6461.00;0.00;6500.00;0.00;-39.00;cvu;2026-06-09T10:29:23.000-03:00;;;3369855.20;bank_transfer;
2026-06-09T10:49:30.000-03:00;162466931423;payment;6958.00;0.00;7000.00;0.00;-42.00;available_money;2026-06-09T10:49:30.000-03:00;;;3376813.20;account_money;
2026-06-09T10:59:41.000-03:00;162468235107;payment;6958.00;0.00;7000.00;0.00;-42.00;available_money;2026-06-09T10:59:41.000-03:00;;;3383771.20;account_money;
2026-06-09T11:02:27.000-03:00;163272456366;payment;13916.00;0.00;14000.00;0.00;-84.00;available_money;2026-06-09T11:02:27.000-03:00;;;3397687.20;account_money;
2026-06-09T11:07:09.000-03:00;163272903682;payment;6958.00;0.00;7000.00;0.00;-42.00;available_money;2026-06-09T11:07:09.000-03:00;;;3404645.20;account_money;
2026-06-09T11:13:31.000-03:00;162470745133;payment;13916.00;0.00;14000.00;0.00;-84.00;available_money;2026-06-09T11:13:31.000-03:00;;;3418561.20;account_money;
2026-06-09T11:17:49.000-03:00;162471215957;payment;6461.00;0.00;6500.00;0.00;-39.00;available_money;2026-06-09T11:17:49.000-03:00;;;3425022.20;account_money;
2026-06-09T11:22:16.000-03:00;162471895611;payment;6958.00;0.00;7000.00;0.00;-42.00;cvu;2026-06-09T11:22:16.000-03:00;;;3431980.20;bank_transfer;
2026-06-09T11:22:44.000-03:00;163275864514;payment;6461.00;0.00;6500.00;0.00;-39.00;available_money;2026-06-09T11:22:44.000-03:00;;;3438441.20;account_money;
2026-06-09T11:23:50.000-03:00;163276016426;payment;6958.00;0.00;7000.00;0.00;-42.00;available_money;2026-06-09T11:23:50.000-03:00;;;3445399.20;account_money;
2026-06-09T11:24:17.000-03:00;163275911928;payment;3479.00;0.00;3500.00;0.00;-21.00;available_money;2026-06-09T11:24:17.000-03:00;;;3448878.20;account_money;
2026-06-09T11:40:51.000-03:00;163278942604;payment;6958.00;0.00;7000.00;0.00;-42.00;available_money;2026-06-09T11:40:51.000-03:00;;;3455836.20;account_money;
2026-06-09T11:53:00.000-03:00;162477392079;payment;5467.00;0.00;5500.00;0.00;-33.00;debin_transfer;2026-06-09T11:53:00.000-03:00;;;3461303.20;bank_transfer;
2026-06-09T11:53:56.000-03:00;162477695571;payment;10934.00;0.00;11000.00;0.00;-66.00;available_money;2026-06-09T11:53:56.000-03:00;;;3472237.20;account_money;
2026-06-09T12:01:43.000-03:00;163282413504;payment;6958.00;0.00;7000.00;0.00;-42.00;available_money;2026-06-09T12:01:43.000-03:00;;;3479195.20;account_money;
2026-06-09T12:11:07.000-03:00;163284060068;payment;357840.00;0.00;360000.00;0.00;-2160.00;available_money;2026-06-09T12:11:07.000-03:00;;;3837035.20;account_money;
2026-06-09T12:19:17.000-03:00;162482335579;payment;6958.00;0.00;7000.00;0.00;-42.00;available_money;2026-06-09T12:19:17.000-03:00;;;3843993.20;account_money;
2026-06-09T12:29:31.000-03:00;162484021271;payment;6958.00;0.00;7000.00;0.00;-42.00;available_money;2026-06-09T12:29:31.000-03:00;;;3850951.20;account_money;
2026-06-09T12:29:31.000-03:00;163287888168;payment;13916.00;0.00;14000.00;0.00;-84.00;cvu;2026-06-09T12:29:31.000-03:00;;;3864867.20;bank_transfer;
2026-06-09T12:38:15.000-03:00;162486108275;payment;3479.00;0.00;3500.00;0.00;-21.00;available_money;2026-06-09T12:38:15.000-03:00;;;3868346.20;account_money;
2026-06-09T12:42:02.000-03:00;162486561271;payment;6958.00;0.00;7000.00;0.00;-42.00;debin_transfer;2026-06-09T12:42:02.000-03:00;;;3875304.20;bank_transfer;
2026-06-09T12:47:05.000-03:00;162487450313;payment;6958.00;0.00;7000.00;0.00;-42.00;available_money;2026-06-09T12:47:05.000-03:00;;;3882262.20;account_money;
2026-06-09T12:55:53.000-03:00;162489258345;payment;6958.00;0.00;7000.00;0.00;-42.00;available_money;2026-06-09T12:55:53.000-03:00;;;3889220.20;account_money;
2026-06-09T13:13:19.000-03:00;162492082989;payment;6958.00;0.00;7000.00;0.00;-42.00;available_money;2026-06-09T13:13:19.000-03:00;;;3896178.20;account_money;
2026-06-09T13:19:25.000-03:00;163296708748;payment;6958.00;0.00;7000.00;0.00;-42.00;available_money;2026-06-09T13:19:25.000-03:00;;;3903136.20;account_money;
2026-06-09T13:22:13.000-03:00;163297208264;payment;29820.00;0.00;30000.00;0.00;-180.00;available_money;2026-06-09T13:22:13.000-03:00;;;3932956.20;account_money;
2026-06-09T20:45:51.000-03:00;162564443213;payment;65604.00;0.00;66000.00;0.00;-396.00;available_money;2026-06-09T20:45:51.000-03:00;;;3998560.20;account_money;
2026-06-10T05:10:38.000-03:00;1745058376008;asset_management;1854.71;0.00;1854.71;0.00;0.00;available_money;2026-06-10T05:10:38.000-03:00;;;4000414.91;;
2026-06-10T11:28:07.000-03:00;162637298119;payment;164010.00;0.00;165000.00;0.00;-990.00;available_money;2026-06-10T11:28:07.000-03:00;;;4164424.91;account_money;
2026-06-10T12:10:10.000-03:00;162643565503;reserve_for_payout;0.00;730356.00;-730356.00;0.00;0.00;available_money;2026-06-10T12:10:10.000-03:00;;;3434068.91;;
2026-06-10T12:10:12.000-03:00;162643565503;reserve_for_payout;730356.00;0.00;730356.00;0.00;0.00;available_money;2026-06-10T12:10:12.000-03:00;;;4164424.91;;
2026-06-10T12:10:12.000-03:00;162643565503;payout;0.00;730356.00;-726000.00;0.00;-4356.00;available_money;2026-06-10T12:10:12.000-03:00;;;3434068.91;;
2026-06-10T15:12:09.000-03:00;163480400712;reserve_for_payment;0.00;4024.00;-4024.00;0.00;0.00;available_money;2026-06-10T15:12:09.000-03:00;Mercado Pago;Wallet;3430044.91;account_money;
2026-06-10T15:12:09.000-03:00;163480400712;reserve_for_payment;4024.00;0.00;4024.00;0.00;0.00;available_money;2026-06-10T15:12:09.000-03:00;Mercado Pago;Wallet;3434068.91;account_money;
2026-06-10T15:12:09.000-03:00;163480400712;payment;0.00;4024.00;-4000.00;0.00;-24.00;available_money;2026-06-10T15:12:09.000-03:00;Mercado Pago;Wallet;3430044.91;account_money;
2026-06-10T15:26:00.000-03:00;162676733293;payment;12922.00;0.00;13000.00;0.00;-78.00;available_money;2026-06-10T15:26:00.000-03:00;;;3442966.91;account_money;
2026-06-10T20:01:33.000-03:00;162724766901;payment;12922.00;0.00;13000.00;0.00;-78.00;available_money;2026-06-10T20:01:33.000-03:00;;;3455888.91;account_money;
2026-06-11T02:10:53.000-03:00;1745105363064;asset_management;1629.44;0.00;1629.44;0.00;0.00;available_money;2026-06-11T02:10:53.000-03:00;;;3457518.35;;
2026-06-11T11:20:57.000-03:00;163606899930;payment;1000935.55;0.00;1000935.55;0.00;0.00;available_money;2026-06-11T11:20:57.000-03:00;;;4458453.90;account_money;
2026-06-11T11:24:22.000-03:00;162800750439;reserve_for_payout;0.00;1006000.00;-1006000.00;0.00;0.00;available_money;2026-06-11T11:24:22.000-03:00;;;3452453.90;;
2026-06-11T11:24:24.000-03:00;162800750439;reserve_for_payout;1006000.00;0.00;1006000.00;0.00;0.00;available_money;2026-06-11T11:24:24.000-03:00;;;4458453.90;;
2026-06-11T11:24:24.000-03:00;162800750439;payout;0.00;1006000.00;-1000000.00;0.00;-6000.00;available_money;2026-06-11T11:24:24.000-03:00;;;3452453.90;;
2026-06-11T11:56:04.000-03:00;163613081300;reserve_for_payment;0.00;26027.68;-26027.68;0.00;0.00;available_money;2026-06-11T11:56:04.000-03:00;Mercado Pago;QR;3426426.22;account_money;
2026-06-11T11:56:04.000-03:00;163613081300;reserve_for_payment;26027.68;0.00;26027.68;0.00;0.00;available_money;2026-06-11T11:56:04.000-03:00;Mercado Pago;QR;3452453.90;account_money;
2026-06-11T11:56:04.000-03:00;163613081300;payment;0.00;26027.68;-25872.45;0.00;-155.23;available_money;2026-06-11T11:56:04.000-03:00;Mercado Pago;QR;3426426.22;account_money;
2026-06-11T17:39:06.000-03:00;163667816278;payment;13916.00;0.00;14000.00;0.00;-84.00;available_money;2026-06-11T17:39:06.000-03:00;;;3440342.22;account_money;
2026-06-11T18:11:53.000-03:00;163673928346;payment;35784.00;0.00;36000.00;0.00;-216.00;available_money;2026-06-11T18:11:53.000-03:00;;;3476126.22;account_money;
2026-06-12T02:08:44.000-03:00;1745177707567;asset_management;1626.33;0.00;1626.33;0.00;0.00;available_money;2026-06-12T02:08:44.000-03:00;;;3477752.55;;
2026-06-12T18:51:07.000-03:00;163850737742;reserve_for_payment;0.00;31186.00;-31186.00;0.00;0.00;available_money;2026-06-12T18:51:07.000-03:00;Mercado Pago;QR;3446566.55;account_money;
2026-06-12T18:51:07.000-03:00;163850737742;reserve_for_payment;31186.00;0.00;31186.00;0.00;0.00;available_money;2026-06-12T18:51:07.000-03:00;Mercado Pago;QR;3477752.55;account_money;
2026-06-12T18:51:07.000-03:00;163850737742;payment;0.00;31186.00;-31000.00;0.00;-186.00;available_money;2026-06-12T18:51:07.000-03:00;Mercado Pago;QR;3446566.55;account_money;
2026-06-12T18:57:58.000-03:00;163852485552;payment;198800.00;0.00;200000.00;0.00;-1200.00;available_money;2026-06-12T18:57:58.000-03:00;;;3645366.55;account_money;
2026-06-13T07:58:09.000-03:00;163106439385;payment;6958.00;0.00;7000.00;0.00;-42.00;cvu;2026-06-13T07:58:09.000-03:00;;;3652324.55;bank_transfer;
2026-06-13T08:34:56.000-03:00;163108491469;payment;35784.00;0.00;36000.00;0.00;-216.00;available_money;2026-06-13T08:34:56.000-03:00;;;3688108.55;account_money;
2026-06-13T08:40:36.000-03:00;163918277414;payment;13916.00;0.00;14000.00;0.00;-84.00;cvu;2026-06-13T08:40:36.000-03:00;;;3702024.55;bank_transfer;
2026-06-13T09:04:05.000-03:00;163110543503;payment;6958.00;0.00;7000.00;0.00;-42.00;available_money;2026-06-13T09:04:05.000-03:00;;;3708982.55;account_money;
2026-06-13T09:08:11.000-03:00;163110968831;payment;13916.00;0.00;14000.00;0.00;-84.00;available_money;2026-06-13T09:08:11.000-03:00;;;3722898.55;account_money;
2026-06-13T09:12:26.000-03:00;163111406145;payment;13916.00;0.00;14000.00;0.00;-84.00;available_money;2026-06-13T09:12:26.000-03:00;;;3736814.55;account_money;
2026-06-13T09:15:05.000-03:00;163921047132;payment;6958.00;0.00;7000.00;0.00;-42.00;available_money;2026-06-13T09:15:05.000-03:00;;;3743772.55;account_money;
2026-06-13T09:19:29.000-03:00;163111982543;payment;6958.00;0.00;7000.00;0.00;-42.00;available_money;2026-06-13T09:19:29.000-03:00;;;3750730.55;account_money;
2026-06-13T09:22:36.000-03:00;163921794700;payment;13916.00;0.00;14000.00;0.00;-84.00;available_money;2026-06-13T09:22:36.000-03:00;;;3764646.55;account_money;
2026-06-13T09:26:18.000-03:00;163112610775;payment;20874.00;0.00;21000.00;0.00;-126.00;available_money;2026-06-13T09:26:18.000-03:00;;;3785520.55;account_money;
2026-06-13T09:26:45.000-03:00;163112470077;payment;6958.00;0.00;7000.00;0.00;-42.00;available_money;2026-06-13T09:26:45.000-03:00;;;3792478.55;account_money;
2026-06-13T09:31:00.000-03:00;163922487190;payment;13916.00;0.00;14000.00;0.00;-84.00;debin_transfer;2026-06-13T09:31:00.000-03:00;;;3806394.55;bank_transfer;
2026-06-13T09:36:37.000-03:00;163923059348;payment;6958.00;0.00;7000.00;0.00;-42.00;available_money;2026-06-13T09:36:37.000-03:00;;;3813352.55;account_money;
2026-06-13T09:39:58.000-03:00;163113932539;payment;6958.00;0.00;7000.00;0.00;-42.00;available_money;2026-06-13T09:39:58.000-03:00;;;3820310.55;account_money;
2026-06-13T09:43:32.000-03:00;163114231121;payment;6958.00;0.00;7000.00;0.00;-42.00;available_money;2026-06-13T09:43:32.000-03:00;;;3827268.55;account_money;
2026-06-13T09:57:42.000-03:00;163925265678;payment;6958.00;0.00;7000.00;0.00;-42.00;debin_transfer;2026-06-13T09:57:42.000-03:00;;;3834226.55;bank_transfer;
2026-06-13T09:58:45.000-03:00;163925540522;payment;13916.00;0.00;14000.00;0.00;-84.00;available_money;2026-06-13T09:58:45.000-03:00;;;3848142.55;account_money;
2026-06-13T10:01:46.000-03:00;163116175187;payment;6958.00;0.00;7000.00;0.00;-42.00;available_money;2026-06-13T10:01:46.000-03:00;;;3855100.55;account_money;
2026-06-13T10:06:10.000-03:00;163926328440;payment;16401.00;0.00;16500.00;0.00;-99.00;available_money;2026-06-13T10:06:10.000-03:00;;;3871501.55;account_money;
2026-06-13T10:07:54.000-03:00;163926375550;payment;6958.00;0.00;7000.00;0.00;-42.00;available_money;2026-06-13T10:07:54.000-03:00;;;3878459.55;account_money;
2026-06-13T10:11:37.000-03:00;163117378983;payment;13916.00;0.00;14000.00;0.00;-84.00;debin_transfer;2026-06-13T10:11:37.000-03:00;;;3892375.55;bank_transfer;
2026-06-13T10:12:34.000-03:00;163117534377;payment;6958.00;0.00;7000.00;0.00;-42.00;available_money;2026-06-13T10:12:34.000-03:00;;;3899333.55;account_money;
2026-06-13T10:14:41.000-03:00;163927279866;payment;6958.00;0.00;7000.00;0.00;-42.00;available_money;2026-06-13T10:14:41.000-03:00;;;3906291.55;account_money;
2026-06-13T10:16:11.000-03:00;163927529158;payment;5467.00;0.00;5500.00;0.00;-33.00;available_money;2026-06-13T10:16:11.000-03:00;;;3911758.55;account_money;
2026-06-13T10:18:04.000-03:00;163118096977;payment;6958.00;0.00;7000.00;0.00;-42.00;available_money;2026-06-13T10:18:04.000-03:00;;;3918716.55;account_money;
2026-06-13T10:18:36.000-03:00;163118063655;payment;6958.00;0.00;7000.00;0.00;-42.00;available_money;2026-06-13T10:18:36.000-03:00;;;3925674.55;account_money;
2026-06-13T10:23:28.000-03:00;163928348016;payment;13916.00;0.00;14000.00;0.00;-84.00;available_money;2026-06-13T10:23:28.000-03:00;;;3939590.55;account_money;
2026-06-13T10:23:43.000-03:00;163928550312;payment;6958.00;0.00;7000.00;0.00;-42.00;available_money;2026-06-13T10:23:43.000-03:00;;;3946548.55;account_money;
2026-06-13T10:25:24.000-03:00;163118999899;payment;6958.00;0.00;7000.00;0.00;-42.00;available_money;2026-06-13T10:25:24.000-03:00;;;3953506.55;account_money;
2026-06-13T10:25:54.000-03:00;163928605798;payment;6958.00;0.00;7000.00;0.00;-42.00;available_money;2026-06-13T10:25:54.000-03:00;;;3960464.55;account_money;
2026-06-13T10:39:26.000-03:00;163120766069;payment;6958.00;0.00;7000.00;0.00;-42.00;cvu;2026-06-13T10:39:26.000-03:00;;;3967422.55;bank_transfer;
2026-06-13T10:48:02.000-03:00;163931922112;payment;6958.00;0.00;7000.00;0.00;-42.00;available_money;2026-06-13T10:48:02.000-03:00;;;3974380.55;account_money;
2026-06-13T10:49:41.000-03:00;163122359389;payment;6958.00;0.00;7000.00;0.00;-42.00;available_money;2026-06-13T10:49:41.000-03:00;;;3981338.55;account_money;
2026-06-13T10:50:22.000-03:00;163932154668;payment;6958.00;0.00;7000.00;0.00;-42.00;available_money;2026-06-13T10:50:22.000-03:00;;;3988296.55;account_money;
2026-06-13T10:57:30.000-03:00;163933262402;payment;5467.00;0.00;5500.00;0.00;-33.00;available_money;2026-06-13T10:57:30.000-03:00;;;3993763.55;account_money;
2026-06-13T10:58:29.000-03:00;163933332958;payment;13916.00;0.00;14000.00;0.00;-84.00;available_money;2026-06-13T10:58:29.000-03:00;;;4007679.55;account_money;
2026-06-13T11:03:10.000-03:00;163934154500;payment;6958.00;0.00;7000.00;0.00;-42.00;available_money;2026-06-13T11:03:10.000-03:00;;;4014637.55;account_money;
2026-06-13T11:08:37.000-03:00;163125192789;payment;5467.00;0.00;5500.00;0.00;-33.00;available_money;2026-06-13T11:08:37.000-03:00;;;4020104.55;account_money;
2026-06-13T11:12:21.000-03:00;163935385290;payment;6958.00;0.00;7000.00;0.00;-42.00;available_money;2026-06-13T11:12:21.000-03:00;;;4027062.55;account_money;
2026-06-13T11:19:23.000-03:00;163936519190;payment;6958.00;0.00;7000.00;0.00;-42.00;available_money;2026-06-13T11:19:23.000-03:00;;;4034020.55;account_money;
2026-06-13T11:29:31.000-03:00;163938216992;payment;6958.00;0.00;7000.00;0.00;-42.00;available_money;2026-06-13T11:29:31.000-03:00;;;4040978.55;account_money;
2026-06-13T11:30:32.000-03:00;163938412630;payment;6958.00;0.00;7000.00;0.00;-42.00;available_money;2026-06-13T11:30:32.000-03:00;;;4047936.55;account_money;
2026-06-13T11:34:05.000-03:00;163129173657;payment;6958.00;0.00;7000.00;0.00;-42.00;available_money;2026-06-13T11:34:05.000-03:00;;;4054894.55;account_money;
2026-06-13T11:34:24.000-03:00;163129253465;payment;6958.00;0.00;7000.00;0.00;-42.00;available_money;2026-06-13T11:34:24.000-03:00;;;4061852.55;account_money;
2026-06-13T11:35:03.000-03:00;163129292061;payment;6958.00;0.00;7000.00;0.00;-42.00;available_money;2026-06-13T11:35:03.000-03:00;;;4068810.55;account_money;
2026-06-13T11:38:06.000-03:00;163129897453;payment;6958.00;0.00;7000.00;0.00;-42.00;available_money;2026-06-13T11:38:06.000-03:00;;;4075768.55;account_money;
2026-06-13T11:38:43.000-03:00;163939749692;payment;20874.00;0.00;21000.00;0.00;-126.00;available_money;2026-06-13T11:38:43.000-03:00;;;4096642.55;account_money;
2026-06-13T11:40:11.000-03:00;163130151983;payment;6958.00;0.00;7000.00;0.00;-42.00;available_money;2026-06-13T11:40:11.000-03:00;;;4103600.55;account_money;
2026-06-13T11:45:55.000-03:00;163941049466;payment;6958.00;0.00;7000.00;0.00;-42.00;available_money;2026-06-13T11:45:55.000-03:00;;;4110558.55;account_money;
2026-06-13T11:46:56.000-03:00;163941285096;payment;6958.00;0.00;7000.00;0.00;-42.00;available_money;2026-06-13T11:46:56.000-03:00;;;4117516.55;account_money;
2026-06-13T11:47:33.000-03:00;163941460678;payment;6958.00;0.00;7000.00;0.00;-42.00;available_money;2026-06-13T11:47:33.000-03:00;;;4124474.55;account_money;
2026-06-13T11:50:36.000-03:00;163131965877;payment;6958.00;0.00;7000.00;0.00;-42.00;available_money;2026-06-13T11:50:36.000-03:00;;;4131432.55;account_money;
2026-06-13T11:54:41.000-03:00;163132944205;payment;6958.00;0.00;7000.00;0.00;-42.00;available_money;2026-06-13T11:54:41.000-03:00;;;4138390.55;account_money;
2026-06-13T11:55:34.000-03:00;163942750228;payment;6958.00;0.00;7000.00;0.00;-42.00;cvu;2026-06-13T11:55:34.000-03:00;;;4145348.55;bank_transfer;
2026-06-13T11:56:25.000-03:00;163942812832;payment;6958.00;0.00;7000.00;0.00;-42.00;available_money;2026-06-13T11:56:25.000-03:00;;;4152306.55;account_money;
2026-06-13T11:57:11.000-03:00;163133416313;payment;20874.00;0.00;21000.00;0.00;-126.00;available_money;2026-06-13T11:57:11.000-03:00;;;4173180.55;account_money;
2026-06-13T11:57:17.000-03:00;163133354857;payment;6958.00;0.00;7000.00;0.00;-42.00;available_money;2026-06-13T11:57:17.000-03:00;;;4180138.55;account_money;
2026-06-13T11:58:36.000-03:00;163133533201;payment;6958.00;0.00;7000.00;0.00;-42.00;available_money;2026-06-13T11:58:36.000-03:00;;;4187096.55;account_money;
2026-06-13T12:06:31.000-03:00;163944639758;payment;5467.00;0.00;5500.00;0.00;-33.00;available_money;2026-06-13T12:06:31.000-03:00;;;4192563.55;account_money;
2026-06-13T12:06:54.000-03:00;163944689898;payment;5467.00;0.00;5500.00;0.00;-33.00;available_money;2026-06-13T12:06:54.000-03:00;;;4198030.55;account_money;
2026-06-13T12:08:21.000-03:00;163135300129;payment;6958.00;0.00;7000.00;0.00;-42.00;cvu;2026-06-13T12:08:21.000-03:00;;;4204988.55;bank_transfer;
2026-06-13T12:15:43.000-03:00;163136513921;payment;6958.00;0.00;7000.00;0.00;-42.00;available_money;2026-06-13T12:15:43.000-03:00;;;4211946.55;account_money;
2026-06-13T12:17:16.000-03:00;163946575444;payment;6958.00;0.00;7000.00;0.00;-42.00;available_money;2026-06-13T12:17:16.000-03:00;;;4218904.55;account_money;
2026-06-13T12:17:46.000-03:00;163946617878;payment;6958.00;0.00;7000.00;0.00;-42.00;cvu;2026-06-13T12:17:46.000-03:00;;;4225862.55;bank_transfer;
2026-06-13T12:19:59.000-03:00;163947017542;payment;6958.00;0.00;7000.00;0.00;-42.00;debin_transfer;2026-06-13T12:19:59.000-03:00;;;4232820.55;bank_transfer;
2026-06-13T12:19:59.000-03:00;163137391437;payment;3479.00;0.00;3500.00;0.00;-21.00;available_money;2026-06-13T12:19:59.000-03:00;;;4236299.55;account_money;
2026-06-13T12:21:11.000-03:00;163947490156;payment;6958.00;0.00;7000.00;0.00;-42.00;visa;2026-06-13T12:21:11.000-03:00;;;4243257.55;credit_card;
2026-06-13T12:21:22.000-03:00;163947248012;payment;6958.00;0.00;7000.00;0.00;-42.00;cvu;2026-06-13T12:21:22.000-03:00;;;4250215.55;bank_transfer;
2026-06-13T12:33:08.000-03:00;163949774396;payment;13916.00;0.00;14000.00;0.00;-84.00;available_money;2026-06-13T12:33:08.000-03:00;;;4264131.55;account_money;
2026-06-13T12:34:41.000-03:00;163140226175;payment;13916.00;0.00;14000.00;0.00;-84.00;cvu;2026-06-13T12:34:41.000-03:00;;;4278047.55;bank_transfer;
2026-06-13T12:35:53.000-03:00;163140360857;payment;6958.00;0.00;7000.00;0.00;-42.00;available_money;2026-06-13T12:35:53.000-03:00;;;4285005.55;account_money;
2026-06-13T12:38:04.000-03:00;163950509354;payment;13916.00;0.00;14000.00;0.00;-84.00;visa;2026-06-13T12:38:04.000-03:00;;;4298921.55;credit_card;
2026-06-13T12:38:21.000-03:00;163140815067;payment;6958.00;0.00;7000.00;0.00;-42.00;available_money;2026-06-13T12:38:21.000-03:00;;;4305879.55;account_money;
2026-06-13T12:43:14.000-03:00;163951476452;payment;6958.00;0.00;7000.00;0.00;-42.00;available_money;2026-06-13T12:43:14.000-03:00;;;4312837.55;account_money;
2026-06-13T12:45:28.000-03:00;163951857052;payment;13916.00;0.00;14000.00;0.00;-84.00;available_money;2026-06-13T12:45:28.000-03:00;;;4326753.55;account_money;
2026-06-13T12:50:06.000-03:00;163142851961;payment;6958.00;0.00;7000.00;0.00;-42.00;available_money;2026-06-13T12:50:06.000-03:00;;;4333711.55;account_money;
2026-06-13T12:51:16.000-03:00;163953100226;payment;6958.00;0.00;7000.00;0.00;-42.00;available_money;2026-06-13T12:51:16.000-03:00;;;4340669.55;account_money;
2026-06-13T12:57:08.000-03:00;163144228633;payment;6958.00;0.00;7000.00;0.00;-42.00;available_money;2026-06-13T12:57:08.000-03:00;;;4347627.55;account_money;
2026-06-13T12:58:36.000-03:00;163954337016;payment;6958.00;0.00;7000.00;0.00;-42.00;available_money;2026-06-13T12:58:36.000-03:00;;;4354585.55;account_money;
2026-06-13T12:59:31.000-03:00;163954560622;payment;13916.00;0.00;14000.00;0.00;-84.00;cvu;2026-06-13T12:59:31.000-03:00;;;4368501.55;bank_transfer;
2026-06-13T13:02:01.000-03:00;163954956682;payment;6958.00;0.00;7000.00;0.00;-42.00;available_money;2026-06-13T13:02:01.000-03:00;;;4375459.55;account_money;
2026-06-13T13:02:19.000-03:00;163954986756;payment;6958.00;0.00;7000.00;0.00;-42.00;available_money;2026-06-13T13:02:19.000-03:00;;;4382417.55;account_money;
2026-06-13T13:04:15.000-03:00;163145396097;payment;5467.00;0.00;5500.00;0.00;-33.00;debin_transfer;2026-06-13T13:04:15.000-03:00;;;4387884.55;bank_transfer;
2026-06-13T13:05:23.000-03:00;163145818749;payment;6958.00;0.00;7000.00;0.00;-42.00;available_money;2026-06-13T13:05:23.000-03:00;;;4394842.55;account_money;
2026-06-13T13:06:08.000-03:00;163145912897;payment;10934.00;0.00;11000.00;0.00;-66.00;available_money;2026-06-13T13:06:08.000-03:00;;;4405776.55;account_money;
2026-06-13T13:09:10.000-03:00;163956129154;payment;6958.00;0.00;7000.00;0.00;-42.00;available_money;2026-06-13T13:09:10.000-03:00;;;4412734.55;account_money;
2026-06-13T13:11:28.000-03:00;163146838997;payment;6958.00;0.00;7000.00;0.00;-42.00;debin_transfer;2026-06-13T13:11:28.000-03:00;;;4419692.55;bank_transfer;
2026-06-13T13:15:33.000-03:00;163147492879;payment;6958.00;0.00;7000.00;0.00;-42.00;cvu;2026-06-13T13:15:33.000-03:00;;;4426650.55;bank_transfer;
2026-06-13T13:18:36.000-03:00;163148010581;payment;12425.00;0.00;12500.00;0.00;-75.00;available_money;2026-06-13T13:18:36.000-03:00;;;4439075.55;account_money;
2026-06-13T13:19:29.000-03:00;163148033479;payment;6958.00;0.00;7000.00;0.00;-42.00;available_money;2026-06-13T13:19:29.000-03:00;;;4446033.55;account_money;
2026-06-13T13:31:16.000-03:00;163959824018;payment;5467.00;0.00;5500.00;0.00;-33.00;cvu;2026-06-13T13:31:16.000-03:00;;;4451500.55;bank_transfer;
2026-06-13T13:33:58.000-03:00;163960534378;payment;5467.00;0.00;5500.00;0.00;-33.00;available_money;2026-06-13T13:33:58.000-03:00;;;4456967.55;account_money;
2026-06-13T13:43:52.000-03:00;163152382229;payment;3479.00;0.00;3500.00;0.00;-21.00;available_money;2026-06-13T13:43:52.000-03:00;;;4460446.55;account_money;
2026-06-13T13:46:23.000-03:00;163962649006;payment;5467.00;0.00;5500.00;0.00;-33.00;available_money;2026-06-13T13:46:23.000-03:00;;;4465913.55;account_money;
2026-06-13T14:10:56.000-03:00;163966600564;payment;5467.00;0.00;5500.00;0.00;-33.00;debin_transfer;2026-06-13T14:10:56.000-03:00;;;4471380.55;bank_transfer;
2026-06-13T14:14:36.000-03:00;163157284647;payment;5467.00;0.00;5500.00;0.00;-33.00;available_money;2026-06-13T14:14:36.000-03:00;;;4476847.55;account_money;
2026-06-13T14:16:20.000-03:00;163967474166;payment;5467.00;0.00;5500.00;0.00;-33.00;available_money;2026-06-13T14:16:20.000-03:00;;;4482314.55;account_money;
2026-06-13T14:38:32.000-03:00;163160684079;payment;5467.00;0.00;5500.00;0.00;-33.00;available_money;2026-06-13T14:38:32.000-03:00;;;4487781.55;account_money;
2026-06-13T18:11:01.000-03:00;163192816431;payment;13916.00;0.00;14000.00;0.00;-84.00;available_money;2026-06-13T18:11:01.000-03:00;;;4501697.55;account_money;
2026-06-13T18:12:03.000-03:00;163193212413;payment;6958.00;0.00;7000.00;0.00;-42.00;available_money;2026-06-13T18:12:03.000-03:00;;;4508655.55;account_money;
2026-06-15T16:49:35.000-03:00;163447512597;payment;7455.00;0.00;7500.00;0.00;-45.00;available_money;2026-06-15T16:49:35.000-03:00;;;4516110.55;account_money;
2026-06-15T19:05:57.000-03:00;164282012970;payment;7455.00;0.00;7500.00;0.00;-45.00;available_money;2026-06-15T19:05:57.000-03:00;;;4523565.55;account_money;
2026-06-16T02:57:56.000-03:00;1745295860519;asset_management;6616.21;0.00;6616.21;0.00;0.00;available_money;2026-06-16T02:57:56.000-03:00;;;4530181.76;;
2026-06-16T07:38:37.000-03:00;163525450509;payment;6958.00;0.00;7000.00;0.00;-42.00;available_money;2026-06-16T07:38:37.000-03:00;;;4537139.76;account_money;
2026-06-16T08:13:15.000-03:00;163527774011;payment;6958.00;0.00;7000.00;0.00;-42.00;available_money;2026-06-16T08:13:15.000-03:00;;;4544097.76;account_money;
2026-06-16T08:23:21.000-03:00;163529152157;payment;71568.00;0.00;72000.00;0.00;-432.00;available_money;2026-06-16T08:23:21.000-03:00;;;4615665.76;account_money;
2026-06-16T09:10:36.000-03:00;163533820467;payment;6958.00;0.00;7000.00;0.00;-42.00;available_money;2026-06-16T09:10:36.000-03:00;;;4622623.76;account_money;
2026-06-16T09:27:58.000-03:00;163535953775;payment;6958.00;0.00;7000.00;0.00;-42.00;available_money;2026-06-16T09:27:58.000-03:00;;;4629581.76;account_money;
2026-06-16T09:41:37.000-03:00;164351975076;payment;5467.00;0.00;5500.00;0.00;-33.00;debin_transfer;2026-06-16T09:41:37.000-03:00;;;4635048.76;bank_transfer;
2026-06-16T09:45:01.000-03:00;163537902357;payment;6958.00;0.00;7000.00;0.00;-42.00;cvu;2026-06-16T09:45:01.000-03:00;;;4642006.76;bank_transfer;
2026-06-16T09:45:01.000-03:00;164350470060;reserve_for_payout;0.00;2850000.00;-2850000.00;0.00;0.00;available_money;2026-06-16T09:45:01.000-03:00;;;1792006.76;;
2026-06-16T09:45:04.000-03:00;164350470060;reserve_for_payout;2850000.00;0.00;2850000.00;0.00;0.00;available_money;2026-06-16T09:45:04.000-03:00;;;4642006.76;;
2026-06-16T09:45:04.000-03:00;164350470060;payout;0.00;2850000.00;-2850000.00;0.00;0.00;available_money;2026-06-16T09:45:04.000-03:00;;;1792006.76;;
2026-06-16T09:48:11.000-03:00;164352625066;payment;6958.00;0.00;7000.00;0.00;-42.00;available_money;2026-06-16T09:48:11.000-03:00;;;1798964.76;account_money;
2026-06-16T09:50:39.000-03:00;163538524081;payment;3479.00;0.00;3500.00;0.00;-21.00;available_money;2026-06-16T09:50:39.000-03:00;;;1802443.76;account_money;
2026-06-16T10:09:16.000-03:00;164355539276;payment;6958.00;0.00;7000.00;0.00;-42.00;available_money;2026-06-16T10:09:16.000-03:00;;;1809401.76;account_money;
2026-06-16T10:12:51.000-03:00;163541363989;payment;5467.00;0.00;5500.00;0.00;-33.00;cvu;2026-06-16T10:12:51.000-03:00;;;1814868.76;bank_transfer;
2026-06-16T10:18:31.000-03:00;164356613620;payment;7455.00;0.00;7500.00;0.00;-45.00;visa;2026-06-16T10:18:31.000-03:00;;;1822323.76;credit_card;
2026-06-16T10:18:45.000-03:00;164356838394;payment;14910.00;0.00;15000.00;0.00;-90.00;available_money;2026-06-16T10:18:45.000-03:00;;;1837233.76;account_money;
2026-06-16T10:19:30.000-03:00;163542659025;payment;14910.00;0.00;15000.00;0.00;-90.00;available_money;2026-06-16T10:19:30.000-03:00;;;1852143.76;account_money;
2026-06-16T10:21:53.000-03:00;164357035282;payment;5964.00;0.00;6000.00;0.00;-36.00;available_money;2026-06-16T10:21:53.000-03:00;;;1858107.76;account_money;
2026-06-16T10:32:41.000-03:00;164358790896;payment;13916.00;0.00;14000.00;0.00;-84.00;cvu;2026-06-16T10:32:41.000-03:00;;;1872023.76;bank_transfer;
2026-06-16T10:38:19.000-03:00;164359681284;payment;10934.00;0.00;11000.00;0.00;-66.00;available_money;2026-06-16T10:38:19.000-03:00;;;1882957.76;account_money;
2026-06-16T10:55:32.000-03:00;164361883558;payment;5467.00;0.00;5500.00;0.00;-33.00;available_money;2026-06-16T10:55:32.000-03:00;;;1888424.76;account_money;
2026-06-16T11:15:04.000-03:00;164365068994;payment;10934.00;0.00;11000.00;0.00;-66.00;cvu;2026-06-16T11:15:04.000-03:00;;;1899358.76;bank_transfer;
2026-06-16T11:22:39.000-03:00;163552149015;payment;6958.00;0.00;7000.00;0.00;-42.00;available_money;2026-06-16T11:22:39.000-03:00;;;1906316.76;account_money;
2026-06-16T11:46:33.000-03:00;164370443592;payment;6958.00;0.00;7000.00;0.00;-42.00;available_money;2026-06-16T11:46:33.000-03:00;;;1913274.76;account_money;
2026-06-16T11:47:35.000-03:00;163556414189;payment;5467.00;0.00;5500.00;0.00;-33.00;available_money;2026-06-16T11:47:35.000-03:00;;;1918741.76;account_money;
2026-06-16T11:52:06.000-03:00;163556846047;payment;6958.00;0.00;7000.00;0.00;-42.00;available_money;2026-06-16T11:52:06.000-03:00;;;1925699.76;account_money;
2026-06-16T12:05:48.000-03:00;163559611191;payment;143136.00;0.00;144000.00;0.00;-864.00;available_money;2026-06-16T12:05:48.000-03:00;;;2068835.76;account_money;
2026-06-16T12:06:25.000-03:00;164374044358;payment;6958.00;0.00;7000.00;0.00;-42.00;available_money;2026-06-16T12:06:25.000-03:00;;;2075793.76;account_money;
2026-06-16T12:14:40.000-03:00;163561009377;payment;6958.00;0.00;7000.00;0.00;-42.00;available_money;2026-06-16T12:14:40.000-03:00;;;2082751.76;account_money;
2026-06-16T12:18:24.000-03:00;164376048024;payment;6958.00;0.00;7000.00;0.00;-42.00;available_money;2026-06-16T12:18:24.000-03:00;;;2089709.76;account_money;
2026-06-16T12:30:13.000-03:00;164378562346;payment;6958.00;0.00;7000.00;0.00;-42.00;available_money;2026-06-16T12:30:13.000-03:00;;;2096667.76;account_money;
2026-06-16T12:53:18.000-03:00;163568392603;payment;13916.00;0.00;14000.00;0.00;-84.00;available_money;2026-06-16T12:53:18.000-03:00;;;2110583.76;account_money;
2026-06-16T13:00:48.000-03:00;164383981404;payment;13916.00;0.00;14000.00;0.00;-84.00;cvu;2026-06-16T13:00:48.000-03:00;;;2124499.76;bank_transfer;
2026-06-16T13:05:24.000-03:00;163570705101;payment;71568.00;0.00;72000.00;0.00;-432.00;cvu;2026-06-16T13:05:24.000-03:00;;;2196067.76;bank_transfer;
2026-06-16T13:20:07.000-03:00;164387573112;payment;6958.00;0.00;7000.00;0.00;-42.00;cvu;2026-06-16T13:20:07.000-03:00;;;2203025.76;bank_transfer;
2026-06-16T13:46:57.000-03:00;164391979670;payment;6958.00;0.00;7000.00;0.00;-42.00;available_money;2026-06-16T13:46:57.000-03:00;;;2209983.76;account_money;
2026-06-16T13:49:47.000-03:00;164392289862;payment;542724.00;0.00;546000.00;0.00;-3276.00;available_money;2026-06-16T13:49:47.000-03:00;;;2752707.76;account_money;
2026-06-16T13:57:09.000-03:00;163579277303;payment;6958.00;0.00;7000.00;0.00;-42.00;available_money;2026-06-16T13:57:09.000-03:00;;;2759665.76;account_money;
2026-06-16T13:58:00.000-03:00;163579407065;payment;6958.00;0.00;7000.00;0.00;-42.00;available_money;2026-06-16T13:58:00.000-03:00;;;2766623.76;account_money;
2026-06-16T18:55:35.000-03:00;164441563494;payment;235578.00;0.00;237000.00;0.00;-1422.00;cvu;2026-06-16T18:55:35.000-03:00;;;3002201.76;bank_transfer;
2026-06-16T20:57:41.000-03:00;164463191000;payment;71568.00;0.00;72000.00;0.00;-432.00;cvu;2026-06-16T20:57:41.000-03:00;;;3073769.76;bank_transfer;
2026-06-16T22:33:02.000-03:00;164474900308;payment;39760.00;0.00;40000.00;0.00;-240.00;available_money;2026-06-16T22:33:02.000-03:00;;;3113529.76;account_money;
2026-06-17T03:30:24.000-03:00;1745376172363;asset_management;1321.36;0.00;1321.36;0.00;0.00;available_money;2026-06-17T03:30:24.000-03:00;;;3114851.12;;
2026-06-17T08:43:31.000-03:00;164510332500;payment;7455.00;0.00;7500.00;0.00;-45.00;available_money;2026-06-17T08:43:31.000-03:00;;;3122306.12;account_money;
2026-06-18T05:50:14.000-03:00;1745464836393;asset_management;1485.30;0.00;1485.30;0.00;0.00;available_money;2026-06-18T05:50:14.000-03:00;;;3123791.42;;
2026-06-18T19:23:44.000-03:00;164762981266;payment;6461.00;0.00;6500.00;0.00;-39.00;cvu;2026-06-18T19:23:44.000-03:00;;;3130252.42;bank_transfer;
2026-06-18T19:34:43.000-03:00;163947860301;payment;497.00;0.00;500.00;0.00;-3.00;cvu;2026-06-18T19:34:43.000-03:00;;;3130749.42;bank_transfer;
2026-06-18T21:58:51.000-03:00;164785708544;payment;107352.00;0.00;108000.00;0.00;-648.00;available_money;2026-06-18T21:58:51.000-03:00;;;3238101.42;account_money;
2026-06-19T04:27:19.000-03:00;1745521549197;asset_management;1478.67;0.00;1478.67;0.00;0.00;available_money;2026-06-19T04:27:19.000-03:00;;;3239580.09;;
2026-06-19T12:02:50.000-03:00;164035990909;payment;14910.00;0.00;15000.00;0.00;-90.00;cvu;2026-06-19T12:02:50.000-03:00;;;3254490.09;bank_transfer;
2026-06-19T14:13:38.000-03:00;164060056507;payment;19880.00;0.00;20000.00;0.00;-120.00;available_money;2026-06-19T14:13:38.000-03:00;;;3274370.09;account_money;
2026-06-20T07:51:33.000-03:00;164991892764;payment;71568.00;0.00;72000.00;0.00;-432.00;available_money;2026-06-20T07:51:33.000-03:00;;;3345938.09;account_money;
2026-06-20T08:11:33.000-03:00;164174034249;payment;84987.00;0.00;85500.00;0.00;-513.00;available_money;2026-06-20T08:11:33.000-03:00;;;3430925.09;account_money;
2026-06-20T08:28:18.000-03:00;164174920651;payment;6958.00;0.00;7000.00;0.00;-42.00;available_money;2026-06-20T08:28:18.000-03:00;;;3437883.09;account_money;
2026-06-20T08:30:01.000-03:00;164993798810;payment;6958.00;0.00;7000.00;0.00;-42.00;available_money;2026-06-20T08:30:01.000-03:00;;;3444841.09;account_money;
2026-06-20T08:31:21.000-03:00;164993896636;payment;331002.00;0.00;333000.00;0.00;-1998.00;available_money;2026-06-20T08:31:21.000-03:00;;;3775843.09;account_money;
2026-06-20T08:34:23.000-03:00;164994058478;reserve_for_payout;0.00;3018.00;-3018.00;0.00;0.00;available_money;2026-06-20T08:34:23.000-03:00;;;3772825.09;;
2026-06-20T08:34:26.000-03:00;164994058478;reserve_for_payout;3018.00;0.00;3018.00;0.00;0.00;available_money;2026-06-20T08:34:26.000-03:00;;;3775843.09;;
2026-06-20T08:34:26.000-03:00;164994058478;payout;0.00;3018.00;-3000.00;0.00;-18.00;available_money;2026-06-20T08:34:26.000-03:00;;;3772825.09;;
2026-06-20T08:49:38.000-03:00;164995037086;payment;13916.00;0.00;14000.00;0.00;-84.00;available_money;2026-06-20T08:49:38.000-03:00;;;3786741.09;account_money;
2026-06-20T09:15:38.000-03:00;164996931510;payment;13916.00;0.00;14000.00;0.00;-84.00;available_money;2026-06-20T09:15:38.000-03:00;;;3800657.09;account_money;
2026-06-20T09:27:14.000-03:00;164178967813;payment;6958.00;0.00;7000.00;0.00;-42.00;cvu;2026-06-20T09:27:14.000-03:00;;;3807615.09;bank_transfer;
2026-06-20T09:32:48.000-03:00;164179567323;payment;5467.00;0.00;5500.00;0.00;-33.00;cvu;2026-06-20T09:32:48.000-03:00;;;3813082.09;bank_transfer;
2026-06-20T09:35:13.000-03:00;164998872478;payment;6958.00;0.00;7000.00;0.00;-42.00;available_money;2026-06-20T09:35:13.000-03:00;;;3820040.09;account_money;
2026-06-20T09:43:28.000-03:00;164180714719;payment;6958.00;0.00;7000.00;0.00;-42.00;debin_transfer;2026-06-20T09:43:28.000-03:00;;;3826998.09;bank_transfer;
2026-06-20T09:47:35.000-03:00;165000296190;payment;6958.00;0.00;7000.00;0.00;-42.00;cvu;2026-06-20T09:47:35.000-03:00;;;3833956.09;bank_transfer;
2026-06-20T09:48:24.000-03:00;165000155696;payment;6958.00;0.00;7000.00;0.00;-42.00;available_money;2026-06-20T09:48:24.000-03:00;;;3840914.09;account_money;
2026-06-20T09:48:54.000-03:00;165000314958;payment;13916.00;0.00;14000.00;0.00;-84.00;debin_transfer;2026-06-20T09:48:54.000-03:00;;;3854830.09;bank_transfer;
2026-06-20T09:49:49.000-03:00;164181324351;payment;13916.00;0.00;14000.00;0.00;-84.00;available_money;2026-06-20T09:49:49.000-03:00;;;3868746.09;account_money;
2026-06-20T09:58:12.000-03:00;165001043840;payment;12425.00;0.00;12500.00;0.00;-75.00;available_money;2026-06-20T09:58:12.000-03:00;;;3881171.09;account_money;
2026-06-20T09:59:18.000-03:00;164182327151;payment;13916.00;0.00;14000.00;0.00;-84.00;cvu;2026-06-20T09:59:18.000-03:00;;;3895087.09;bank_transfer;
2026-06-20T10:00:48.000-03:00;164182634213;payment;6958.00;0.00;7000.00;0.00;-42.00;available_money;2026-06-20T10:00:48.000-03:00;;;3902045.09;account_money;
2026-06-20T10:03:59.000-03:00;164182805165;payment;6958.00;0.00;7000.00;0.00;-42.00;available_money;2026-06-20T10:03:59.000-03:00;;;3909003.09;account_money;
2026-06-20T10:04:50.000-03:00;164183006245;payment;6958.00;0.00;7000.00;0.00;-42.00;available_money;2026-06-20T10:04:50.000-03:00;;;3915961.09;account_money;
2026-06-20T10:05:15.000-03:00;165002010716;payment;13916.00;0.00;14000.00;0.00;-84.00;available_money;2026-06-20T10:05:15.000-03:00;;;3929877.09;account_money;
2026-06-20T10:06:56.000-03:00;164183025841;payment;35784.00;0.00;36000.00;0.00;-216.00;available_money;2026-06-20T10:06:56.000-03:00;;;3965661.09;account_money;
2026-06-20T10:11:46.000-03:00;164183497817;payment;6958.00;0.00;7000.00;0.00;-42.00;available_money;2026-06-20T10:11:46.000-03:00;;;3972619.09;account_money;
2026-06-20T10:12:44.000-03:00;165003050402;payment;6958.00;0.00;7000.00;0.00;-42.00;available_money;2026-06-20T10:12:44.000-03:00;;;3979577.09;account_money;
2026-06-20T10:14:03.000-03:00;164183743809;payment;13916.00;0.00;14000.00;0.00;-84.00;cvu;2026-06-20T10:14:03.000-03:00;;;3993493.09;bank_transfer;
2026-06-20T10:14:44.000-03:00;165003252484;payment;6958.00;0.00;7000.00;0.00;-42.00;available_money;2026-06-20T10:14:44.000-03:00;;;4000451.09;account_money;
2026-06-20T10:21:07.000-03:00;164184839449;payment;6958.00;0.00;7000.00;0.00;-42.00;available_money;2026-06-20T10:21:07.000-03:00;;;4007409.09;account_money;
2026-06-20T10:22:07.000-03:00;164185112637;payment;6958.00;0.00;7000.00;0.00;-42.00;available_money;2026-06-20T10:22:07.000-03:00;;;4014367.09;account_money;
2026-06-20T10:22:19.000-03:00;164184959769;payment;6958.00;0.00;7000.00;0.00;-42.00;available_money;2026-06-20T10:22:19.000-03:00;;;4021325.09;account_money;
2026-06-20T10:24:36.000-03:00;165004135672;payment;6958.00;0.00;7000.00;0.00;-42.00;available_money;2026-06-20T10:24:36.000-03:00;;;4028283.09;account_money;
2026-06-20T10:28:53.000-03:00;165005018226;payment;10934.00;0.00;11000.00;0.00;-66.00;available_money;2026-06-20T10:28:53.000-03:00;;;4039217.09;account_money;
2026-06-20T10:31:35.000-03:00;165005239298;payment;6958.00;0.00;7000.00;0.00;-42.00;available_money;2026-06-20T10:31:35.000-03:00;;;4046175.09;account_money;
2026-06-20T10:36:02.000-03:00;165005753936;payment;6958.00;0.00;7000.00;0.00;-42.00;cvu;2026-06-20T10:36:02.000-03:00;;;4053133.09;bank_transfer;
2026-06-20T10:38:02.000-03:00;164186952771;payment;6958.00;0.00;7000.00;0.00;-42.00;cvu;2026-06-20T10:38:02.000-03:00;;;4060091.09;bank_transfer;
2026-06-20T10:42:38.000-03:00;164187643041;payment;6958.00;0.00;7000.00;0.00;-42.00;cvu;2026-06-20T10:42:38.000-03:00;;;4067049.09;bank_transfer;
2026-06-20T10:43:51.000-03:00;165006880658;payment;6958.00;0.00;7000.00;0.00;-42.00;available_money;2026-06-20T10:43:51.000-03:00;;;4074007.09;account_money;
2026-06-20T10:44:15.000-03:00;164187897005;payment;6958.00;0.00;7000.00;0.00;-42.00;available_money;2026-06-20T10:44:15.000-03:00;;;4080965.09;account_money;
2026-06-20T10:45:10.000-03:00;165007068620;payment;13916.00;0.00;14000.00;0.00;-84.00;available_money;2026-06-20T10:45:10.000-03:00;;;4094881.09;account_money;
2026-06-20T10:45:15.000-03:00;164188072815;payment;6958.00;0.00;7000.00;0.00;-42.00;available_money;2026-06-20T10:45:15.000-03:00;;;4101839.09;account_money;
2026-06-20T10:46:10.000-03:00;165007113244;payment;6958.00;0.00;7000.00;0.00;-42.00;available_money;2026-06-20T10:46:10.000-03:00;;;4108797.09;account_money;
2026-06-20T10:49:30.000-03:00;164188537635;payment;10934.00;0.00;11000.00;0.00;-66.00;available_money;2026-06-20T10:49:30.000-03:00;;;4119731.09;account_money;
2026-06-20T10:50:45.000-03:00;165007687766;payment;5467.00;0.00;5500.00;0.00;-33.00;available_money;2026-06-20T10:50:45.000-03:00;;;4125198.09;account_money;
2026-06-20T10:50:56.000-03:00;164188832607;payment;6958.00;0.00;7000.00;0.00;-42.00;debin_transfer;2026-06-20T10:50:56.000-03:00;;;4132156.09;bank_transfer;
2026-06-20T10:55:55.000-03:00;164189472405;payment;13916.00;0.00;14000.00;0.00;-84.00;available_money;2026-06-20T10:55:55.000-03:00;;;4146072.09;account_money;
2026-06-20T10:57:11.000-03:00;164189576791;payment;6958.00;0.00;7000.00;0.00;-42.00;available_money;2026-06-20T10:57:11.000-03:00;;;4153030.09;account_money;
2026-06-20T11:01:41.000-03:00;164190286395;payment;6958.00;0.00;7000.00;0.00;-42.00;available_money;2026-06-20T11:01:41.000-03:00;;;4159988.09;account_money;
2026-06-20T11:02:10.000-03:00;164190217331;payment;20874.00;0.00;21000.00;0.00;-126.00;available_money;2026-06-20T11:02:10.000-03:00;;;4180862.09;account_money;
2026-06-20T11:09:56.000-03:00;164191471463;payment;10934.00;0.00;11000.00;0.00;-66.00;available_money;2026-06-20T11:09:56.000-03:00;;;4191796.09;account_money;
2026-06-20T11:11:50.000-03:00;165010960544;payment;6958.00;0.00;7000.00;0.00;-42.00;available_money;2026-06-20T11:11:50.000-03:00;;;4198754.09;account_money;
2026-06-20T11:13:37.000-03:00;165011306518;payment;35784.00;0.00;36000.00;0.00;-216.00;available_money;2026-06-20T11:13:37.000-03:00;;;4234538.09;account_money;
2026-06-20T11:14:36.000-03:00;164192151385;payment;16401.00;0.00;16500.00;0.00;-99.00;debin_transfer;2026-06-20T11:14:36.000-03:00;;;4250939.09;bank_transfer;
2026-06-20T11:17:44.000-03:00;165012062122;payment;3479.00;0.00;3500.00;0.00;-21.00;available_money;2026-06-20T11:17:44.000-03:00;;;4254418.09;account_money;
2026-06-20T11:21:15.000-03:00;165012530478;payment;13916.00;0.00;14000.00;0.00;-84.00;available_money;2026-06-20T11:21:15.000-03:00;;;4268334.09;account_money;
2026-06-20T11:28:13.000-03:00;165013331962;payment;6958.00;0.00;7000.00;0.00;-42.00;available_money;2026-06-20T11:28:13.000-03:00;;;4275292.09;account_money;
2026-06-20T11:30:26.000-03:00;164194673755;payment;5467.00;0.00;5500.00;0.00;-33.00;available_money;2026-06-20T11:30:26.000-03:00;;;4280759.09;account_money;
2026-06-20T11:34:34.000-03:00;165014334022;payment;6958.00;0.00;7000.00;0.00;-42.00;available_money;2026-06-20T11:34:34.000-03:00;;;4287717.09;account_money;
2026-06-20T11:36:48.000-03:00;164195727239;payment;6958.00;0.00;7000.00;0.00;-42.00;cvu;2026-06-20T11:36:48.000-03:00;;;4294675.09;bank_transfer;
2026-06-20T11:37:02.000-03:00;164195840817;payment;6958.00;0.00;7000.00;0.00;-42.00;cvu;2026-06-20T11:37:02.000-03:00;;;4301633.09;bank_transfer;
2026-06-20T11:45:01.000-03:00;165016528620;payment;6958.00;0.00;7000.00;0.00;-42.00;available_money;2026-06-20T11:45:01.000-03:00;;;4308591.09;account_money;
2026-06-20T11:45:34.000-03:00;165016602888;payment;5467.00;0.00;5500.00;0.00;-33.00;available_money;2026-06-20T11:45:34.000-03:00;;;4314058.09;account_money;
2026-06-20T11:45:45.000-03:00;165016660574;payment;3479.00;0.00;3500.00;0.00;-21.00;available_money;2026-06-20T11:45:45.000-03:00;;;4317537.09;account_money;
2026-06-20T11:52:23.000-03:00;165017461964;payment;6958.00;0.00;7000.00;0.00;-42.00;available_money;2026-06-20T11:52:23.000-03:00;;;4324495.09;account_money;
2026-06-20T11:54:18.000-03:00;164198750033;payment;6958.00;0.00;7000.00;0.00;-42.00;debin_transfer;2026-06-20T11:54:18.000-03:00;;;4331453.09;bank_transfer;
2026-06-20T12:07:10.000-03:00;165020389366;payment;6958.00;0.00;7000.00;0.00;-42.00;cvu;2026-06-20T12:07:10.000-03:00;;;4338411.09;bank_transfer;
2026-06-20T12:09:13.000-03:00;164201455323;payment;6958.00;0.00;7000.00;0.00;-42.00;available_money;2026-06-20T12:09:13.000-03:00;;;4345369.09;account_money;
2026-06-20T12:17:17.000-03:00;164203206113;payment;6958.00;0.00;7000.00;0.00;-42.00;available_money;2026-06-20T12:17:17.000-03:00;;;4352327.09;account_money;
2026-06-20T12:19:23.000-03:00;164203301907;payment;6958.00;0.00;7000.00;0.00;-42.00;available_money;2026-06-20T12:19:23.000-03:00;;;4359285.09;account_money;
2026-06-20T12:19:34.000-03:00;164203483105;payment;5467.00;0.00;5500.00;0.00;-33.00;available_money;2026-06-20T12:19:34.000-03:00;;;4364752.09;account_money;
2026-06-20T12:19:38.000-03:00;164203453241;payment;5467.00;0.00;5500.00;0.00;-33.00;available_money;2026-06-20T12:19:38.000-03:00;;;4370219.09;account_money;
2026-06-20T12:29:08.000-03:00;165024614178;payment;6958.00;0.00;7000.00;0.00;-42.00;cvu;2026-06-20T12:29:08.000-03:00;;;4377177.09;bank_transfer;
2026-06-20T12:30:38.000-03:00;164205510737;payment;13916.00;0.00;14000.00;0.00;-84.00;available_money;2026-06-20T12:30:38.000-03:00;;;4391093.09;account_money;
2026-06-20T12:32:12.000-03:00;165025052596;payment;6958.00;0.00;7000.00;0.00;-42.00;available_money;2026-06-20T12:32:12.000-03:00;;;4398051.09;account_money;
2026-06-20T12:39:20.000-03:00;165026320420;payment;6958.00;0.00;7000.00;0.00;-42.00;available_money;2026-06-20T12:39:20.000-03:00;;;4405009.09;account_money;
2026-06-20T12:39:31.000-03:00;164207229139;payment;13916.00;0.00;14000.00;0.00;-84.00;available_money;2026-06-20T12:39:31.000-03:00;;;4418925.09;account_money;
2026-06-20T12:43:17.000-03:00;164207732041;payment;10934.00;0.00;11000.00;0.00;-66.00;available_money;2026-06-20T12:43:17.000-03:00;;;4429859.09;account_money;
2026-06-20T12:43:50.000-03:00;164207887501;payment;5467.00;0.00;5500.00;0.00;-33.00;available_money;2026-06-20T12:43:50.000-03:00;;;4435326.09;account_money;
2026-06-20T12:56:26.000-03:00;165029526464;payment;6958.00;0.00;7000.00;0.00;-42.00;available_money;2026-06-20T12:56:26.000-03:00;;;4442284.09;account_money;
2026-06-20T12:58:09.000-03:00;164210726279;payment;6958.00;0.00;7000.00;0.00;-42.00;available_money;2026-06-20T12:58:09.000-03:00;;;4449242.09;account_money;
2026-06-20T12:58:25.000-03:00;165029808714;payment;6958.00;0.00;7000.00;0.00;-42.00;available_money;2026-06-20T12:58:25.000-03:00;;;4456200.09;account_money;
2026-06-20T12:59:35.000-03:00;165029829968;payment;6958.00;0.00;7000.00;0.00;-42.00;available_money;2026-06-20T12:59:35.000-03:00;;;4463158.09;account_money;
2026-06-20T13:07:20.000-03:00;164212209121;payment;6958.00;0.00;7000.00;0.00;-42.00;naranja;2026-06-20T13:07:20.000-03:00;;;4470116.09;credit_card;
2026-06-20T13:12:54.000-03:00;164213047495;payment;6958.00;0.00;7000.00;0.00;-42.00;available_money;2026-06-20T13:12:54.000-03:00;;;4477074.09;account_money;
2026-06-20T13:13:15.000-03:00;164213016003;payment;6958.00;0.00;7000.00;0.00;-42.00;available_money;2026-06-20T13:13:15.000-03:00;;;4484032.09;account_money;
2026-06-20T13:16:30.000-03:00;165033127076;payment;5467.00;0.00;5500.00;0.00;-33.00;available_money;2026-06-20T13:16:30.000-03:00;;;4489499.09;account_money;
2026-06-20T13:18:30.000-03:00;164214306269;payment;5467.00;0.00;5500.00;0.00;-33.00;available_money;2026-06-20T13:18:30.000-03:00;;;4494966.09;account_money;
2026-06-20T13:19:18.000-03:00;165033448054;payment;6958.00;0.00;7000.00;0.00;-42.00;available_money;2026-06-20T13:19:18.000-03:00;;;4501924.09;account_money;
2026-06-20T13:20:22.000-03:00;165033730766;payment;6958.00;0.00;7000.00;0.00;-42.00;debin_transfer;2026-06-20T13:20:22.000-03:00;;;4508882.09;bank_transfer;
2026-06-20T13:21:44.000-03:00;164214687721;payment;13916.00;0.00;14000.00;0.00;-84.00;available_money;2026-06-20T13:21:44.000-03:00;;;4522798.09;account_money;
2026-06-20T13:22:06.000-03:00;165033843972;payment;3479.00;0.00;3500.00;0.00;-21.00;available_money;2026-06-20T13:22:06.000-03:00;;;4526277.09;account_money;
2026-06-20T13:28:21.000-03:00;164216008559;payment;10934.00;0.00;11000.00;0.00;-66.00;available_money;2026-06-20T13:28:21.000-03:00;;;4537211.09;account_money;
2026-06-20T13:28:56.000-03:00;165035067848;payment;6958.00;0.00;7000.00;0.00;-42.00;available_money;2026-06-20T13:28:56.000-03:00;;;4544169.09;account_money;
2026-06-20T13:29:07.000-03:00;164216146475;payment;6958.00;0.00;7000.00;0.00;-42.00;available_money;2026-06-20T13:29:07.000-03:00;;;4551127.09;account_money;
2026-06-20T13:31:10.000-03:00;165035738428;payment;5467.00;0.00;5500.00;0.00;-33.00;cvu;2026-06-20T13:31:10.000-03:00;;;4556594.09;bank_transfer;
2026-06-20T13:34:31.000-03:00;165036199172;payment;6958.00;0.00;7000.00;0.00;-42.00;cvu;2026-06-20T13:34:31.000-03:00;;;4563552.09;bank_transfer;
2026-06-20T13:35:11.000-03:00;164217036619;payment;6958.00;0.00;7000.00;0.00;-42.00;available_money;2026-06-20T13:35:11.000-03:00;;;4570510.09;account_money;
2026-06-20T13:36:47.000-03:00;165036750138;payment;6958.00;0.00;7000.00;0.00;-42.00;available_money;2026-06-20T13:36:47.000-03:00;;;4577468.09;account_money;
2026-06-20T13:39:00.000-03:00;164217593069;payment;12425.00;0.00;12500.00;0.00;-75.00;available_money;2026-06-20T13:39:00.000-03:00;;;4589893.09;account_money;
2026-06-20T13:39:53.000-03:00;165037075786;payment;6958.00;0.00;7000.00;0.00;-42.00;available_money;2026-06-20T13:39:53.000-03:00;;;4596851.09;account_money;
2026-06-20T13:40:01.000-03:00;165037234546;payment;17892.00;0.00;18000.00;0.00;-108.00;available_money;2026-06-20T13:40:01.000-03:00;;;4614743.09;account_money;
2026-06-20T13:43:40.000-03:00;164218350087;payment;10934.00;0.00;11000.00;0.00;-66.00;available_money;2026-06-20T13:43:40.000-03:00;;;4625677.09;account_money;
2026-06-20T13:49:22.000-03:00;165038545182;payment;13916.00;0.00;14000.00;0.00;-84.00;available_money;2026-06-20T13:49:22.000-03:00;;;4639593.09;account_money;
2026-06-20T13:49:30.000-03:00;164219598397;payment;13916.00;0.00;14000.00;0.00;-84.00;debin_transfer;2026-06-20T13:49:30.000-03:00;;;4653509.09;bank_transfer;
2026-06-20T13:50:34.000-03:00;164219830217;payment;6958.00;0.00;7000.00;0.00;-42.00;available_money;2026-06-20T13:50:34.000-03:00;;;4660467.09;account_money;
2026-06-20T13:54:59.000-03:00;165039860854;payment;10934.00;0.00;11000.00;0.00;-66.00;cvu;2026-06-20T13:54:59.000-03:00;;;4671401.09;bank_transfer;
2026-06-20T13:55:55.000-03:00;165039991528;payment;6958.00;0.00;7000.00;0.00;-42.00;available_money;2026-06-20T13:55:55.000-03:00;;;4678359.09;account_money;
2026-06-20T13:57:06.000-03:00;164220620919;payment;6958.00;0.00;7000.00;0.00;-42.00;available_money;2026-06-20T13:57:06.000-03:00;;;4685317.09;account_money;
2026-06-20T14:00:12.000-03:00;165040874950;payment;6958.00;0.00;7000.00;0.00;-42.00;available_money;2026-06-20T14:00:12.000-03:00;;;4692275.09;account_money;
2026-06-20T14:08:37.000-03:00;165042136872;payment;12425.00;0.00;12500.00;0.00;-75.00;available_money;2026-06-20T14:08:37.000-03:00;;;4704700.09;account_money;
2026-06-20T14:13:00.000-03:00;164222849595;payment;5467.00;0.00;5500.00;0.00;-33.00;available_money;2026-06-20T14:13:00.000-03:00;;;4710167.09;account_money;
2026-06-20T14:13:34.000-03:00;164223286155;payment;5467.00;0.00;5500.00;0.00;-33.00;available_money;2026-06-20T14:13:34.000-03:00;;;4715634.09;account_money;
2026-06-20T14:14:41.000-03:00;165043096294;payment;6958.00;0.00;7000.00;0.00;-42.00;debin_transfer;2026-06-20T14:14:41.000-03:00;;;4722592.09;bank_transfer;
2026-06-20T14:15:53.000-03:00;164223431653;payment;3479.00;0.00;3500.00;0.00;-21.00;visa;2026-06-20T14:15:53.000-03:00;;;4726071.09;credit_card;
2026-06-20T14:20:18.000-03:00;165043577864;payment;5467.00;0.00;5500.00;0.00;-33.00;debin_transfer;2026-06-20T14:20:18.000-03:00;;;4731538.09;bank_transfer;
2026-06-20T14:21:01.000-03:00;164224660489;payment;5467.00;0.00;5500.00;0.00;-33.00;available_money;2026-06-20T14:21:01.000-03:00;;;4737005.09;account_money;
2026-06-20T14:36:58.000-03:00;165046636328;payment;5467.00;0.00;5500.00;0.00;-33.00;available_money;2026-06-20T14:36:58.000-03:00;;;4742472.09;account_money;
2026-06-20T14:41:24.000-03:00;164227369095;payment;1789.20;0.00;1800.00;0.00;-10.80;available_money;2026-06-20T14:41:24.000-03:00;;;4744261.29;account_money;
2026-06-20T15:10:55.000-03:00;165050929838;payment;107352.00;0.00;108000.00;0.00;-648.00;available_money;2026-06-20T15:10:55.000-03:00;;;4851613.29;account_money;
2026-06-20T21:34:46.000-03:00;164293940823;payment;232596.00;0.00;234000.00;0.00;-1404.00;available_money;2026-06-20T21:34:46.000-03:00;;;5084209.29;account_money;
2026-06-21T20:11:31.000-03:00;164402713049;payment;196812.00;0.00;198000.00;0.00;-1188.00;available_money;2026-06-21T20:11:31.000-03:00;;;5281021.29;account_money;
2026-06-22T03:43:45.000-03:00;1745586062344;asset_management;4610.38;0.00;4610.38;0.00;0.00;available_money;2026-06-22T03:43:45.000-03:00;;;5285631.67;;
2026-06-22T09:11:46.000-03:00;165272817914;payment;99400.00;0.00;100000.00;0.00;-600.00;available_money;2026-06-22T09:11:46.000-03:00;;;5385031.67;account_money;
2026-06-22T12:50:37.000-03:00;165307096152;payment;190847.99;0.00;191999.99;0.00;-1152.00;available_money;2026-06-22T12:50:37.000-03:00;;;5575879.66;account_money;
2026-06-23T04:46:14.000-03:00;1745674844845;asset_management;2628.52;0.00;2628.52;0.00;0.00;available_money;2026-06-23T04:46:14.000-03:00;;;5578508.18;;
2026-06-23T16:37:52.000-03:00;165491046856;payment;59640.00;0.00;60000.00;0.00;-360.00;cvu;2026-06-23T16:37:52.000-03:00;;;5638148.18;bank_transfer;
2026-06-23T21:07:37.000-03:00;164708993937;reserve_for_payment;0.00;614327.56;-614327.56;0.00;0.00;available_money;2026-06-23T21:07:37.000-03:00;Mercado Pago;Wallet;5023820.62;account_money;
2026-06-23T21:07:37.000-03:00;164708993937;reserve_for_payment;614327.56;0.00;614327.56;0.00;0.00;available_money;2026-06-23T21:07:37.000-03:00;Mercado Pago;Wallet;5638148.18;account_money;
2026-06-23T21:07:37.000-03:00;164708993937;payment;0.00;614327.56;-610663.58;0.00;-3663.98;available_money;2026-06-23T21:07:37.000-03:00;Mercado Pago;Wallet;5023820.62;account_money;
2026-06-24T05:25:41.000-03:00;1745749933363;asset_management;2667.40;0.00;2667.40;0.00;0.00;available_money;2026-06-24T05:25:41.000-03:00;;;5026488.02;;
2026-06-24T09:25:25.000-03:00;165578136354;reserve_for_payout;0.00;1143362.97;-1143362.97;0.00;0.00;available_money;2026-06-24T09:25:25.000-03:00;;;3883125.05;;
2026-06-24T09:25:26.000-03:00;165578136354;reserve_for_payout;1143362.97;0.00;1143362.97;0.00;0.00;available_money;2026-06-24T09:25:26.000-03:00;;;5026488.02;;
2026-06-24T09:25:26.000-03:00;165578136354;payout;0.00;1143362.97;-1136543.71;0.00;-6819.26;available_money;2026-06-24T09:25:26.000-03:00;;;3883125.05;;
2026-06-24T09:28:52.000-03:00;165578616348;reserve_for_payout;0.00;612646.96;-612646.96;0.00;0.00;available_money;2026-06-24T09:28:52.000-03:00;;;3270478.09;;
2026-06-24T09:28:53.000-03:00;165578616348;reserve_for_payout;612646.96;0.00;612646.96;0.00;0.00;available_money;2026-06-24T09:28:53.000-03:00;;;3883125.05;;
2026-06-24T09:28:53.000-03:00;165578616348;payout;0.00;612646.96;-608993.00;0.00;-3653.96;available_money;2026-06-24T09:28:53.000-03:00;;;3270478.09;;
2026-06-24T19:48:10.000-03:00;164844317719;payment;411516.00;0.00;414000.00;0.00;-2484.00;available_money;2026-06-24T19:48:10.000-03:00;;;3681994.09;account_money;
2026-06-24T20:30:25.000-03:00;165675643944;payment;41748.00;0.00;42000.00;0.00;-252.00;available_money;2026-06-24T20:30:25.000-03:00;;;3723742.09;account_money;
2026-06-24T20:51:31.000-03:00;165678512124;payment;214704.00;0.00;216000.00;0.00;-1296.00;available_money;2026-06-24T20:51:31.000-03:00;;;3938446.09;account_money;
2026-06-25T02:02:59.000-03:00;1745791733915;asset_management;1537.75;0.00;1537.75;0.00;0.00;available_money;2026-06-25T02:02:59.000-03:00;;;3939983.84;;
2026-06-25T11:33:07.000-03:00;164917495999;payment;25844.00;0.00;26000.00;0.00;-156.00;available_money;2026-06-25T11:33:07.000-03:00;;;3965827.84;account_money;
2026-06-26T03:20:57.000-03:00;1745868590522;asset_management;1897.85;0.00;1897.85;0.00;0.00;available_money;2026-06-26T03:20:57.000-03:00;;;3967725.69;;
2026-06-26T09:47:33.000-03:00;165053715697;reserve_for_payment;0.00;100600.00;-100600.00;0.00;0.00;available_money;2026-06-26T09:47:33.000-03:00;;;3867125.69;account_money;
2026-06-26T09:47:33.000-03:00;165053715697;reserve_for_payment;100600.00;0.00;100600.00;0.00;0.00;available_money;2026-06-26T09:47:33.000-03:00;;;3967725.69;account_money;
2026-06-26T09:47:33.000-03:00;165053715697;payment;0.00;100600.00;-100000.00;0.00;-600.00;available_money;2026-06-26T09:47:33.000-03:00;;;3867125.69;account_money;
2026-06-26T23:47:19.000-03:00;166010593716;payment;198800.00;0.00;200000.00;0.00;-1200.00;available_money;2026-06-26T23:47:19.000-03:00;;;4065925.69;account_money;
2026-06-27T08:09:00.000-03:00;165199283883;payment;125244.00;0.00;126000.00;0.00;-756.00;available_money;2026-06-27T08:09:00.000-03:00;;;4191169.69;account_money;
2026-06-27T08:09:23.000-03:00;165199288005;payment;6958.00;0.00;7000.00;0.00;-42.00;cvu;2026-06-27T08:09:23.000-03:00;;;4198127.69;bank_transfer;
2026-06-27T08:23:14.000-03:00;165200184607;payment;20874.00;0.00;21000.00;0.00;-126.00;available_money;2026-06-27T08:23:14.000-03:00;;;4219001.69;account_money;
2026-06-27T08:55:07.000-03:00;165202039449;payment;5467.00;0.00;5500.00;0.00;-33.00;available_money;2026-06-27T08:55:07.000-03:00;;;4224468.69;account_money;
2026-06-27T08:56:15.000-03:00;165202015977;payment;13916.00;0.00;14000.00;0.00;-84.00;available_money;2026-06-27T08:56:15.000-03:00;;;4238384.69;account_money;
2026-06-27T08:56:18.000-03:00;165202198867;payment;13916.00;0.00;14000.00;0.00;-84.00;available_money;2026-06-27T08:56:18.000-03:00;;;4252300.69;account_money;
2026-06-27T09:13:23.000-03:00;165203407505;payment;6958.00;0.00;7000.00;0.00;-42.00;cvu;2026-06-27T09:13:23.000-03:00;;;4259258.69;bank_transfer;
2026-06-27T09:14:53.000-03:00;166032184016;payment;13916.00;0.00;14000.00;0.00;-84.00;available_money;2026-06-27T09:14:53.000-03:00;;;4273174.69;account_money;
2026-06-27T09:20:26.000-03:00;165204240153;payment;6958.00;0.00;7000.00;0.00;-42.00;available_money;2026-06-27T09:20:26.000-03:00;;;4280132.69;account_money;
2026-06-27T09:21:32.000-03:00;165204147593;payment;13916.00;0.00;14000.00;0.00;-84.00;available_money;2026-06-27T09:21:32.000-03:00;;;4294048.69;account_money;
2026-06-27T09:25:01.000-03:00;165204435449;payment;5467.00;0.00;5500.00;0.00;-33.00;cvu;2026-06-27T09:25:01.000-03:00;;;4299515.69;bank_transfer;
2026-06-27T09:29:23.000-03:00;165204970581;payment;13916.00;0.00;14000.00;0.00;-84.00;available_money;2026-06-27T09:29:23.000-03:00;;;4313431.69;account_money;
2026-06-27T09:34:43.000-03:00;165205438189;payment;6958.00;0.00;7000.00;0.00;-42.00;available_money;2026-06-27T09:34:43.000-03:00;;;4320389.69;account_money;
2026-06-27T09:41:40.000-03:00;166034689766;payment;6958.00;0.00;7000.00;0.00;-42.00;available_money;2026-06-27T09:41:40.000-03:00;;;4327347.69;account_money;
2026-06-27T09:41:44.000-03:00;165206038799;payment;6958.00;0.00;7000.00;0.00;-42.00;available_money;2026-06-27T09:41:44.000-03:00;;;4334305.69;account_money;
2026-06-27T09:45:08.000-03:00;165206341323;payment;6958.00;0.00;7000.00;0.00;-42.00;available_money;2026-06-27T09:45:08.000-03:00;;;4341263.69;account_money;
2026-06-27T09:45:27.000-03:00;166035119122;payment;20874.00;0.00;21000.00;0.00;-126.00;available_money;2026-06-27T09:45:27.000-03:00;;;4362137.69;account_money;
2026-06-27T09:53:13.000-03:00;165207075717;payment;13916.00;0.00;14000.00;0.00;-84.00;cvu;2026-06-27T09:53:13.000-03:00;;;4376053.69;bank_transfer;
2026-06-27T09:54:01.000-03:00;166035959568;payment;20874.00;0.00;21000.00;0.00;-126.00;available_money;2026-06-27T09:54:01.000-03:00;;;4396927.69;account_money;
2026-06-27T09:55:02.000-03:00;166036149252;payment;20874.00;0.00;21000.00;0.00;-126.00;available_money;2026-06-27T09:55:02.000-03:00;;;4417801.69;account_money;
2026-06-27T10:01:16.000-03:00;165207902857;payment;6958.00;0.00;7000.00;0.00;-42.00;available_money;2026-06-27T10:01:16.000-03:00;;;4424759.69;account_money;
2026-06-27T10:02:24.000-03:00;166037028260;payment;13916.00;0.00;14000.00;0.00;-84.00;available_money;2026-06-27T10:02:24.000-03:00;;;4438675.69;account_money;
2026-06-27T10:04:16.000-03:00;165208268993;payment;6958.00;0.00;7000.00;0.00;-42.00;available_money;2026-06-27T10:04:16.000-03:00;;;4445633.69;account_money;
2026-06-27T10:04:53.000-03:00;166037240788;payment;6461.00;0.00;6500.00;0.00;-39.00;cvu;2026-06-27T10:04:53.000-03:00;;;4452094.69;bank_transfer;
2026-06-27T10:06:04.000-03:00;165208409649;payment;5467.00;0.00;5500.00;0.00;-33.00;available_money;2026-06-27T10:06:04.000-03:00;;;4457561.69;account_money;
2026-06-27T10:10:04.000-03:00;165209040677;payment;6958.00;0.00;7000.00;0.00;-42.00;available_money;2026-06-27T10:10:04.000-03:00;;;4464519.69;account_money;
2026-06-27T10:10:36.000-03:00;165208973549;payment;5467.00;0.00;5500.00;0.00;-33.00;available_money;2026-06-27T10:10:36.000-03:00;;;4469986.69;account_money;
2026-06-27T10:15:07.000-03:00;166038221344;payment;13916.00;0.00;14000.00;0.00;-84.00;debin_transfer;2026-06-27T10:15:07.000-03:00;;;4483902.69;bank_transfer;
2026-06-27T10:15:15.000-03:00;165209592799;payment;13916.00;0.00;14000.00;0.00;-84.00;cvu;2026-06-27T10:15:15.000-03:00;;;4497818.69;bank_transfer;
2026-06-27T10:16:34.000-03:00;166038427582;payment;5467.00;0.00;5500.00;0.00;-33.00;naranja;2026-06-27T10:16:34.000-03:00;;;4503285.69;credit_card;
2026-06-27T10:19:01.000-03:00;166038699912;payment;5467.00;0.00;5500.00;0.00;-33.00;available_money;2026-06-27T10:19:01.000-03:00;;;4508752.69;account_money;
2026-06-27T10:22:35.000-03:00;166039163958;payment;5467.00;0.00;5500.00;0.00;-33.00;available_money;2026-06-27T10:22:35.000-03:00;;;4514219.69;account_money;
2026-06-27T10:22:46.000-03:00;166039182002;payment;6958.00;0.00;7000.00;0.00;-42.00;available_money;2026-06-27T10:22:46.000-03:00;;;4521177.69;account_money;
2026-06-27T10:23:38.000-03:00;166039590328;payment;13916.00;0.00;14000.00;0.00;-84.00;available_money;2026-06-27T10:23:38.000-03:00;;;4535093.69;account_money;
2026-06-27T10:26:48.000-03:00;165210797647;payment;6958.00;0.00;7000.00;0.00;-42.00;debin_transfer;2026-06-27T10:26:48.000-03:00;;;4542051.69;bank_transfer;
2026-06-27T10:29:28.000-03:00;166040135534;payment;6958.00;0.00;7000.00;0.00;-42.00;available_money;2026-06-27T10:29:28.000-03:00;;;4549009.69;account_money;
2026-06-27T10:29:35.000-03:00;165211358911;payment;6958.00;0.00;7000.00;0.00;-42.00;available_money;2026-06-27T10:29:35.000-03:00;;;4555967.69;account_money;
2026-06-27T10:32:06.000-03:00;165211509975;payment;6958.00;0.00;7000.00;0.00;-42.00;available_money;2026-06-27T10:32:06.000-03:00;;;4562925.69;account_money;
2026-06-27T10:33:30.000-03:00;166040593622;payment;6958.00;0.00;7000.00;0.00;-42.00;available_money;2026-06-27T10:33:30.000-03:00;;;4569883.69;account_money;
2026-06-27T10:33:36.000-03:00;166040629430;payment;6958.00;0.00;7000.00;0.00;-42.00;available_money;2026-06-27T10:33:36.000-03:00;;;4576841.69;account_money;
2026-06-27T10:34:40.000-03:00;165211949749;payment;35784.00;0.00;36000.00;0.00;-216.00;available_money;2026-06-27T10:34:40.000-03:00;;;4612625.69;account_money;
2026-06-27T10:36:27.000-03:00;165212213627;payment;6958.00;0.00;7000.00;0.00;-42.00;available_money;2026-06-27T10:36:27.000-03:00;;;4619583.69;account_money;
2026-06-27T10:40:50.000-03:00;165212749867;payment;6958.00;0.00;7000.00;0.00;-42.00;available_money;2026-06-27T10:40:50.000-03:00;;;4626541.69;account_money;
2026-06-27T10:45:11.000-03:00;165213440663;payment;6958.00;0.00;7000.00;0.00;-42.00;available_money;2026-06-27T10:45:11.000-03:00;;;4633499.69;account_money;
2026-06-27T10:45:20.000-03:00;166042442804;payment;6958.00;0.00;7000.00;0.00;-42.00;available_money;2026-06-27T10:45:20.000-03:00;;;4640457.69;account_money;
2026-06-27T10:54:27.000-03:00;166043555436;payment;6958.00;0.00;7000.00;0.00;-42.00;available_money;2026-06-27T10:54:27.000-03:00;;;4647415.69;account_money;
2026-06-27T10:54:41.000-03:00;165214777701;payment;6958.00;0.00;7000.00;0.00;-42.00;available_money;2026-06-27T10:54:41.000-03:00;;;4654373.69;account_money;
2026-06-27T11:03:28.000-03:00;165216086711;payment;13916.00;0.00;14000.00;0.00;-84.00;cvu;2026-06-27T11:03:28.000-03:00;;;4668289.69;bank_transfer;
2026-06-27T11:04:52.000-03:00;165216175387;payment;6958.00;0.00;7000.00;0.00;-42.00;available_money;2026-06-27T11:04:52.000-03:00;;;4675247.69;account_money;
2026-06-27T11:05:03.000-03:00;166045299390;payment;6958.00;0.00;7000.00;0.00;-42.00;available_money;2026-06-27T11:05:03.000-03:00;;;4682205.69;account_money;
2026-06-27T11:05:55.000-03:00;165216247995;payment;10934.00;0.00;11000.00;0.00;-66.00;available_money;2026-06-27T11:05:55.000-03:00;;;4693139.69;account_money;
2026-06-27T11:06:17.000-03:00;166045541126;payment;13916.00;0.00;14000.00;0.00;-84.00;available_money;2026-06-27T11:06:17.000-03:00;;;4707055.69;account_money;
2026-06-27T11:08:16.000-03:00;166045807156;payment;17892.00;0.00;18000.00;0.00;-108.00;cvu;2026-06-27T11:08:16.000-03:00;;;4724947.69;bank_transfer;
2026-06-27T11:08:34.000-03:00;166045984244;payment;6958.00;0.00;7000.00;0.00;-42.00;available_money;2026-06-27T11:08:34.000-03:00;;;4731905.69;account_money;
2026-06-27T11:21:47.000-03:00;166047941284;payment;16401.00;0.00;16500.00;0.00;-99.00;available_money;2026-06-27T11:21:47.000-03:00;;;4748306.69;account_money;
2026-06-27T11:27:56.000-03:00;165219771979;payment;6958.00;0.00;7000.00;0.00;-42.00;cvu;2026-06-27T11:27:56.000-03:00;;;4755264.69;bank_transfer;
2026-06-27T11:31:07.000-03:00;166049357610;payment;12425.00;0.00;12500.00;0.00;-75.00;debin_transfer;2026-06-27T11:31:07.000-03:00;;;4767689.69;bank_transfer;
2026-06-27T11:33:43.000-03:00;165221066651;payment;6958.00;0.00;7000.00;0.00;-42.00;available_money;2026-06-27T11:33:43.000-03:00;;;4774647.69;account_money;
2026-06-27T11:33:48.000-03:00;165220878089;payment;20874.00;0.00;21000.00;0.00;-126.00;available_money;2026-06-27T11:33:48.000-03:00;;;4795521.69;account_money;
2026-06-27T11:35:42.000-03:00;166050142910;payment;6958.00;0.00;7000.00;0.00;-42.00;cvu;2026-06-27T11:35:42.000-03:00;;;4802479.69;bank_transfer;
2026-06-27T11:36:09.000-03:00;165221409227;payment;13916.00;0.00;14000.00;0.00;-84.00;available_money;2026-06-27T11:36:09.000-03:00;;;4816395.69;account_money;
2026-06-27T11:36:45.000-03:00;165221411865;payment;6958.00;0.00;7000.00;0.00;-42.00;cvu;2026-06-27T11:36:45.000-03:00;;;4823353.69;bank_transfer;
2026-06-27T11:40:14.000-03:00;166051104632;payment;6958.00;0.00;7000.00;0.00;-42.00;available_money;2026-06-27T11:40:14.000-03:00;;;4830311.69;account_money;
2026-06-27T11:42:55.000-03:00;165222441161;payment;6958.00;0.00;7000.00;0.00;-42.00;visa;2026-06-27T11:42:55.000-03:00;;;4837269.69;credit_card;
2026-06-27T11:43:24.000-03:00;165222548997;payment;6958.00;0.00;7000.00;0.00;-42.00;available_money;2026-06-27T11:43:24.000-03:00;;;4844227.69;account_money;
2026-06-27T11:47:29.000-03:00;166052277888;payment;6958.00;0.00;7000.00;0.00;-42.00;available_money;2026-06-27T11:47:29.000-03:00;;;4851185.69;account_money;
2026-06-27T11:52:51.000-03:00;165224151839;payment;5467.00;0.00;5500.00;0.00;-33.00;available_money;2026-06-27T11:52:51.000-03:00;;;4856652.69;account_money;
2026-06-27T11:53:09.000-03:00;166053276824;payment;6958.00;0.00;7000.00;0.00;-42.00;available_money;2026-06-27T11:53:09.000-03:00;;;4863610.69;account_money;
2026-06-27T11:53:11.000-03:00;165224311529;payment;6958.00;0.00;7000.00;0.00;-42.00;cvu;2026-06-27T11:53:11.000-03:00;;;4870568.69;bank_transfer;
2026-06-27T11:53:15.000-03:00;166053380202;payment;5467.00;0.00;5500.00;0.00;-33.00;cvu;2026-06-27T11:53:15.000-03:00;;;4876035.69;bank_transfer;
2026-06-27T11:57:44.000-03:00;165225113737;payment;10934.00;0.00;11000.00;0.00;-66.00;available_money;2026-06-27T11:57:44.000-03:00;;;4886969.69;account_money;
2026-06-27T11:59:34.000-03:00;165225459265;payment;10934.00;0.00;11000.00;0.00;-66.00;available_money;2026-06-27T11:59:34.000-03:00;;;4897903.69;account_money;
2026-06-27T12:02:40.000-03:00;166054911888;payment;10934.00;0.00;11000.00;0.00;-66.00;available_money;2026-06-27T12:02:40.000-03:00;;;4908837.69;account_money;
2026-06-27T12:06:42.000-03:00;166055944468;payment;6958.00;0.00;7000.00;0.00;-42.00;available_money;2026-06-27T12:06:42.000-03:00;;;4915795.69;account_money;
2026-06-27T12:07:05.000-03:00;166055819734;payment;6958.00;0.00;7000.00;0.00;-42.00;available_money;2026-06-27T12:07:05.000-03:00;;;4922753.69;account_money;
2026-06-27T12:08:07.000-03:00;165226976937;payment;13916.00;0.00;14000.00;0.00;-84.00;cvu;2026-06-27T12:08:07.000-03:00;;;4936669.69;bank_transfer;
2026-06-27T12:10:09.000-03:00;165227247937;payment;13916.00;0.00;14000.00;0.00;-84.00;available_money;2026-06-27T12:10:09.000-03:00;;;4950585.69;account_money;
2026-06-27T12:10:22.000-03:00;166056407296;payment;5467.00;0.00;5500.00;0.00;-33.00;available_money;2026-06-27T12:10:22.000-03:00;;;4956052.69;account_money;
2026-06-27T12:11:22.000-03:00;166056698288;payment;13916.00;0.00;14000.00;0.00;-84.00;available_money;2026-06-27T12:11:22.000-03:00;;;4969968.69;account_money;
2026-06-27T12:13:36.000-03:00;166056953272;payment;6958.00;0.00;7000.00;0.00;-42.00;available_money;2026-06-27T12:13:36.000-03:00;;;4976926.69;account_money;
2026-06-27T12:16:19.000-03:00;166057375482;payment;6958.00;0.00;7000.00;0.00;-42.00;cvu;2026-06-27T12:16:19.000-03:00;;;4983884.69;bank_transfer;
2026-06-27T12:16:26.000-03:00;165228740425;payment;6461.00;0.00;6500.00;0.00;-39.00;available_money;2026-06-27T12:16:26.000-03:00;;;4990345.69;account_money;
2026-06-27T12:16:56.000-03:00;165228659597;payment;6958.00;0.00;7000.00;0.00;-42.00;available_money;2026-06-27T12:16:56.000-03:00;;;4997303.69;account_money;
2026-06-27T12:17:43.000-03:00;166057747204;payment;6958.00;0.00;7000.00;0.00;-42.00;cvu;2026-06-27T12:17:43.000-03:00;;;5004261.69;bank_transfer;
2026-06-27T12:17:56.000-03:00;165228877299;payment;8946.00;0.00;9000.00;0.00;-54.00;available_money;2026-06-27T12:17:56.000-03:00;;;5013207.69;account_money;
2026-06-27T12:19:51.000-03:00;166058113508;payment;5467.00;0.00;5500.00;0.00;-33.00;available_money;2026-06-27T12:19:51.000-03:00;;;5018674.69;account_money;
2026-06-27T12:21:40.000-03:00;166058588870;payment;6958.00;0.00;7000.00;0.00;-42.00;cvu;2026-06-27T12:21:40.000-03:00;;;5025632.69;bank_transfer;
2026-06-27T12:24:44.000-03:00;166059075796;payment;13916.00;0.00;14000.00;0.00;-84.00;cvu;2026-06-27T12:24:44.000-03:00;;;5039548.69;bank_transfer;
2026-06-27T12:26:11.000-03:00;165230316917;payment;13916.00;0.00;14000.00;0.00;-84.00;available_money;2026-06-27T12:26:11.000-03:00;;;5053464.69;account_money;
2026-06-27T12:28:13.000-03:00;165230842307;payment;6958.00;0.00;7000.00;0.00;-42.00;available_money;2026-06-27T12:28:13.000-03:00;;;5060422.69;account_money;
2026-06-27T12:28:53.000-03:00;165230815491;payment;3479.00;0.00;3500.00;0.00;-21.00;available_money;2026-06-27T12:28:53.000-03:00;;;5063901.69;account_money;
2026-06-27T12:33:04.000-03:00;165231728865;payment;5467.00;0.00;5500.00;0.00;-33.00;available_money;2026-06-27T12:33:04.000-03:00;;;5069368.69;account_money;
2026-06-27T12:33:21.000-03:00;166060657368;payment;1789.20;0.00;1800.00;0.00;-10.80;cvu;2026-06-27T12:33:21.000-03:00;;;5071157.89;bank_transfer;
2026-06-27T12:35:38.000-03:00;166061007628;payment;3479.00;0.00;3500.00;0.00;-21.00;available_money;2026-06-27T12:35:38.000-03:00;;;5074636.89;account_money;
2026-06-27T12:38:10.000-03:00;166061720444;payment;6958.00;0.00;7000.00;0.00;-42.00;available_money;2026-06-27T12:38:10.000-03:00;;;5081594.89;account_money;
2026-06-27T12:39:39.000-03:00;166062040340;payment;6958.00;0.00;7000.00;0.00;-42.00;available_money;2026-06-27T12:39:39.000-03:00;;;5088552.89;account_money;
2026-06-27T12:39:59.000-03:00;165233070605;payment;6958.00;0.00;7000.00;0.00;-42.00;available_money;2026-06-27T12:39:59.000-03:00;;;5095510.89;account_money;
2026-06-27T12:41:17.000-03:00;166062119836;payment;6958.00;0.00;7000.00;0.00;-42.00;available_money;2026-06-27T12:41:17.000-03:00;;;5102468.89;account_money;
2026-06-27T12:41:58.000-03:00;166062424838;payment;13916.00;0.00;14000.00;0.00;-84.00;available_money;2026-06-27T12:41:58.000-03:00;;;5116384.89;account_money;
2026-06-27T12:42:02.000-03:00;165233355001;payment;6958.00;0.00;7000.00;0.00;-42.00;available_money;2026-06-27T12:42:02.000-03:00;;;5123342.89;account_money;
2026-06-27T12:43:32.000-03:00;166062699186;payment;5467.00;0.00;5500.00;0.00;-33.00;available_money;2026-06-27T12:43:32.000-03:00;;;5128809.89;account_money;
2026-06-27T12:44:25.000-03:00;166062795672;payment;6958.00;0.00;7000.00;0.00;-42.00;available_money;2026-06-27T12:44:25.000-03:00;;;5135767.89;account_money;
2026-06-27T12:45:08.000-03:00;165233984257;payment;13916.00;0.00;14000.00;0.00;-84.00;available_money;2026-06-27T12:45:08.000-03:00;;;5149683.89;account_money;
2026-06-27T12:48:36.000-03:00;165234441793;payment;6958.00;0.00;7000.00;0.00;-42.00;available_money;2026-06-27T12:48:36.000-03:00;;;5156641.89;account_money;
2026-06-27T12:49:44.000-03:00;165234757231;payment;12425.00;0.00;12500.00;0.00;-75.00;cvu;2026-06-27T12:49:44.000-03:00;;;5169066.89;bank_transfer;
2026-06-27T12:50:10.000-03:00;165234964471;payment;6958.00;0.00;7000.00;0.00;-42.00;available_money;2026-06-27T12:50:10.000-03:00;;;5176024.89;account_money;
2026-06-27T12:52:14.000-03:00;166064290842;payment;16401.00;0.00;16500.00;0.00;-99.00;available_money;2026-06-27T12:52:14.000-03:00;;;5192425.89;account_money;
2026-06-27T12:53:39.000-03:00;166064528758;payment;6958.00;0.00;7000.00;0.00;-42.00;available_money;2026-06-27T12:53:39.000-03:00;;;5199383.89;account_money;
2026-06-27T12:55:30.000-03:00;165235927241;payment;6958.00;0.00;7000.00;0.00;-42.00;cvu;2026-06-27T12:55:30.000-03:00;;;5206341.89;bank_transfer;
2026-06-27T12:55:38.000-03:00;165235913431;payment;13916.00;0.00;14000.00;0.00;-84.00;cvu;2026-06-27T12:55:38.000-03:00;;;5220257.89;bank_transfer;
2026-06-27T12:57:17.000-03:00;166065214686;payment;12425.00;0.00;12500.00;0.00;-75.00;cvu;2026-06-27T12:57:17.000-03:00;;;5232682.89;bank_transfer;
2026-06-27T13:01:32.000-03:00;165237074395;payment;5467.00;0.00;5500.00;0.00;-33.00;cvu;2026-06-27T13:01:32.000-03:00;;;5238149.89;bank_transfer;
2026-06-27T13:05:49.000-03:00;166066729902;payment;5467.00;0.00;5500.00;0.00;-33.00;available_money;2026-06-27T13:05:49.000-03:00;;;5243616.89;account_money;
2026-06-27T13:10:59.000-03:00;165238806133;payment;10934.00;0.00;11000.00;0.00;-66.00;available_money;2026-06-27T13:10:59.000-03:00;;;5254550.89;account_money;
2026-06-27T13:14:16.000-03:00;165239324987;payment;5467.00;0.00;5500.00;0.00;-33.00;available_money;2026-06-27T13:14:16.000-03:00;;;5260017.89;account_money;
2026-06-27T13:23:38.000-03:00;165240780061;payment;10934.00;0.00;11000.00;0.00;-66.00;available_money;2026-06-27T13:23:38.000-03:00;;;5270951.89;account_money;
2026-06-27T13:24:43.000-03:00;165241128617;payment;5467.00;0.00;5500.00;0.00;-33.00;available_money;2026-06-27T13:24:43.000-03:00;;;5276418.89;account_money;
2026-06-27T13:24:44.000-03:00;165241035429;payment;10934.00;0.00;11000.00;0.00;-66.00;available_money;2026-06-27T13:24:44.000-03:00;;;5287352.89;account_money;
2026-06-27T13:25:58.000-03:00;165241215485;payment;5467.00;0.00;5500.00;0.00;-33.00;available_money;2026-06-27T13:25:58.000-03:00;;;5292819.89;account_money;
2026-06-27T13:26:01.000-03:00;166070564170;payment;5467.00;0.00;5500.00;0.00;-33.00;available_money;2026-06-27T13:26:01.000-03:00;;;5298286.89;account_money;
2026-06-27T13:26:45.000-03:00;166070616760;payment;5467.00;0.00;5500.00;0.00;-33.00;available_money;2026-06-27T13:26:45.000-03:00;;;5303753.89;account_money;
2026-06-27T13:33:28.000-03:00;166071710802;payment;10934.00;0.00;11000.00;0.00;-66.00;available_money;2026-06-27T13:33:28.000-03:00;;;5314687.89;account_money;
2026-06-27T13:34:28.000-03:00;165242898225;payment;29820.00;0.00;30000.00;0.00;-180.00;available_money;2026-06-27T13:34:28.000-03:00;;;5344507.89;account_money;
2026-06-27T13:34:43.000-03:00;166071725976;payment;5467.00;0.00;5500.00;0.00;-33.00;debin_transfer;2026-06-27T13:34:43.000-03:00;;;5349974.89;bank_transfer;
2026-06-27T13:34:43.000-03:00;166071857034;payment;10934.00;0.00;11000.00;0.00;-66.00;available_money;2026-06-27T13:34:43.000-03:00;;;5360908.89;account_money;
2026-06-27T13:40:39.000-03:00;166072783132;payment;5467.00;0.00;5500.00;0.00;-33.00;available_money;2026-06-27T13:40:39.000-03:00;;;5366375.89;account_money;
2026-06-27T13:47:19.000-03:00;166073993058;payment;125244.00;0.00;126000.00;0.00;-756.00;available_money;2026-06-27T13:47:19.000-03:00;;;5491619.89;account_money;
2026-06-27T13:53:28.000-03:00;165245938725;payment;313110.00;0.00;315000.00;0.00;-1890.00;cvu;2026-06-27T13:53:28.000-03:00;;;5804729.89;bank_transfer;
2026-06-27T15:08:47.000-03:00;165256783897;payment;397600.00;0.00;400000.00;0.00;-2400.00;available_money;2026-06-27T15:08:47.000-03:00;;;6202329.89;account_money;
2026-06-27T16:30:16.000-03:00;165268251305;payment;53676.00;0.00;54000.00;0.00;-324.00;available_money;2026-06-27T16:30:16.000-03:00;;;6256005.89;account_money;
2026-06-27T22:24:28.000-03:00;165323601915;payment;6958.00;0.00;7000.00;0.00;-42.00;cvu;2026-06-27T22:24:28.000-03:00;;;6262963.89;bank_transfer;
2026-06-28T04:49:05.000-03:00;165344037769;payment;35784.00;0.00;36000.00;0.00;-216.00;cvu;2026-06-28T04:49:05.000-03:00;;;6298747.89;bank_transfer;
2026-06-29T04:28:23.000-03:00;1745947864237;asset_management;5857.46;0.00;5857.46;0.00;0.00;available_money;2026-06-29T04:28:23.000-03:00;;;6304605.35;;
2026-06-29T10:37:38.000-03:00;165479797703;reserve_for_payout;0.00;1200000.00;-1200000.00;0.00;0.00;available_money;2026-06-29T10:37:38.000-03:00;;;5104605.35;;
2026-06-29T10:37:40.000-03:00;165479797703;reserve_for_payout;1200000.00;0.00;1200000.00;0.00;0.00;available_money;2026-06-29T10:37:40.000-03:00;;;6304605.35;;
2026-06-29T10:37:40.000-03:00;165479797703;payout;0.00;1200000.00;-1200000.00;0.00;0.00;available_money;2026-06-29T10:37:40.000-03:00;;;5104605.35;;
2026-06-30T03:19:38.000-03:00;1746015258666;asset_management;2561.64;0.00;2561.64;0.00;0.00;available_money;2026-06-30T03:19:38.000-03:00;;;5107166.99;;
2026-06-30T10:50:33.000-03:00;166468297978;reserve_for_payout;0.00;503000.00;-503000.00;0.00;0.00;available_money;2026-06-30T10:50:33.000-03:00;;;4604166.99;;
2026-06-30T10:50:35.000-03:00;166468297978;reserve_for_payout;503000.00;0.00;503000.00;0.00;0.00;available_money;2026-06-30T10:50:35.000-03:00;;;5107166.99;;
2026-06-30T10:50:35.000-03:00;166468297978;payout;0.00;503000.00;-500000.00;0.00;-3000.00;available_money;2026-06-30T10:50:35.000-03:00;;;4604166.99;;
2026-06-30T10:54:08.000-03:00;165632187673;reserve_for_payout;0.00;105630.00;-105630.00;0.00;0.00;available_money;2026-06-30T10:54:08.000-03:00;;;4498536.99;;
2026-06-30T10:54:10.000-03:00;165632187673;reserve_for_payout;105630.00;0.00;105630.00;0.00;0.00;available_money;2026-06-30T10:54:10.000-03:00;;;4604166.99;;
2026-06-30T10:54:10.000-03:00;165632187673;payout;0.00;105630.00;-105000.00;0.00;-630.00;available_money;2026-06-30T10:54:10.000-03:00;;;4498536.99;;
2026-06-30T12:43:36.000-03:00;166488069754;reserve_for_payout;0.00;24113.82;-24113.82;0.00;0.00;available_money;2026-06-30T12:43:36.000-03:00;;;4474423.17;;
2026-06-30T12:43:39.000-03:00;166488069754;reserve_for_payout;24113.82;0.00;24113.82;0.00;0.00;available_money;2026-06-30T12:43:39.000-03:00;;;4498536.99;;
2026-06-30T12:43:39.000-03:00;166488069754;payout;0.00;24113.82;-23970.00;0.00;-143.82;available_money;2026-06-30T12:43:39.000-03:00;;;4474423.17;;
2026-06-30T12:57:04.000-03:00;166491822506;reserve_for_payout;0.00;126514.56;-126514.56;0.00;0.00;available_money;2026-06-30T12:57:04.000-03:00;;;4347908.61;;
2026-06-30T12:57:05.000-03:00;166491822506;reserve_for_payout;126514.56;0.00;126514.56;0.00;0.00;available_money;2026-06-30T12:57:05.000-03:00;;;4474423.17;;
2026-06-30T12:57:05.000-03:00;166491822506;payout;0.00;126514.56;-125760.00;0.00;-754.56;available_money;2026-06-30T12:57:05.000-03:00;;;4347908.61;;
2026-06-30T12:57:58.000-03:00;165655444365;payment;7455.00;0.00;7500.00;0.00;-45.00;debin_transfer;2026-06-30T12:57:58.000-03:00;;;4355363.61;bank_transfer;
2026-06-30T13:39:43.000-03:00;165662830125;reserve_for_payment;0.00;45226.74;-45226.74;0.00;0.00;available_money;2026-06-30T13:39:43.000-03:00;Mercado Pago;QR;4310136.87;account_money;
2026-06-30T13:39:43.000-03:00;165662830125;reserve_for_payment;45226.74;0.00;45226.74;0.00;0.00;available_money;2026-06-30T13:39:43.000-03:00;Mercado Pago;QR;4355363.61;account_money;
2026-06-30T13:39:43.000-03:00;165662830125;payment;0.00;45226.74;-44957.00;0.00;-269.74;available_money;2026-06-30T13:39:43.000-03:00;Mercado Pago;QR;4310136.87;account_money;
2026-06-30T13:54:50.000-03:00;165665392637;payment;7455.00;0.00;7500.00;0.00;-45.00;debin_transfer;2026-06-30T13:54:50.000-03:00;;;4317591.87;bank_transfer;
2026-06-30T20:01:09.000-03:00;166563795532;payment;387660.00;0.00;390000.00;0.00;-2340.00;available_money;2026-06-30T20:01:09.000-03:00;;;4705251.87;account_money;
2026-06-30T20:39:50.000-03:00;165732871549;payment;248500.00;0.00;250000.00;0.00;-1500.00;available_money;2026-06-30T20:39:50.000-03:00;;;4953751.87;account_money;
